{
   "knight_1" : {
      "knightData" : {
         "knightSalary" : [
            {
               "bindedGold" : 150
            }
         ],
         "upgradeSrcConsume" : [
            {
               "merit" : 100
            }
         ]
      },
      "property" : {
         "MDodgePer" : 0,
         "MImmunityPer" : 0,
         "PDodgePer" : 0,
         "PImmunityPer" : 0,
         "atkSpeedPer" : 0,
         "crit" : 0,
         "critInjure" : 0,
         "dodge" : 0,
         "fortune" : 0,
         "hit" : 0,
         "iconId" : "knight_1",
         "ignoreMDef" : 0,
         "ignorePDef" : 0,
         "knight" : 1,
         "knightNextRefId" : "knight_2",
         "knightPreRefId" : "",
         "maxHP" : 0,
         "maxMAtk" : 90,
         "maxMDef" : 0,
         "maxMP" : 0,
         "maxPAtk" : 90,
         "maxPDef" : 0,
         "maxTao" : 90,
         "minMAtk" : 60,
         "minMDef" : 0,
         "minPAtk" : 60,
         "minPDef" : 0,
         "minTao" : 60,
         "modelId" : 0,
         "moveSpeedPer" : 0,
         "name" : "平民",
         "perHP" : 0,
         "perMP" : 0,
         "roleGrade" : 30
      },
      "refId" : "knight_1"
   },
   "knight_10" : {
      "knightData" : {
         "knightSalary" : [
            {
               "bindedGold" : 600
            }
         ],
         "upgradeSrcConsume" : [
            {
               "merit" : 60000
            }
         ]
      },
      "property" : {
         "MDodgePer" : 0,
         "MImmunityPer" : 0,
         "PDodgePer" : 0,
         "PImmunityPer" : 0,
         "atkSpeedPer" : 0,
         "crit" : 0,
         "critInjure" : 0,
         "dodge" : 0,
         "fortune" : 0,
         "hit" : 0,
         "iconId" : "knight_10",
         "ignoreMDef" : 0,
         "ignorePDef" : 0,
         "knight" : 10,
         "knightNextRefId" : "knight_11",
         "knightPreRefId" : "knight_9",
         "maxHP" : 0,
         "maxMAtk" : 900,
         "maxMDef" : 0,
         "maxMP" : 0,
         "maxPAtk" : 900,
         "maxPDef" : 0,
         "maxTao" : 900,
         "minMAtk" : 360,
         "minMDef" : 0,
         "minPAtk" : 360,
         "minPDef" : 0,
         "minTao" : 360,
         "modelId" : 0,
         "moveSpeedPer" : 0,
         "name" : "三等郡王",
         "perHP" : 0,
         "perMP" : 0,
         "roleGrade" : 91
      },
      "refId" : "knight_10"
   },
   "knight_11" : {
      "knightData" : {
         "knightSalary" : [
            {
               "bindedGold" : 700
            }
         ],
         "upgradeSrcConsume" : [
            {
               "merit" : 80000
            }
         ]
      },
      "property" : {
         "MDodgePer" : 0,
         "MImmunityPer" : 0,
         "PDodgePer" : 0,
         "PImmunityPer" : 0,
         "atkSpeedPer" : 0,
         "crit" : 0,
         "critInjure" : 0,
         "dodge" : 0,
         "fortune" : 0,
         "hit" : 0,
         "iconId" : "knight_10",
         "ignoreMDef" : 0,
         "ignorePDef" : 0,
         "knight" : 11,
         "knightNextRefId" : "knight_12",
         "knightPreRefId" : "knight_10",
         "maxHP" : 0,
         "maxMAtk" : 1010,
         "maxMDef" : 0,
         "maxMP" : 0,
         "maxPAtk" : 1010,
         "maxPDef" : 0,
         "maxTao" : 1010,
         "minMAtk" : 400,
         "minMDef" : 0,
         "minPAtk" : 400,
         "minPDef" : 0,
         "minTao" : 400,
         "modelId" : 0,
         "moveSpeedPer" : 0,
         "name" : "二等郡王",
         "perHP" : 0,
         "perMP" : 0,
         "roleGrade" : 101
      },
      "refId" : "knight_11"
   },
   "knight_12" : {
      "knightData" : {
         "knightSalary" : [
            {
               "bindedGold" : 800
            }
         ],
         "upgradeSrcConsume" : [
            {
               "merit" : 110000
            }
         ]
      },
      "property" : {
         "MDodgePer" : 0,
         "MImmunityPer" : 0,
         "PDodgePer" : 0,
         "PImmunityPer" : 0,
         "atkSpeedPer" : 0,
         "crit" : 0,
         "critInjure" : 0,
         "dodge" : 0,
         "fortune" : 0,
         "hit" : 0,
         "iconId" : "knight_10",
         "ignoreMDef" : 0,
         "ignorePDef" : 0,
         "knight" : 12,
         "knightNextRefId" : "knight_13",
         "knightPreRefId" : "knight_11",
         "maxHP" : 0,
         "maxMAtk" : 1120,
         "maxMDef" : 0,
         "maxMP" : 0,
         "maxPAtk" : 1120,
         "maxPDef" : 0,
         "maxTao" : 1120,
         "minMAtk" : 440,
         "minMDef" : 0,
         "minPAtk" : 440,
         "minPDef" : 0,
         "minTao" : 440,
         "modelId" : 0,
         "moveSpeedPer" : 0,
         "name" : "一等郡王",
         "perHP" : 0,
         "perMP" : 0,
         "roleGrade" : 111
      },
      "refId" : "knight_12"
   },
   "knight_13" : {
      "knightData" : {
         "knightSalary" : [
            {
               "bindedGold" : 900
            }
         ],
         "upgradeSrcConsume" : [
            {
               "merit" : 140000
            }
         ]
      },
      "property" : {
         "MDodgePer" : 0,
         "MImmunityPer" : 0,
         "PDodgePer" : 0,
         "PImmunityPer" : 0,
         "atkSpeedPer" : 0,
         "crit" : 0,
         "critInjure" : 0,
         "dodge" : 0,
         "fortune" : 0,
         "hit" : 0,
         "iconId" : "knight_11",
         "ignoreMDef" : 0,
         "ignorePDef" : 0,
         "knight" : 13,
         "knightNextRefId" : "knight_14",
         "knightPreRefId" : "knight_12",
         "maxHP" : 0,
         "maxMAtk" : 1230,
         "maxMDef" : 0,
         "maxMP" : 0,
         "maxPAtk" : 1230,
         "maxPDef" : 0,
         "maxTao" : 1230,
         "minMAtk" : 480,
         "minMDef" : 0,
         "minPAtk" : 480,
         "minPDef" : 0,
         "minTao" : 480,
         "modelId" : 0,
         "moveSpeedPer" : 0,
         "name" : "三等亲王",
         "perHP" : 0,
         "perMP" : 0,
         "roleGrade" : 122
      },
      "refId" : "knight_13"
   },
   "knight_14" : {
      "knightData" : {
         "knightSalary" : [
            {
               "bindedGold" : 1000
            }
         ],
         "upgradeSrcConsume" : [
            {
               "merit" : 170000
            }
         ]
      },
      "property" : {
         "MDodgePer" : 0,
         "MImmunityPer" : 0,
         "PDodgePer" : 0,
         "PImmunityPer" : 0,
         "atkSpeedPer" : 0,
         "crit" : 0,
         "critInjure" : 0,
         "dodge" : 0,
         "fortune" : 0,
         "hit" : 0,
         "iconId" : "knight_11",
         "ignoreMDef" : 0,
         "ignorePDef" : 0,
         "knight" : 14,
         "knightNextRefId" : "knight_15",
         "knightPreRefId" : "knight_13",
         "maxHP" : 0,
         "maxMAtk" : 1340,
         "maxMDef" : 0,
         "maxMP" : 0,
         "maxPAtk" : 1340,
         "maxPDef" : 0,
         "maxTao" : 1340,
         "minMAtk" : 520,
         "minMDef" : 0,
         "minPAtk" : 520,
         "minPDef" : 0,
         "minTao" : 520,
         "modelId" : 0,
         "moveSpeedPer" : 0,
         "name" : "二等亲王",
         "perHP" : 0,
         "perMP" : 0,
         "roleGrade" : 122
      },
      "refId" : "knight_14"
   },
   "knight_15" : {
      "knightData" : {
         "knightSalary" : [
            {
               "bindedGold" : 1100
            }
         ],
         "upgradeSrcConsume" : [
            {
               "merit" : 210000
            }
         ]
      },
      "property" : {
         "MDodgePer" : 0,
         "MImmunityPer" : 0,
         "PDodgePer" : 0,
         "PImmunityPer" : 0,
         "atkSpeedPer" : 0,
         "crit" : 0,
         "critInjure" : 0,
         "dodge" : 0,
         "fortune" : 0,
         "hit" : 0,
         "iconId" : "knight_11",
         "ignoreMDef" : 0,
         "ignorePDef" : 0,
         "knight" : 15,
         "knightNextRefId" : "knight_16",
         "knightPreRefId" : "knight_14",
         "maxHP" : 0,
         "maxMAtk" : 1450,
         "maxMDef" : 0,
         "maxMP" : 0,
         "maxPAtk" : 1450,
         "maxPDef" : 0,
         "maxTao" : 1450,
         "minMAtk" : 560,
         "minMDef" : 0,
         "minPAtk" : 560,
         "minPDef" : 0,
         "minTao" : 560,
         "modelId" : 0,
         "moveSpeedPer" : 0,
         "name" : "一等亲王",
         "perHP" : 0,
         "perMP" : 0,
         "roleGrade" : 122
      },
      "refId" : "knight_15"
   },
   "knight_16" : {
      "knightData" : {
         "knightSalary" : [
            {
               "bindedGold" : 1200
            }
         ],
         "upgradeSrcConsume" : [
            {
               "merit" : 250000
            }
         ]
      },
      "property" : {
         "MDodgePer" : 0,
         "MImmunityPer" : 0,
         "PDodgePer" : 0,
         "PImmunityPer" : 0,
         "atkSpeedPer" : 0,
         "crit" : 0,
         "critInjure" : 0,
         "dodge" : 0,
         "fortune" : 0,
         "hit" : 0,
         "iconId" : "knight_12",
         "ignoreMDef" : 0,
         "ignorePDef" : 0,
         "knight" : 16,
         "knightNextRefId" : "knight_17",
         "knightPreRefId" : "knight_15",
         "maxHP" : 0,
         "maxMAtk" : 1560,
         "maxMDef" : 0,
         "maxMP" : 0,
         "maxPAtk" : 1560,
         "maxPDef" : 0,
         "maxTao" : 1560,
         "minMAtk" : 600,
         "minMDef" : 0,
         "minPAtk" : 600,
         "minPDef" : 0,
         "minTao" : 600,
         "modelId" : 0,
         "moveSpeedPer" : 0,
         "name" : "三等人皇",
         "perHP" : 0,
         "perMP" : 0,
         "roleGrade" : 122
      },
      "refId" : "knight_16"
   },
   "knight_17" : {
      "knightData" : {
         "knightSalary" : [
            {
               "bindedGold" : 1300
            }
         ],
         "upgradeSrcConsume" : [
            {
               "merit" : 290000
            }
         ]
      },
      "property" : {
         "MDodgePer" : 0,
         "MImmunityPer" : 0,
         "PDodgePer" : 0,
         "PImmunityPer" : 0,
         "atkSpeedPer" : 0,
         "crit" : 0,
         "critInjure" : 0,
         "dodge" : 0,
         "fortune" : 0,
         "hit" : 0,
         "iconId" : "knight_12",
         "ignoreMDef" : 0,
         "ignorePDef" : 0,
         "knight" : 17,
         "knightNextRefId" : "knight_18",
         "knightPreRefId" : "knight_16",
         "maxHP" : 0,
         "maxMAtk" : 1670,
         "maxMDef" : 0,
         "maxMP" : 0,
         "maxPAtk" : 1670,
         "maxPDef" : 0,
         "maxTao" : 1670,
         "minMAtk" : 640,
         "minMDef" : 0,
         "minPAtk" : 640,
         "minPDef" : 0,
         "minTao" : 640,
         "modelId" : 0,
         "moveSpeedPer" : 0,
         "name" : "二等人皇",
         "perHP" : 0,
         "perMP" : 0,
         "roleGrade" : 122
      },
      "refId" : "knight_17"
   },
   "knight_18" : {
      "knightData" : {
         "knightSalary" : [
            {
               "bindedGold" : 1400
            }
         ],
         "upgradeSrcConsume" : [
            {
               "merit" : 340000
            }
         ]
      },
      "property" : {
         "MDodgePer" : 0,
         "MImmunityPer" : 0,
         "PDodgePer" : 0,
         "PImmunityPer" : 0,
         "atkSpeedPer" : 0,
         "crit" : 0,
         "critInjure" : 0,
         "dodge" : 0,
         "fortune" : 0,
         "hit" : 0,
         "iconId" : "knight_12",
         "ignoreMDef" : 0,
         "ignorePDef" : 0,
         "knight" : 18,
         "knightNextRefId" : "knight_19",
         "knightPreRefId" : "knight_17",
         "maxHP" : 0,
         "maxMAtk" : 1780,
         "maxMDef" : 0,
         "maxMP" : 0,
         "maxPAtk" : 1780,
         "maxPDef" : 0,
         "maxTao" : 1780,
         "minMAtk" : 680,
         "minMDef" : 0,
         "minPAtk" : 680,
         "minPDef" : 0,
         "minTao" : 680,
         "modelId" : 0,
         "moveSpeedPer" : 0,
         "name" : "一等人皇",
         "perHP" : 0,
         "perMP" : 0,
         "roleGrade" : 122
      },
      "refId" : "knight_18"
   },
   "knight_19" : {
      "knightData" : {
         "knightSalary" : [
            {
               "bindedGold" : 1500
            }
         ],
         "upgradeSrcConsume" : [
            {
               "merit" : 390000
            }
         ]
      },
      "property" : {
         "MDodgePer" : 0,
         "MImmunityPer" : 0,
         "PDodgePer" : 0,
         "PImmunityPer" : 0,
         "atkSpeedPer" : 0,
         "crit" : 0,
         "critInjure" : 0,
         "dodge" : 0,
         "fortune" : 0,
         "hit" : 0,
         "iconId" : "knight_13",
         "ignoreMDef" : 0,
         "ignorePDef" : 0,
         "knight" : 19,
         "knightNextRefId" : "knight_20",
         "knightPreRefId" : "knight_18",
         "maxHP" : 0,
         "maxMAtk" : 1890,
         "maxMDef" : 0,
         "maxMP" : 0,
         "maxPAtk" : 1890,
         "maxPDef" : 0,
         "maxTao" : 1890,
         "minMAtk" : 720,
         "minMDef" : 0,
         "minPAtk" : 720,
         "minPDef" : 0,
         "minTao" : 720,
         "modelId" : 0,
         "moveSpeedPer" : 0,
         "name" : "三等圣皇",
         "perHP" : 0,
         "perMP" : 0,
         "roleGrade" : 122
      },
      "refId" : "knight_19"
   },
   "knight_2" : {
      "knightData" : {
         "knightSalary" : [
            {
               "bindedGold" : 200
            }
         ],
         "upgradeSrcConsume" : [
            {
               "merit" : 350
            }
         ]
      },
      "property" : {
         "MDodgePer" : 0,
         "MImmunityPer" : 0,
         "PDodgePer" : 0,
         "PImmunityPer" : 0,
         "atkSpeedPer" : 0,
         "crit" : 0,
         "critInjure" : 0,
         "dodge" : 0,
         "fortune" : 0,
         "hit" : 0,
         "iconId" : "knight_2",
         "ignoreMDef" : 0,
         "ignorePDef" : 0,
         "knight" : 2,
         "knightNextRefId" : "knight_3",
         "knightPreRefId" : "knight_1",
         "maxHP" : 0,
         "maxMAtk" : 180,
         "maxMDef" : 0,
         "maxMP" : 0,
         "maxPAtk" : 180,
         "maxPDef" : 0,
         "maxTao" : 180,
         "minMAtk" : 100,
         "minMDef" : 0,
         "minPAtk" : 100,
         "minPDef" : 0,
         "minTao" : 100,
         "modelId" : 0,
         "moveSpeedPer" : 0,
         "name" : "骑士",
         "perHP" : 0,
         "perMP" : 0,
         "roleGrade" : 35
      },
      "refId" : "knight_2"
   },
   "knight_20" : {
      "knightData" : {
         "knightSalary" : [
            {
               "bindedGold" : 1600
            }
         ],
         "upgradeSrcConsume" : [
            {
               "merit" : 440000
            }
         ]
      },
      "property" : {
         "MDodgePer" : 0,
         "MImmunityPer" : 0,
         "PDodgePer" : 0,
         "PImmunityPer" : 0,
         "atkSpeedPer" : 0,
         "crit" : 0,
         "critInjure" : 0,
         "dodge" : 0,
         "fortune" : 0,
         "hit" : 0,
         "iconId" : "knight_13",
         "ignoreMDef" : 0,
         "ignorePDef" : 0,
         "knight" : 20,
         "knightNextRefId" : "knight_21",
         "knightPreRefId" : "knight_19",
         "maxHP" : 0,
         "maxMAtk" : 2000,
         "maxMDef" : 0,
         "maxMP" : 0,
         "maxPAtk" : 2000,
         "maxPDef" : 0,
         "maxTao" : 2000,
         "minMAtk" : 760,
         "minMDef" : 0,
         "minPAtk" : 760,
         "minPDef" : 0,
         "minTao" : 760,
         "modelId" : 0,
         "moveSpeedPer" : 0,
         "name" : "二等圣皇",
         "perHP" : 0,
         "perMP" : 0,
         "roleGrade" : 122
      },
      "refId" : "knight_20"
   },
   "knight_21" : {
      "knightData" : {
         "knightSalary" : [
            {
               "bindedGold" : 1700
            }
         ],
         "upgradeSrcConsume" : [
            {
               "merit" : 500000
            }
         ]
      },
      "property" : {
         "MDodgePer" : 0,
         "MImmunityPer" : 0,
         "PDodgePer" : 0,
         "PImmunityPer" : 0,
         "atkSpeedPer" : 0,
         "crit" : 0,
         "critInjure" : 0,
         "dodge" : 0,
         "fortune" : 0,
         "hit" : 0,
         "iconId" : "knight_13",
         "ignoreMDef" : 0,
         "ignorePDef" : 0,
         "knight" : 21,
         "knightNextRefId" : "knight_22",
         "knightPreRefId" : "knight_20",
         "maxHP" : 0,
         "maxMAtk" : 2110,
         "maxMDef" : 0,
         "maxMP" : 0,
         "maxPAtk" : 2110,
         "maxPDef" : 0,
         "maxTao" : 2110,
         "minMAtk" : 800,
         "minMDef" : 0,
         "minPAtk" : 800,
         "minPDef" : 0,
         "minTao" : 800,
         "modelId" : 0,
         "moveSpeedPer" : 0,
         "name" : "一等圣皇",
         "perHP" : 0,
         "perMP" : 0,
         "roleGrade" : 122
      },
      "refId" : "knight_21"
   },
   "knight_22" : {
      "knightData" : {
         "knightSalary" : [
            {
               "bindedGold" : 1800
            }
         ],
         "upgradeSrcConsume" : [
            {
               "merit" : 560000
            }
         ]
      },
      "property" : {
         "MDodgePer" : 0,
         "MImmunityPer" : 0,
         "PDodgePer" : 0,
         "PImmunityPer" : 0,
         "atkSpeedPer" : 0,
         "crit" : 0,
         "critInjure" : 0,
         "dodge" : 0,
         "fortune" : 0,
         "hit" : 0,
         "iconId" : "knight_14",
         "ignoreMDef" : 0,
         "ignorePDef" : 0,
         "knight" : 22,
         "knightNextRefId" : "knight_23",
         "knightPreRefId" : "knight_21",
         "maxHP" : 0,
         "maxMAtk" : 2220,
         "maxMDef" : 0,
         "maxMP" : 0,
         "maxPAtk" : 2220,
         "maxPDef" : 0,
         "maxTao" : 2220,
         "minMAtk" : 840,
         "minMDef" : 0,
         "minPAtk" : 840,
         "minPDef" : 0,
         "minTao" : 840,
         "modelId" : 0,
         "moveSpeedPer" : 0,
         "name" : "三等地皇",
         "perHP" : 0,
         "perMP" : 0,
         "roleGrade" : 122
      },
      "refId" : "knight_22"
   },
   "knight_23" : {
      "knightData" : {
         "knightSalary" : [
            {
               "bindedGold" : 1900
            }
         ],
         "upgradeSrcConsume" : [
            {
               "merit" : 620000
            }
         ]
      },
      "property" : {
         "MDodgePer" : 0,
         "MImmunityPer" : 0,
         "PDodgePer" : 0,
         "PImmunityPer" : 0,
         "atkSpeedPer" : 0,
         "crit" : 0,
         "critInjure" : 0,
         "dodge" : 0,
         "fortune" : 0,
         "hit" : 0,
         "iconId" : "knight_14",
         "ignoreMDef" : 0,
         "ignorePDef" : 0,
         "knight" : 23,
         "knightNextRefId" : "knight_24",
         "knightPreRefId" : "knight_22",
         "maxHP" : 0,
         "maxMAtk" : 2330,
         "maxMDef" : 0,
         "maxMP" : 0,
         "maxPAtk" : 2330,
         "maxPDef" : 0,
         "maxTao" : 2330,
         "minMAtk" : 880,
         "minMDef" : 0,
         "minPAtk" : 880,
         "minPDef" : 0,
         "minTao" : 880,
         "modelId" : 0,
         "moveSpeedPer" : 0,
         "name" : "二等地皇",
         "perHP" : 0,
         "perMP" : 0,
         "roleGrade" : 122
      },
      "refId" : "knight_23"
   },
   "knight_24" : {
      "knightData" : {
         "knightSalary" : [
            {
               "bindedGold" : 2000
            }
         ],
         "upgradeSrcConsume" : [
            {
               "merit" : 690000
            }
         ]
      },
      "property" : {
         "MDodgePer" : 0,
         "MImmunityPer" : 0,
         "PDodgePer" : 0,
         "PImmunityPer" : 0,
         "atkSpeedPer" : 0,
         "crit" : 0,
         "critInjure" : 0,
         "dodge" : 0,
         "fortune" : 0,
         "hit" : 0,
         "iconId" : "knight_14",
         "ignoreMDef" : 0,
         "ignorePDef" : 0,
         "knight" : 24,
         "knightNextRefId" : "knight_25",
         "knightPreRefId" : "knight_23",
         "maxHP" : 0,
         "maxMAtk" : 2440,
         "maxMDef" : 0,
         "maxMP" : 0,
         "maxPAtk" : 2440,
         "maxPDef" : 0,
         "maxTao" : 2440,
         "minMAtk" : 920,
         "minMDef" : 0,
         "minPAtk" : 920,
         "minPDef" : 0,
         "minTao" : 920,
         "modelId" : 0,
         "moveSpeedPer" : 0,
         "name" : "一等地皇",
         "perHP" : 0,
         "perMP" : 0,
         "roleGrade" : 122
      },
      "refId" : "knight_24"
   },
   "knight_25" : {
      "knightData" : {
         "knightSalary" : [
            {
               "bindedGold" : 2100
            }
         ],
         "upgradeSrcConsume" : [
            {
               "merit" : 760000
            }
         ]
      },
      "property" : {
         "MDodgePer" : 0,
         "MImmunityPer" : 0,
         "PDodgePer" : 0,
         "PImmunityPer" : 0,
         "atkSpeedPer" : 0,
         "crit" : 0,
         "critInjure" : 0,
         "dodge" : 0,
         "fortune" : 0,
         "hit" : 0,
         "iconId" : "knight_15",
         "ignoreMDef" : 0,
         "ignorePDef" : 0,
         "knight" : 25,
         "knightNextRefId" : "knight_26",
         "knightPreRefId" : "knight_24",
         "maxHP" : 0,
         "maxMAtk" : 2550,
         "maxMDef" : 0,
         "maxMP" : 0,
         "maxPAtk" : 2550,
         "maxPDef" : 0,
         "maxTao" : 2550,
         "minMAtk" : 960,
         "minMDef" : 0,
         "minPAtk" : 960,
         "minPDef" : 0,
         "minTao" : 960,
         "modelId" : 0,
         "moveSpeedPer" : 0,
         "name" : "三等天皇",
         "perHP" : 0,
         "perMP" : 0,
         "roleGrade" : 122
      },
      "refId" : "knight_25"
   },
   "knight_26" : {
      "knightData" : {
         "knightSalary" : [
            {
               "bindedGold" : 2200
            }
         ],
         "upgradeSrcConsume" : [
            {
               "merit" : 830000
            }
         ]
      },
      "property" : {
         "MDodgePer" : 0,
         "MImmunityPer" : 0,
         "PDodgePer" : 0,
         "PImmunityPer" : 0,
         "atkSpeedPer" : 0,
         "crit" : 0,
         "critInjure" : 0,
         "dodge" : 0,
         "fortune" : 0,
         "hit" : 0,
         "iconId" : "knight_15",
         "ignoreMDef" : 0,
         "ignorePDef" : 0,
         "knight" : 26,
         "knightNextRefId" : "knight_27",
         "knightPreRefId" : "knight_25",
         "maxHP" : 0,
         "maxMAtk" : 2660,
         "maxMDef" : 0,
         "maxMP" : 0,
         "maxPAtk" : 2660,
         "maxPDef" : 0,
         "maxTao" : 2660,
         "minMAtk" : 1000,
         "minMDef" : 0,
         "minPAtk" : 1000,
         "minPDef" : 0,
         "minTao" : 1000,
         "modelId" : 0,
         "moveSpeedPer" : 0,
         "name" : "二等天皇",
         "perHP" : 0,
         "perMP" : 0,
         "roleGrade" : 122
      },
      "refId" : "knight_26"
   },
   "knight_27" : {
      "knightData" : {
         "knightSalary" : [
            {
               "bindedGold" : 2300
            }
         ],
         "upgradeSrcConsume" : [
            {
               "merit" : 910000
            }
         ]
      },
      "property" : {
         "MDodgePer" : 0,
         "MImmunityPer" : 0,
         "PDodgePer" : 0,
         "PImmunityPer" : 0,
         "atkSpeedPer" : 0,
         "crit" : 0,
         "critInjure" : 0,
         "dodge" : 0,
         "fortune" : 0,
         "hit" : 0,
         "iconId" : "knight_15",
         "ignoreMDef" : 0,
         "ignorePDef" : 0,
         "knight" : 27,
         "knightNextRefId" : "knight_28",
         "knightPreRefId" : "knight_26",
         "maxHP" : 0,
         "maxMAtk" : 2770,
         "maxMDef" : 0,
         "maxMP" : 0,
         "maxPAtk" : 2770,
         "maxPDef" : 0,
         "maxTao" : 2770,
         "minMAtk" : 1040,
         "minMDef" : 0,
         "minPAtk" : 1040,
         "minPDef" : 0,
         "minTao" : 1040,
         "modelId" : 0,
         "moveSpeedPer" : 0,
         "name" : "一等天皇",
         "perHP" : 0,
         "perMP" : 0,
         "roleGrade" : 122
      },
      "refId" : "knight_27"
   },
   "knight_28" : {
      "knightData" : {
         "knightSalary" : [
            {
               "bindedGold" : 2400
            }
         ],
         "upgradeSrcConsume" : [
            {
               "merit" : 990000
            }
         ]
      },
      "property" : {
         "MDodgePer" : 0,
         "MImmunityPer" : 0,
         "PDodgePer" : 0,
         "PImmunityPer" : 0,
         "atkSpeedPer" : 0,
         "crit" : 0,
         "critInjure" : 0,
         "dodge" : 0,
         "fortune" : 0,
         "hit" : 0,
         "iconId" : "knight_16",
         "ignoreMDef" : 0,
         "ignorePDef" : 0,
         "knight" : 28,
         "knightNextRefId" : "knight_29",
         "knightPreRefId" : "knight_27",
         "maxHP" : 0,
         "maxMAtk" : 2880,
         "maxMDef" : 0,
         "maxMP" : 0,
         "maxPAtk" : 2880,
         "maxPDef" : 0,
         "maxTao" : 2880,
         "minMAtk" : 1080,
         "minMDef" : 0,
         "minPAtk" : 1080,
         "minPDef" : 0,
         "minTao" : 1080,
         "modelId" : 0,
         "moveSpeedPer" : 0,
         "name" : "三等帝皇",
         "perHP" : 0,
         "perMP" : 0,
         "roleGrade" : 122
      },
      "refId" : "knight_28"
   },
   "knight_29" : {
      "knightData" : {
         "knightSalary" : [
            {
               "bindedGold" : 2500
            }
         ],
         "upgradeSrcConsume" : [
            {
               "merit" : 1070000
            }
         ]
      },
      "property" : {
         "MDodgePer" : 0,
         "MImmunityPer" : 0,
         "PDodgePer" : 0,
         "PImmunityPer" : 0,
         "atkSpeedPer" : 0,
         "crit" : 0,
         "critInjure" : 0,
         "dodge" : 0,
         "fortune" : 0,
         "hit" : 0,
         "iconId" : "knight_16",
         "ignoreMDef" : 0,
         "ignorePDef" : 0,
         "knight" : 29,
         "knightNextRefId" : "knight_30",
         "knightPreRefId" : "knight_28",
         "maxHP" : 0,
         "maxMAtk" : 2990,
         "maxMDef" : 0,
         "maxMP" : 0,
         "maxPAtk" : 2990,
         "maxPDef" : 0,
         "maxTao" : 2990,
         "minMAtk" : 1120,
         "minMDef" : 0,
         "minPAtk" : 1120,
         "minPDef" : 0,
         "minTao" : 1120,
         "modelId" : 0,
         "moveSpeedPer" : 0,
         "name" : "二等帝皇",
         "perHP" : 0,
         "perMP" : 0,
         "roleGrade" : 122
      },
      "refId" : "knight_29"
   },
   "knight_3" : {
      "knightData" : {
         "knightSalary" : [
            {
               "bindedGold" : 250
            }
         ],
         "upgradeSrcConsume" : [
            {
               "merit" : 700
            }
         ]
      },
      "property" : {
         "MDodgePer" : 0,
         "MImmunityPer" : 0,
         "PDodgePer" : 0,
         "PImmunityPer" : 0,
         "atkSpeedPer" : 0,
         "crit" : 0,
         "critInjure" : 0,
         "dodge" : 0,
         "fortune" : 0,
         "hit" : 0,
         "iconId" : "knight_3",
         "ignoreMDef" : 0,
         "ignorePDef" : 0,
         "knight" : 3,
         "knightNextRefId" : "knight_4",
         "knightPreRefId" : "knight_2",
         "maxHP" : 0,
         "maxMAtk" : 270,
         "maxMDef" : 0,
         "maxMP" : 0,
         "maxPAtk" : 270,
         "maxPDef" : 0,
         "maxTao" : 270,
         "minMAtk" : 120,
         "minMDef" : 0,
         "minPAtk" : 120,
         "minPDef" : 0,
         "minTao" : 120,
         "modelId" : 0,
         "moveSpeedPer" : 0,
         "name" : "爵士",
         "perHP" : 0,
         "perMP" : 0,
         "roleGrade" : 50
      },
      "refId" : "knight_3"
   },
   "knight_30" : {
      "knightData" : {
         "knightSalary" : [
            {
               "bindedGold" : 2600
            }
         ],
         "upgradeSrcConsume" : null
      },
      "property" : {
         "MDodgePer" : 0,
         "MImmunityPer" : 0,
         "PDodgePer" : 0,
         "PImmunityPer" : 0,
         "atkSpeedPer" : 0,
         "crit" : 0,
         "critInjure" : 0,
         "dodge" : 0,
         "fortune" : 0,
         "hit" : 0,
         "iconId" : "knight_16",
         "ignoreMDef" : 0,
         "ignorePDef" : 0,
         "knight" : 30,
         "knightNextRefId" : "",
         "knightPreRefId" : "knight_29",
         "maxHP" : 0,
         "maxMAtk" : 3100,
         "maxMDef" : 0,
         "maxMP" : 0,
         "maxPAtk" : 3100,
         "maxPDef" : 0,
         "maxTao" : 3100,
         "minMAtk" : 1160,
         "minMDef" : 0,
         "minPAtk" : 1160,
         "minPDef" : 0,
         "minTao" : 1160,
         "modelId" : 0,
         "moveSpeedPer" : 0,
         "name" : "一等帝皇",
         "perHP" : 0,
         "perMP" : 0,
         "roleGrade" : 122
      },
      "refId" : "knight_30"
   },
   "knight_4" : {
      "knightData" : {
         "knightSalary" : [
            {
               "bindedGold" : 300
            }
         ],
         "upgradeSrcConsume" : [
            {
               "merit" : 1400
            }
         ]
      },
      "property" : {
         "MDodgePer" : 0,
         "MImmunityPer" : 0,
         "PDodgePer" : 0,
         "PImmunityPer" : 0,
         "atkSpeedPer" : 0,
         "crit" : 0,
         "critInjure" : 0,
         "dodge" : 0,
         "fortune" : 0,
         "hit" : 0,
         "iconId" : "knight_4",
         "ignoreMDef" : 0,
         "ignorePDef" : 0,
         "knight" : 4,
         "knightNextRefId" : "knight_5",
         "knightPreRefId" : "knight_3",
         "maxHP" : 0,
         "maxMAtk" : 360,
         "maxMDef" : 0,
         "maxMP" : 0,
         "maxPAtk" : 360,
         "maxPDef" : 0,
         "maxTao" : 360,
         "minMAtk" : 160,
         "minMDef" : 0,
         "minPAtk" : 160,
         "minPDef" : 0,
         "minTao" : 160,
         "modelId" : 0,
         "moveSpeedPer" : 0,
         "name" : "勋爵",
         "perHP" : 0,
         "perMP" : 0,
         "roleGrade" : 55
      },
      "refId" : "knight_4"
   },
   "knight_5" : {
      "knightData" : {
         "knightSalary" : [
            {
               "bindedGold" : 350
            }
         ],
         "upgradeSrcConsume" : [
            {
               "merit" : 2800
            }
         ]
      },
      "property" : {
         "MDodgePer" : 0,
         "MImmunityPer" : 0,
         "PDodgePer" : 0,
         "PImmunityPer" : 0,
         "atkSpeedPer" : 0,
         "crit" : 0,
         "critInjure" : 0,
         "dodge" : 0,
         "fortune" : 0,
         "hit" : 0,
         "iconId" : "knight_5",
         "ignoreMDef" : 0,
         "ignorePDef" : 0,
         "knight" : 5,
         "knightNextRefId" : "knight_6",
         "knightPreRefId" : "knight_4",
         "maxHP" : 0,
         "maxMAtk" : 450,
         "maxMDef" : 0,
         "maxMP" : 0,
         "maxPAtk" : 450,
         "maxPDef" : 0,
         "maxTao" : 450,
         "minMAtk" : 180,
         "minMDef" : 0,
         "minPAtk" : 180,
         "minPDef" : 0,
         "minTao" : 180,
         "modelId" : 0,
         "moveSpeedPer" : 0,
         "name" : "男爵",
         "perHP" : 0,
         "perMP" : 0,
         "roleGrade" : 60
      },
      "refId" : "knight_5"
   },
   "knight_6" : {
      "knightData" : {
         "knightSalary" : [
            {
               "bindedGold" : 400
            }
         ],
         "upgradeSrcConsume" : [
            {
               "merit" : 5600
            }
         ]
      },
      "property" : {
         "MDodgePer" : 0,
         "MImmunityPer" : 0,
         "PDodgePer" : 0,
         "PImmunityPer" : 0,
         "atkSpeedPer" : 0,
         "crit" : 0,
         "critInjure" : 0,
         "dodge" : 0,
         "fortune" : 0,
         "hit" : 0,
         "iconId" : "knight_6",
         "ignoreMDef" : 0,
         "ignorePDef" : 0,
         "knight" : 6,
         "knightNextRefId" : "knight_7",
         "knightPreRefId" : "knight_5",
         "maxHP" : 0,
         "maxMAtk" : 540,
         "maxMDef" : 0,
         "maxMP" : 0,
         "maxPAtk" : 540,
         "maxPDef" : 0,
         "maxTao" : 540,
         "minMAtk" : 220,
         "minMDef" : 0,
         "minPAtk" : 220,
         "minPDef" : 0,
         "minTao" : 220,
         "modelId" : 0,
         "moveSpeedPer" : 0,
         "name" : "子爵",
         "perHP" : 0,
         "perMP" : 0,
         "roleGrade" : 65
      },
      "refId" : "knight_6"
   },
   "knight_7" : {
      "knightData" : {
         "knightSalary" : [
            {
               "bindedGold" : 450
            }
         ],
         "upgradeSrcConsume" : [
            {
               "merit" : 11000
            }
         ]
      },
      "property" : {
         "MDodgePer" : 0,
         "MImmunityPer" : 0,
         "PDodgePer" : 0,
         "PImmunityPer" : 0,
         "atkSpeedPer" : 0,
         "crit" : 0,
         "critInjure" : 0,
         "dodge" : 0,
         "fortune" : 0,
         "hit" : 0,
         "iconId" : "knight_7",
         "ignoreMDef" : 0,
         "ignorePDef" : 0,
         "knight" : 7,
         "knightNextRefId" : "knight_8",
         "knightPreRefId" : "knight_6",
         "maxHP" : 0,
         "maxMAtk" : 630,
         "maxMDef" : 0,
         "maxMP" : 0,
         "maxPAtk" : 630,
         "maxPDef" : 0,
         "maxTao" : 630,
         "minMAtk" : 260,
         "minMDef" : 0,
         "minPAtk" : 260,
         "minPDef" : 0,
         "minTao" : 260,
         "modelId" : 0,
         "moveSpeedPer" : 0,
         "name" : "伯爵",
         "perHP" : 0,
         "perMP" : 0,
         "roleGrade" : 70
      },
      "refId" : "knight_7"
   },
   "knight_8" : {
      "knightData" : {
         "knightSalary" : [
            {
               "bindedGold" : 500
            }
         ],
         "upgradeSrcConsume" : [
            {
               "merit" : 22000
            }
         ]
      },
      "property" : {
         "MDodgePer" : 0,
         "MImmunityPer" : 0,
         "PDodgePer" : 0,
         "PImmunityPer" : 0,
         "atkSpeedPer" : 0,
         "crit" : 0,
         "critInjure" : 0,
         "dodge" : 0,
         "fortune" : 0,
         "hit" : 0,
         "iconId" : "knight_8",
         "ignoreMDef" : 0,
         "ignorePDef" : 0,
         "knight" : 8,
         "knightNextRefId" : "knight_9",
         "knightPreRefId" : "knight_7",
         "maxHP" : 0,
         "maxMAtk" : 720,
         "maxMDef" : 0,
         "maxMP" : 0,
         "maxPAtk" : 720,
         "maxPDef" : 0,
         "maxTao" : 720,
         "minMAtk" : 300,
         "minMDef" : 0,
         "minPAtk" : 300,
         "minPDef" : 0,
         "minTao" : 300,
         "modelId" : 0,
         "moveSpeedPer" : 0,
         "name" : "侯爵",
         "perHP" : 0,
         "perMP" : 0,
         "roleGrade" : 75
      },
      "refId" : "knight_8"
   },
   "knight_9" : {
      "knightData" : {
         "knightSalary" : [
            {
               "bindedGold" : 550
            }
         ],
         "upgradeSrcConsume" : [
            {
               "merit" : 40000
            }
         ]
      },
      "property" : {
         "MDodgePer" : 0,
         "MImmunityPer" : 0,
         "PDodgePer" : 0,
         "PImmunityPer" : 0,
         "atkSpeedPer" : 0,
         "crit" : 0,
         "critInjure" : 0,
         "dodge" : 0,
         "fortune" : 0,
         "hit" : 0,
         "iconId" : "knight_9",
         "ignoreMDef" : 0,
         "ignorePDef" : 0,
         "knight" : 9,
         "knightNextRefId" : "knight_10",
         "knightPreRefId" : "knight_8",
         "maxHP" : 0,
         "maxMAtk" : 810,
         "maxMDef" : 0,
         "maxMP" : 0,
         "maxPAtk" : 810,
         "maxPDef" : 0,
         "maxTao" : 810,
         "minMAtk" : 320,
         "minMDef" : 0,
         "minPAtk" : 320,
         "minPDef" : 0,
         "minTao" : 320,
         "modelId" : 0,
         "moveSpeedPer" : 0,
         "name" : "公爵",
         "perHP" : 0,
         "perMP" : 0,
         "roleGrade" : 81
      },
      "refId" : "knight_9"
   }
}

