{
   "activity_manage_16" : {
      "name" : "VIP抽奖",
      "refId" : "activity_manage_16"
   },
   "activity_manage_17" : {
      "name" : "开服冲级（限时速冲）",
      "refId" : "activity_manage_17"
   },
   "activity_manage_2" : {
      "name" : "7日登陆",
      "refId" : "activity_manage_2"
   },
   "activity_manage_3" : {
      "name" : "在线时长奖励",
      "refId" : "activity_manage_3"
   },
   "activity_manage_5" : {
      "name" : "竞技场",
      "refId" : "activity_manage_5"
   },
   "activity_manage_6" : {
      "name" : "怪物入侵",
      "refId" : "activity_manage_6"
   },
   "activity_manage_7" : {
      "name" : "挖矿",
      "refId" : "activity_manage_7"
   },
   "handUpSkillGuidence" : {
      "name" : "挂机技能引导",
      "refId" : "handUpSkillGuidence"
   }
}

