{
   "achieve_1" : {
      "achieveReward" : {
         "achievement" : 100,
         "bindedGold" : 20,
         "gold" : 10000
      },
      "property" : {
         "achieveDescribe" : "击败1只怪物",
         "achieveType" : 1,
         "completeCondition" : 1,
         "name" : "击败一只怪物",
         "nextAchieve" : "achieve_70",
         "targetID" : "0",
         "targetNum" : 1,
         "typeName" : "初入江湖"
      },
      "refId" : "achieve_1",
      "sortID" : 1
   },
   "achieve_100" : {
      "achieveReward" : {
         "achievement" : 1000,
         "bindedGold" : 110,
         "gold" : 65000
      },
      "property" : {
         "achieveDescribe" : "获得10阶坐骑",
         "achieveType" : 4,
         "completeCondition" : 7,
         "name" : "坐骑10阶",
         "nextAchieve" : "achieve_100_1",
         "targetID" : "ride_37",
         "targetNum" : 0,
         "typeName" : "升级坐骑"
      },
      "refId" : "achieve_100",
      "sortID" : 65
   },
   "achieve_100_1" : {
      "achieveReward" : {
         "achievement" : 100,
         "bindedGold" : 120,
         "gold" : 70000
      },
      "property" : {
         "achieveDescribe" : "获得11阶坐骑",
         "achieveType" : 4,
         "completeCondition" : 7,
         "name" : "神驹相伴",
         "nextAchieve" : "",
         "targetID" : "ride_41",
         "targetNum" : 0,
         "typeName" : "升级坐骑"
      },
      "refId" : "achieve_100_1",
      "sortID" : 66
   },
   "achieve_101" : {
      "achieveReward" : {
         "achievement" : 100,
         "bindedGold" : 30,
         "gold" : 15000
      },
      "property" : {
         "achieveDescribe" : "升级2级翅膀",
         "achieveType" : 4,
         "completeCondition" : 9,
         "name" : "翅膀2级",
         "nextAchieve" : "achieve_102",
         "targetID" : "wing_2_0",
         "targetNum" : 0,
         "typeName" : "升级坐骑"
      },
      "refId" : "achieve_101",
      "sortID" : 76
   },
   "achieve_102" : {
      "achieveReward" : {
         "achievement" : 100,
         "bindedGold" : 40,
         "gold" : 20000
      },
      "property" : {
         "achieveDescribe" : "升级3级翅膀",
         "achieveType" : 4,
         "completeCondition" : 9,
         "name" : "翅膀3级",
         "nextAchieve" : "achieve_103",
         "targetID" : "wing_3_0",
         "targetNum" : 0,
         "typeName" : "升级坐骑"
      },
      "refId" : "achieve_102",
      "sortID" : 77
   },
   "achieve_103" : {
      "achieveReward" : {
         "achievement" : 100,
         "bindedGold" : 50,
         "gold" : 25000
      },
      "property" : {
         "achieveDescribe" : "升级4级翅膀",
         "achieveType" : 4,
         "completeCondition" : 9,
         "name" : "翅膀4级",
         "nextAchieve" : "achieve_104",
         "targetID" : "wing_4_0",
         "targetNum" : 0,
         "typeName" : "升级坐骑"
      },
      "refId" : "achieve_103",
      "sortID" : 78
   },
   "achieve_104" : {
      "achieveReward" : {
         "achievement" : 200,
         "bindedGold" : 60,
         "gold" : 30000
      },
      "property" : {
         "achieveDescribe" : "升级5级翅膀",
         "achieveType" : 4,
         "completeCondition" : 9,
         "name" : "翅膀5级",
         "nextAchieve" : "achieve_105",
         "targetID" : "wing_5_0",
         "targetNum" : 0,
         "typeName" : "升级坐骑"
      },
      "refId" : "achieve_104",
      "sortID" : 79
   },
   "achieve_105" : {
      "achieveReward" : {
         "achievement" : 300,
         "bindedGold" : 70,
         "gold" : 35000
      },
      "property" : {
         "achieveDescribe" : "升级6级翅膀",
         "achieveType" : 4,
         "completeCondition" : 9,
         "name" : "翅膀6级",
         "nextAchieve" : "achieve_106",
         "targetID" : "wing_6_0",
         "targetNum" : 0,
         "typeName" : "升级坐骑"
      },
      "refId" : "achieve_105",
      "sortID" : 80
   },
   "achieve_106" : {
      "achieveReward" : {
         "achievement" : 400,
         "bindedGold" : 80,
         "gold" : 40000
      },
      "property" : {
         "achieveDescribe" : "升级7级翅膀",
         "achieveType" : 4,
         "completeCondition" : 9,
         "name" : "翅膀7级",
         "nextAchieve" : "achieve_107",
         "targetID" : "wing_7_0",
         "targetNum" : 0,
         "typeName" : "升级坐骑"
      },
      "refId" : "achieve_106",
      "sortID" : 81
   },
   "achieve_107" : {
      "achieveReward" : {
         "achievement" : 500,
         "bindedGold" : 90,
         "gold" : 45000
      },
      "property" : {
         "achieveDescribe" : "升级8级翅膀",
         "achieveType" : 4,
         "completeCondition" : 9,
         "name" : "翅膀8级",
         "nextAchieve" : "achieve_108",
         "targetID" : "wing_8_0",
         "targetNum" : 0,
         "typeName" : "升级坐骑"
      },
      "refId" : "achieve_107",
      "sortID" : 82
   },
   "achieve_108" : {
      "achieveReward" : {
         "achievement" : 600,
         "bindedGold" : 100,
         "gold" : 50000
      },
      "property" : {
         "achieveDescribe" : "升级9级翅膀",
         "achieveType" : 4,
         "completeCondition" : 9,
         "name" : "翅膀9级",
         "nextAchieve" : "achieve_108_1",
         "targetID" : "wing_9_0",
         "targetNum" : 0,
         "typeName" : "升级坐骑"
      },
      "refId" : "achieve_108",
      "sortID" : 83
   },
   "achieve_108_1" : {
      "achieveReward" : {
         "achievement" : 700,
         "bindedGold" : 110,
         "gold" : 55000
      },
      "property" : {
         "achieveDescribe" : "升级10级翅膀",
         "achieveType" : 4,
         "completeCondition" : 9,
         "name" : "翅膀10级",
         "nextAchieve" : "achieve_108_2",
         "targetID" : "wing_10_0",
         "targetNum" : 0,
         "typeName" : "升级坐骑"
      },
      "refId" : "achieve_108_1",
      "sortID" : 84
   },
   "achieve_108_2" : {
      "achieveReward" : {
         "achievement" : 800,
         "bindedGold" : 120,
         "gold" : 60000
      },
      "property" : {
         "achieveDescribe" : "升级11级翅膀",
         "achieveType" : 4,
         "completeCondition" : 9,
         "name" : "翅膀11级",
         "nextAchieve" : "",
         "targetID" : "wing_11_0",
         "targetNum" : 0,
         "typeName" : "升级坐骑"
      },
      "refId" : "achieve_108_2",
      "sortID" : 85
   },
   "achieve_11" : {
      "achieveReward" : {
         "achievement" : 100,
         "bindedGold" : 20,
         "gold" : 10000
      },
      "property" : {
         "achieveDescribe" : "第一次获得勋章",
         "achieveType" : 1,
         "completeCondition" : 11,
         "name" : "获得勋章",
         "nextAchieve" : "achieve_129",
         "targetID" : "equip_10_9000",
         "targetNum" : 1,
         "typeName" : "初入江湖"
      },
      "refId" : "achieve_11",
      "sortID" : 86
   },
   "achieve_110" : {
      "achieveReward" : {
         "achievement" : 200,
         "bindedGold" : 30,
         "gold" : 15000
      },
      "property" : {
         "achieveDescribe" : "获得2阶爵位",
         "achieveType" : 5,
         "completeCondition" : 4,
         "name" : "爵位2阶",
         "nextAchieve" : "achieve_111",
         "targetID" : "knight_2",
         "targetNum" : 1,
         "typeName" : "爵位提升"
      },
      "refId" : "achieve_110",
      "sortID" : 13
   },
   "achieve_111" : {
      "achieveReward" : {
         "achievement" : 300,
         "bindedGold" : 40,
         "gold" : 20000
      },
      "property" : {
         "achieveDescribe" : "获得3阶爵位",
         "achieveType" : 5,
         "completeCondition" : 4,
         "name" : "爵位3阶",
         "nextAchieve" : "achieve_112",
         "targetID" : "knight_3",
         "targetNum" : 1,
         "typeName" : "爵位提升"
      },
      "refId" : "achieve_111",
      "sortID" : 14
   },
   "achieve_112" : {
      "achieveReward" : {
         "achievement" : 400,
         "bindedGold" : 50,
         "gold" : 25000
      },
      "property" : {
         "achieveDescribe" : "获得4阶爵位",
         "achieveType" : 5,
         "completeCondition" : 4,
         "name" : "爵位4阶",
         "nextAchieve" : "achieve_113",
         "targetID" : "knight_4",
         "targetNum" : 1,
         "typeName" : "爵位提升"
      },
      "refId" : "achieve_112",
      "sortID" : 15
   },
   "achieve_113" : {
      "achieveReward" : {
         "achievement" : 500,
         "bindedGold" : 60,
         "gold" : 30000
      },
      "property" : {
         "achieveDescribe" : "获得5阶爵位",
         "achieveType" : 5,
         "completeCondition" : 4,
         "name" : "爵位5阶",
         "nextAchieve" : "achieve_114",
         "targetID" : "knight_5",
         "targetNum" : 1,
         "typeName" : "爵位提升"
      },
      "refId" : "achieve_113",
      "sortID" : 16
   },
   "achieve_114" : {
      "achieveReward" : {
         "achievement" : 600,
         "bindedGold" : 70,
         "gold" : 35000
      },
      "property" : {
         "achieveDescribe" : "获得6阶爵位",
         "achieveType" : 5,
         "completeCondition" : 4,
         "name" : "爵位6阶",
         "nextAchieve" : "achieve_115",
         "targetID" : "knight_6",
         "targetNum" : 1,
         "typeName" : "爵位提升"
      },
      "refId" : "achieve_114",
      "sortID" : 17
   },
   "achieve_115" : {
      "achieveReward" : {
         "achievement" : 700,
         "bindedGold" : 80,
         "gold" : 40000
      },
      "property" : {
         "achieveDescribe" : "获得7阶爵位",
         "achieveType" : 5,
         "completeCondition" : 4,
         "name" : "爵位7阶",
         "nextAchieve" : "achieve_116",
         "targetID" : "knight_7",
         "targetNum" : 1,
         "typeName" : "爵位提升"
      },
      "refId" : "achieve_115",
      "sortID" : 18
   },
   "achieve_116" : {
      "achieveReward" : {
         "achievement" : 800,
         "bindedGold" : 90,
         "gold" : 45000
      },
      "property" : {
         "achieveDescribe" : "获得8阶爵位",
         "achieveType" : 5,
         "completeCondition" : 4,
         "name" : "爵位8阶",
         "nextAchieve" : "achieve_117",
         "targetID" : "knight_8",
         "targetNum" : 1,
         "typeName" : "爵位提升"
      },
      "refId" : "achieve_116",
      "sortID" : 19
   },
   "achieve_117" : {
      "achieveReward" : {
         "achievement" : 900,
         "bindedGold" : 100,
         "gold" : 50000
      },
      "property" : {
         "achieveDescribe" : "获得9阶爵位",
         "achieveType" : 5,
         "completeCondition" : 4,
         "name" : "爵位9阶",
         "nextAchieve" : "achieve_118",
         "targetID" : "knight_9",
         "targetNum" : 1,
         "typeName" : "爵位提升"
      },
      "refId" : "achieve_117",
      "sortID" : 20
   },
   "achieve_118" : {
      "achieveReward" : {
         "achievement" : 1000,
         "bindedGold" : 110,
         "gold" : 55000
      },
      "property" : {
         "achieveDescribe" : "获得10阶爵位",
         "achieveType" : 5,
         "completeCondition" : 4,
         "name" : "爵位10阶",
         "nextAchieve" : "achieve_118_1",
         "targetID" : "knight_10",
         "targetNum" : 1,
         "typeName" : "爵位提升"
      },
      "refId" : "achieve_118",
      "sortID" : 21
   },
   "achieve_118_1" : {
      "achieveReward" : {
         "achievement" : 1000,
         "bindedGold" : 120,
         "gold" : 60000
      },
      "property" : {
         "achieveDescribe" : "获得11阶爵位",
         "achieveType" : 5,
         "completeCondition" : 4,
         "name" : "爵位11阶",
         "nextAchieve" : "achieve_118_2",
         "targetID" : "knight_11",
         "targetNum" : 1,
         "typeName" : "爵位提升"
      },
      "refId" : "achieve_118_1",
      "sortID" : 22
   },
   "achieve_118_10" : {
      "achieveReward" : {
         "achievement" : 1000,
         "bindedGold" : 210,
         "gold" : 150000
      },
      "property" : {
         "achieveDescribe" : "获得20阶爵位",
         "achieveType" : 5,
         "completeCondition" : 4,
         "name" : "爵位20阶",
         "nextAchieve" : "achieve_118_11",
         "targetID" : "knight_20",
         "targetNum" : 1,
         "typeName" : "爵位提升"
      },
      "refId" : "achieve_118_10",
      "sortID" : 31
   },
   "achieve_118_11" : {
      "achieveReward" : {
         "achievement" : 1000,
         "bindedGold" : 220,
         "gold" : 160000
      },
      "property" : {
         "achieveDescribe" : "获得21阶爵位",
         "achieveType" : 5,
         "completeCondition" : 4,
         "name" : "爵位21阶",
         "nextAchieve" : "achieve_118_12",
         "targetID" : "knight_21",
         "targetNum" : 1,
         "typeName" : "爵位提升"
      },
      "refId" : "achieve_118_11",
      "sortID" : 32
   },
   "achieve_118_12" : {
      "achieveReward" : {
         "achievement" : 1000,
         "bindedGold" : 230,
         "gold" : 170000
      },
      "property" : {
         "achieveDescribe" : "获得22阶爵位",
         "achieveType" : 5,
         "completeCondition" : 4,
         "name" : "爵位22阶",
         "nextAchieve" : "achieve_118_13",
         "targetID" : "knight_22",
         "targetNum" : 1,
         "typeName" : "爵位提升"
      },
      "refId" : "achieve_118_12",
      "sortID" : 33
   },
   "achieve_118_13" : {
      "achieveReward" : {
         "achievement" : 1000,
         "bindedGold" : 240,
         "gold" : 180000
      },
      "property" : {
         "achieveDescribe" : "获得23阶爵位",
         "achieveType" : 5,
         "completeCondition" : 4,
         "name" : "爵位23阶",
         "nextAchieve" : "achieve_118_14",
         "targetID" : "knight_23",
         "targetNum" : 1,
         "typeName" : "爵位提升"
      },
      "refId" : "achieve_118_13",
      "sortID" : 34
   },
   "achieve_118_14" : {
      "achieveReward" : {
         "achievement" : 1000,
         "bindedGold" : 250,
         "gold" : 190000
      },
      "property" : {
         "achieveDescribe" : "获得24阶爵位",
         "achieveType" : 5,
         "completeCondition" : 4,
         "name" : "爵位24阶",
         "nextAchieve" : "achieve_118_15",
         "targetID" : "knight_24",
         "targetNum" : 1,
         "typeName" : "爵位提升"
      },
      "refId" : "achieve_118_14",
      "sortID" : 35
   },
   "achieve_118_15" : {
      "achieveReward" : {
         "achievement" : 1000,
         "bindedGold" : 260,
         "gold" : 200000
      },
      "property" : {
         "achieveDescribe" : "获得25阶爵位",
         "achieveType" : 5,
         "completeCondition" : 4,
         "name" : "爵位25阶",
         "nextAchieve" : "achieve_118_16",
         "targetID" : "knight_25",
         "targetNum" : 1,
         "typeName" : "爵位提升"
      },
      "refId" : "achieve_118_15",
      "sortID" : 36
   },
   "achieve_118_16" : {
      "achieveReward" : {
         "achievement" : 1000,
         "bindedGold" : 270,
         "gold" : 210000
      },
      "property" : {
         "achieveDescribe" : "获得26阶爵位",
         "achieveType" : 5,
         "completeCondition" : 4,
         "name" : "爵位26阶",
         "nextAchieve" : "achieve_118_17",
         "targetID" : "knight_26",
         "targetNum" : 1,
         "typeName" : "爵位提升"
      },
      "refId" : "achieve_118_16",
      "sortID" : 37
   },
   "achieve_118_17" : {
      "achieveReward" : {
         "achievement" : 1000,
         "bindedGold" : 280,
         "gold" : 220000
      },
      "property" : {
         "achieveDescribe" : "获得27阶爵位",
         "achieveType" : 5,
         "completeCondition" : 4,
         "name" : "爵位27阶",
         "nextAchieve" : "achieve_118_18",
         "targetID" : "knight_27",
         "targetNum" : 1,
         "typeName" : "爵位提升"
      },
      "refId" : "achieve_118_17",
      "sortID" : 38
   },
   "achieve_118_18" : {
      "achieveReward" : {
         "achievement" : 1000,
         "bindedGold" : 290,
         "gold" : 230000
      },
      "property" : {
         "achieveDescribe" : "获得28阶爵位",
         "achieveType" : 5,
         "completeCondition" : 4,
         "name" : "爵位28阶",
         "nextAchieve" : "achieve_118_19",
         "targetID" : "knight_28",
         "targetNum" : 1,
         "typeName" : "爵位提升"
      },
      "refId" : "achieve_118_18",
      "sortID" : 39
   },
   "achieve_118_19" : {
      "achieveReward" : {
         "achievement" : 1000,
         "bindedGold" : 300,
         "gold" : 240000
      },
      "property" : {
         "achieveDescribe" : "获得29阶爵位",
         "achieveType" : 5,
         "completeCondition" : 4,
         "name" : "爵位29阶",
         "nextAchieve" : "achieve_118_20",
         "targetID" : "knight_29",
         "targetNum" : 1,
         "typeName" : "爵位提升"
      },
      "refId" : "achieve_118_19",
      "sortID" : 40
   },
   "achieve_118_2" : {
      "achieveReward" : {
         "achievement" : 1000,
         "bindedGold" : 130,
         "gold" : 70000
      },
      "property" : {
         "achieveDescribe" : "获得12阶爵位",
         "achieveType" : 5,
         "completeCondition" : 4,
         "name" : "爵位12阶",
         "nextAchieve" : "achieve_118_3",
         "targetID" : "knight_12",
         "targetNum" : 1,
         "typeName" : "爵位提升"
      },
      "refId" : "achieve_118_2",
      "sortID" : 23
   },
   "achieve_118_20" : {
      "achieveReward" : {
         "achievement" : 1000,
         "bindedGold" : 310,
         "gold" : 250000
      },
      "property" : {
         "achieveDescribe" : "获得30阶爵位",
         "achieveType" : 5,
         "completeCondition" : 4,
         "name" : "爵位30阶",
         "nextAchieve" : "",
         "targetID" : "knight_30",
         "targetNum" : 1,
         "typeName" : "爵位提升"
      },
      "refId" : "achieve_118_20",
      "sortID" : 41
   },
   "achieve_118_3" : {
      "achieveReward" : {
         "achievement" : 1000,
         "bindedGold" : 140,
         "gold" : 80000
      },
      "property" : {
         "achieveDescribe" : "获得13阶爵位",
         "achieveType" : 5,
         "completeCondition" : 4,
         "name" : "爵位13阶",
         "nextAchieve" : "achieve_118_4",
         "targetID" : "knight_13",
         "targetNum" : 1,
         "typeName" : "爵位提升"
      },
      "refId" : "achieve_118_3",
      "sortID" : 24
   },
   "achieve_118_4" : {
      "achieveReward" : {
         "achievement" : 1000,
         "bindedGold" : 150,
         "gold" : 90000
      },
      "property" : {
         "achieveDescribe" : "获得14阶爵位",
         "achieveType" : 5,
         "completeCondition" : 4,
         "name" : "爵位14阶",
         "nextAchieve" : "achieve_118_5",
         "targetID" : "knight_14",
         "targetNum" : 1,
         "typeName" : "爵位提升"
      },
      "refId" : "achieve_118_4",
      "sortID" : 25
   },
   "achieve_118_5" : {
      "achieveReward" : {
         "achievement" : 1000,
         "bindedGold" : 160,
         "gold" : 100000
      },
      "property" : {
         "achieveDescribe" : "获得15阶爵位",
         "achieveType" : 5,
         "completeCondition" : 4,
         "name" : "爵位15阶",
         "nextAchieve" : "achieve_118_6",
         "targetID" : "knight_15",
         "targetNum" : 1,
         "typeName" : "爵位提升"
      },
      "refId" : "achieve_118_5",
      "sortID" : 26
   },
   "achieve_118_6" : {
      "achieveReward" : {
         "achievement" : 1000,
         "bindedGold" : 170,
         "gold" : 110000
      },
      "property" : {
         "achieveDescribe" : "获得16阶爵位",
         "achieveType" : 5,
         "completeCondition" : 4,
         "name" : "爵位16阶",
         "nextAchieve" : "achieve_118_7",
         "targetID" : "knight_16",
         "targetNum" : 1,
         "typeName" : "爵位提升"
      },
      "refId" : "achieve_118_6",
      "sortID" : 27
   },
   "achieve_118_7" : {
      "achieveReward" : {
         "achievement" : 1000,
         "bindedGold" : 180,
         "gold" : 120000
      },
      "property" : {
         "achieveDescribe" : "获得17阶爵位",
         "achieveType" : 5,
         "completeCondition" : 4,
         "name" : "爵位17阶",
         "nextAchieve" : "achieve_118_8",
         "targetID" : "knight_17",
         "targetNum" : 1,
         "typeName" : "爵位提升"
      },
      "refId" : "achieve_118_7",
      "sortID" : 28
   },
   "achieve_118_8" : {
      "achieveReward" : {
         "achievement" : 1000,
         "bindedGold" : 190,
         "gold" : 130000
      },
      "property" : {
         "achieveDescribe" : "获得18阶爵位",
         "achieveType" : 5,
         "completeCondition" : 4,
         "name" : "爵位18阶",
         "nextAchieve" : "achieve_118_9",
         "targetID" : "knight_18",
         "targetNum" : 1,
         "typeName" : "爵位提升"
      },
      "refId" : "achieve_118_8",
      "sortID" : 29
   },
   "achieve_118_9" : {
      "achieveReward" : {
         "achievement" : 1000,
         "bindedGold" : 200,
         "gold" : 140000
      },
      "property" : {
         "achieveDescribe" : "获得19阶爵位",
         "achieveType" : 5,
         "completeCondition" : 4,
         "name" : "爵位19阶",
         "nextAchieve" : "achieve_118_10",
         "targetID" : "knight_19",
         "targetNum" : 1,
         "typeName" : "爵位提升"
      },
      "refId" : "achieve_118_9",
      "sortID" : 30
   },
   "achieve_129" : {
      "achieveReward" : {
         "achievement" : 200,
         "bindedGold" : 30,
         "gold" : 15000
      },
      "property" : {
         "achieveDescribe" : "获得2级勋章",
         "achieveType" : 6,
         "completeCondition" : 11,
         "name" : "勋章2级",
         "nextAchieve" : "achieve_130",
         "targetID" : "equip_20_9000",
         "targetNum" : 0,
         "typeName" : "获得勋章"
      },
      "refId" : "achieve_129",
      "sortID" : 87
   },
   "achieve_130" : {
      "achieveReward" : {
         "achievement" : 300,
         "bindedGold" : 40,
         "gold" : 20000
      },
      "property" : {
         "achieveDescribe" : "获得3级勋章",
         "achieveType" : 6,
         "completeCondition" : 11,
         "name" : "勋章3级",
         "nextAchieve" : "achieve_131",
         "targetID" : "equip_30_9000",
         "targetNum" : 0,
         "typeName" : "获得勋章"
      },
      "refId" : "achieve_130",
      "sortID" : 88
   },
   "achieve_131" : {
      "achieveReward" : {
         "achievement" : 400,
         "bindedGold" : 50,
         "gold" : 25000
      },
      "property" : {
         "achieveDescribe" : "获得4级勋章",
         "achieveType" : 6,
         "completeCondition" : 11,
         "name" : "勋章4级",
         "nextAchieve" : "achieve_132",
         "targetID" : "equip_40_9000",
         "targetNum" : 0,
         "typeName" : "获得勋章"
      },
      "refId" : "achieve_131",
      "sortID" : 89
   },
   "achieve_132" : {
      "achieveReward" : {
         "achievement" : 500,
         "bindedGold" : 50,
         "gold" : 30000
      },
      "property" : {
         "achieveDescribe" : "获得5级勋章",
         "achieveType" : 6,
         "completeCondition" : 11,
         "name" : "勋章5级",
         "nextAchieve" : "achieve_133",
         "targetID" : "equip_50_9000",
         "targetNum" : 0,
         "typeName" : "获得勋章"
      },
      "refId" : "achieve_132",
      "sortID" : 90
   },
   "achieve_133" : {
      "achieveReward" : {
         "achievement" : 600,
         "bindedGold" : 60,
         "gold" : 35000
      },
      "property" : {
         "achieveDescribe" : "获得6级勋章",
         "achieveType" : 6,
         "completeCondition" : 11,
         "name" : "勋章6级",
         "nextAchieve" : "achieve_134",
         "targetID" : "equip_60_9000",
         "targetNum" : 0,
         "typeName" : "获得勋章"
      },
      "refId" : "achieve_133",
      "sortID" : 91
   },
   "achieve_134" : {
      "achieveReward" : {
         "achievement" : 700,
         "bindedGold" : 70,
         "gold" : 40000
      },
      "property" : {
         "achieveDescribe" : "获得7级勋章",
         "achieveType" : 6,
         "completeCondition" : 11,
         "name" : "勋章7级",
         "nextAchieve" : "achieve_135",
         "targetID" : "equip_70_9000",
         "targetNum" : 0,
         "typeName" : "获得勋章"
      },
      "refId" : "achieve_134",
      "sortID" : 92
   },
   "achieve_135" : {
      "achieveReward" : {
         "achievement" : 800,
         "bindedGold" : 80,
         "gold" : 45000
      },
      "property" : {
         "achieveDescribe" : "获得8级勋章",
         "achieveType" : 6,
         "completeCondition" : 11,
         "name" : "勋章8级",
         "nextAchieve" : "achieve_136",
         "targetID" : "equip_80_9000",
         "targetNum" : 0,
         "typeName" : "获得勋章"
      },
      "refId" : "achieve_135",
      "sortID" : 93
   },
   "achieve_136" : {
      "achieveReward" : {
         "achievement" : 900,
         "bindedGold" : 90,
         "gold" : 50000
      },
      "property" : {
         "achieveDescribe" : "获得9级勋章",
         "achieveType" : 6,
         "completeCondition" : 11,
         "name" : "勋章9级",
         "nextAchieve" : "achieve_137",
         "targetID" : "equip_90_9000",
         "targetNum" : 0,
         "typeName" : "获得勋章"
      },
      "refId" : "achieve_136",
      "sortID" : 94
   },
   "achieve_137" : {
      "achieveReward" : {
         "achievement" : 1000,
         "bindedGold" : 100,
         "gold" : 55000
      },
      "property" : {
         "achieveDescribe" : "获得10级勋章",
         "achieveType" : 6,
         "completeCondition" : 11,
         "name" : "勋章10级",
         "nextAchieve" : "achieve_137_1",
         "targetID" : "equip_100_9000",
         "targetNum" : 0,
         "typeName" : "获得勋章"
      },
      "refId" : "achieve_137",
      "sortID" : 95
   },
   "achieve_137_1" : {
      "achieveReward" : {
         "achievement" : 1000,
         "bindedGold" : 110,
         "gold" : 60000
      },
      "property" : {
         "achieveDescribe" : "获得11级勋章",
         "achieveType" : 6,
         "completeCondition" : 11,
         "name" : "勋章11级",
         "nextAchieve" : "achieve_137_2",
         "targetID" : "equip_110_9000",
         "targetNum" : 0,
         "typeName" : "获得勋章"
      },
      "refId" : "achieve_137_1",
      "sortID" : 96
   },
   "achieve_137_2" : {
      "achieveReward" : {
         "achievement" : 1000,
         "bindedGold" : 120,
         "gold" : 65000
      },
      "property" : {
         "achieveDescribe" : "获得12级勋章",
         "achieveType" : 6,
         "completeCondition" : 11,
         "name" : "勋章12级",
         "nextAchieve" : "",
         "targetID" : "equip_120_9000",
         "targetNum" : 0,
         "typeName" : "获得勋章"
      },
      "refId" : "achieve_137_2",
      "sortID" : 97
   },
   "achieve_138" : {
      "achieveReward" : {
         "achievement" : 100,
         "bindedGold" : 20,
         "gold" : 10000
      },
      "property" : {
         "achieveDescribe" : "参加1次王城争霸战",
         "achieveType" : 1,
         "completeCondition" : 13,
         "name" : "为了公会",
         "nextAchieve" : "",
         "targetID" : "0",
         "targetNum" : 1,
         "typeName" : "初入江湖"
      },
      "refId" : "achieve_138",
      "sortID" : 98
   },
   "achieve_139" : {
      "achieveReward" : {
         "achievement" : 200,
         "bindedGold" : 30,
         "gold" : 15000
      },
      "property" : {
         "achieveDescribe" : "赢得1次王城争霸战",
         "achieveType" : 1,
         "completeCondition" : 14,
         "name" : "荣耀时刻",
         "nextAchieve" : "",
         "targetID" : "0",
         "targetNum" : 1,
         "typeName" : "初入江湖"
      },
      "refId" : "achieve_139",
      "sortID" : 99
   },
   "achieve_140" : {
      "achieveReward" : {
         "achievement" : 500,
         "bindedGold" : 60,
         "gold" : 30000
      },
      "property" : {
         "achieveDescribe" : "连续2次赢得王城争霸战",
         "achieveType" : 1,
         "completeCondition" : 15,
         "name" : "蝉联霸主",
         "nextAchieve" : "",
         "targetID" : "0",
         "targetNum" : 2,
         "typeName" : "初入江湖"
      },
      "refId" : "achieve_140",
      "sortID" : 100
   },
   "achieve_141" : {
      "achieveReward" : {
         "achievement" : 200,
         "bindedGold" : 30,
         "gold" : 15000
      },
      "property" : {
         "achieveDescribe" : "在王城争霸战中击败1个敌对玩家",
         "achieveType" : 1,
         "completeCondition" : 16,
         "name" : "战而胜之",
         "nextAchieve" : "achieve_142",
         "targetID" : "0",
         "targetNum" : 1,
         "typeName" : "初入江湖"
      },
      "refId" : "achieve_141",
      "sortID" : 101
   },
   "achieve_142" : {
      "achieveReward" : {
         "achievement" : 300,
         "bindedGold" : 40,
         "gold" : 20000
      },
      "property" : {
         "achieveDescribe" : "在王城争霸战中击败10个敌对玩家",
         "achieveType" : 1,
         "completeCondition" : 16,
         "name" : "一夫当关",
         "nextAchieve" : "achieve_143",
         "targetID" : "0",
         "targetNum" : 10,
         "typeName" : "初入江湖"
      },
      "refId" : "achieve_142",
      "sortID" : 102
   },
   "achieve_143" : {
      "achieveReward" : {
         "achievement" : 500,
         "bindedGold" : 60,
         "gold" : 30000
      },
      "property" : {
         "achieveDescribe" : "在王城争霸战中击败100个敌对玩家",
         "achieveType" : 1,
         "completeCondition" : 16,
         "name" : "有我无敌",
         "nextAchieve" : "",
         "targetID" : "0",
         "targetNum" : 100,
         "typeName" : "初入江湖"
      },
      "refId" : "achieve_143",
      "sortID" : 103
   },
   "achieve_144" : {
      "achieveReward" : {
         "achievement" : 200,
         "bindedGold" : 30,
         "gold" : 15000
      },
      "property" : {
         "achieveDescribe" : "在王城争霸战中击败祥瑞麒麟",
         "achieveType" : 3,
         "completeCondition" : 17,
         "name" : "瑞兽相助",
         "nextAchieve" : "",
         "targetID" : "monster_8001",
         "targetNum" : 1,
         "typeName" : "击杀首领"
      },
      "refId" : "achieve_144",
      "sortID" : 104
   },
   "achieve_145" : {
      "achieveReward" : {
         "achievement" : 200,
         "bindedGold" : 30,
         "gold" : 15000
      },
      "property" : {
         "achieveDescribe" : "创建1个公会",
         "achieveType" : 1,
         "completeCondition" : 18,
         "name" : "创建公会",
         "nextAchieve" : "",
         "targetID" : "0",
         "targetNum" : 1,
         "typeName" : "初入江湖"
      },
      "refId" : "achieve_145",
      "sortID" : 105
   },
   "achieve_146" : {
      "achieveReward" : {
         "achievement" : 100,
         "bindedGold" : 20,
         "gold" : 10000
      },
      "property" : {
         "achieveDescribe" : "加入1个公会",
         "achieveType" : 1,
         "completeCondition" : 19,
         "name" : "加入公会",
         "nextAchieve" : "",
         "targetID" : "0",
         "targetNum" : 1,
         "typeName" : "初入江湖"
      },
      "refId" : "achieve_146",
      "sortID" : 106
   },
   "achieve_147" : {
      "achieveReward" : {
         "achievement" : 300,
         "bindedGold" : 40,
         "gold" : 20000
      },
      "property" : {
         "achieveDescribe" : "所在公会成为满员公会",
         "achieveType" : 1,
         "completeCondition" : 20,
         "name" : "群英汇聚",
         "nextAchieve" : "",
         "targetID" : "0",
         "targetNum" : 1,
         "typeName" : "初入江湖"
      },
      "refId" : "achieve_147",
      "sortID" : 107
   },
   "achieve_148" : {
      "achieveReward" : {
         "achievement" : 100,
         "bindedGold" : 20,
         "gold" : 10000
      },
      "property" : {
         "achieveDescribe" : "总战力提升至10000",
         "achieveType" : 1,
         "completeCondition" : 23,
         "name" : "战力10000",
         "nextAchieve" : "achieve_149",
         "targetID" : "0",
         "targetNum" : 10000,
         "typeName" : "初入江湖"
      },
      "refId" : "achieve_148",
      "sortID" : 108
   },
   "achieve_149" : {
      "achieveReward" : {
         "achievement" : 200,
         "bindedGold" : 30,
         "gold" : 15000
      },
      "property" : {
         "achieveDescribe" : "总战力提升至20000",
         "achieveType" : 1,
         "completeCondition" : 23,
         "name" : "战力20000",
         "nextAchieve" : "achieve_150",
         "targetID" : "0",
         "targetNum" : 20000,
         "typeName" : "初入江湖"
      },
      "refId" : "achieve_149",
      "sortID" : 109
   },
   "achieve_15" : {
      "achieveReward" : {
         "achievement" : 100,
         "bindedGold" : 20,
         "gold" : 10000
      },
      "property" : {
         "achieveDescribe" : "强化装备10次",
         "achieveType" : 1,
         "completeCondition" : 5,
         "name" : "强化10次",
         "nextAchieve" : "achieve_20",
         "targetID" : "0",
         "targetNum" : 10,
         "typeName" : "初入江湖"
      },
      "refId" : "achieve_15",
      "sortID" : 43
   },
   "achieve_150" : {
      "achieveReward" : {
         "achievement" : 300,
         "bindedGold" : 40,
         "gold" : 20000
      },
      "property" : {
         "achieveDescribe" : "总战力提升至30000",
         "achieveType" : 1,
         "completeCondition" : 23,
         "name" : "战力30000",
         "nextAchieve" : "achieve_151",
         "targetID" : "0",
         "targetNum" : 30000,
         "typeName" : "初入江湖"
      },
      "refId" : "achieve_150",
      "sortID" : 110
   },
   "achieve_151" : {
      "achieveReward" : {
         "achievement" : 400,
         "bindedGold" : 50,
         "gold" : 25000
      },
      "property" : {
         "achieveDescribe" : "总战力提升至40000",
         "achieveType" : 1,
         "completeCondition" : 23,
         "name" : "战力40000",
         "nextAchieve" : "achieve_152",
         "targetID" : "0",
         "targetNum" : 40000,
         "typeName" : "初入江湖"
      },
      "refId" : "achieve_151",
      "sortID" : 111
   },
   "achieve_152" : {
      "achieveReward" : {
         "achievement" : 500,
         "bindedGold" : 60,
         "gold" : 30000
      },
      "property" : {
         "achieveDescribe" : "总战力提升至50000",
         "achieveType" : 1,
         "completeCondition" : 23,
         "name" : "战力50000",
         "nextAchieve" : "achieve_153",
         "targetID" : "0",
         "targetNum" : 50000,
         "typeName" : "初入江湖"
      },
      "refId" : "achieve_152",
      "sortID" : 112
   },
   "achieve_153" : {
      "achieveReward" : {
         "achievement" : 600,
         "bindedGold" : 70,
         "gold" : 35000
      },
      "property" : {
         "achieveDescribe" : "总战力提升至60000",
         "achieveType" : 1,
         "completeCondition" : 23,
         "name" : "战力60000",
         "nextAchieve" : "achieve_153_1",
         "targetID" : "0",
         "targetNum" : 60000,
         "typeName" : "初入江湖"
      },
      "refId" : "achieve_153",
      "sortID" : 113
   },
   "achieve_153_1" : {
      "achieveReward" : {
         "achievement" : 700,
         "bindedGold" : 80,
         "gold" : 40000
      },
      "property" : {
         "achieveDescribe" : "总战力提升至70000",
         "achieveType" : 1,
         "completeCondition" : 23,
         "name" : "战力70000",
         "nextAchieve" : "achieve_153_2",
         "targetID" : "0",
         "targetNum" : 70000,
         "typeName" : "初入江湖"
      },
      "refId" : "achieve_153_1",
      "sortID" : 114
   },
   "achieve_153_2" : {
      "achieveReward" : {
         "achievement" : 800,
         "bindedGold" : 90,
         "gold" : 45000
      },
      "property" : {
         "achieveDescribe" : "总战力提升至80000",
         "achieveType" : 1,
         "completeCondition" : 23,
         "name" : "战力80000",
         "nextAchieve" : "achieve_153_3",
         "targetID" : "0",
         "targetNum" : 80000,
         "typeName" : "初入江湖"
      },
      "refId" : "achieve_153_2",
      "sortID" : 115
   },
   "achieve_153_3" : {
      "achieveReward" : {
         "achievement" : 900,
         "bindedGold" : 100,
         "gold" : 50000
      },
      "property" : {
         "achieveDescribe" : "总战力提升至90000",
         "achieveType" : 1,
         "completeCondition" : 23,
         "name" : "战力90000",
         "nextAchieve" : "achieve_153_4",
         "targetID" : "0",
         "targetNum" : 90000,
         "typeName" : "初入江湖"
      },
      "refId" : "achieve_153_3",
      "sortID" : 116
   },
   "achieve_153_4" : {
      "achieveReward" : {
         "achievement" : 1000,
         "bindedGold" : 110,
         "gold" : 55000
      },
      "property" : {
         "achieveDescribe" : "总战力提升至100000",
         "achieveType" : 1,
         "completeCondition" : 23,
         "name" : "战力100000",
         "nextAchieve" : "",
         "targetID" : "0",
         "targetNum" : 100000,
         "typeName" : "初入江湖"
      },
      "refId" : "achieve_153_4",
      "sortID" : 117
   },
   "achieve_154" : {
      "achieveReward" : {
         "achievement" : 300,
         "bindedGold" : 40,
         "gold" : 20000
      },
      "property" : {
         "achieveDescribe" : "全身装备强化至+6以上",
         "achieveType" : 1,
         "completeCondition" : 25,
         "name" : "全身强化+6",
         "nextAchieve" : "achieve_155",
         "targetID" : "0",
         "targetNum" : 6,
         "typeName" : "初入江湖"
      },
      "refId" : "achieve_154",
      "sortID" : 118
   },
   "achieve_155" : {
      "achieveReward" : {
         "achievement" : 400,
         "bindedGold" : 50,
         "gold" : 25000
      },
      "property" : {
         "achieveDescribe" : "全身装备强化至+8以上",
         "achieveType" : 1,
         "completeCondition" : 25,
         "name" : "全身强化+8",
         "nextAchieve" : "achieve_156",
         "targetID" : "0",
         "targetNum" : 8,
         "typeName" : "初入江湖"
      },
      "refId" : "achieve_155",
      "sortID" : 119
   },
   "achieve_156" : {
      "achieveReward" : {
         "achievement" : 500,
         "bindedGold" : 60,
         "gold" : 30000
      },
      "property" : {
         "achieveDescribe" : "全身装备强化至+10以上",
         "achieveType" : 1,
         "completeCondition" : 25,
         "name" : "全身强化+10",
         "nextAchieve" : "achieve_157",
         "targetID" : "0",
         "targetNum" : 10,
         "typeName" : "初入江湖"
      },
      "refId" : "achieve_156",
      "sortID" : 120
   },
   "achieve_157" : {
      "achieveReward" : {
         "achievement" : 1500,
         "bindedGold" : 500,
         "gold" : 100000
      },
      "property" : {
         "achieveDescribe" : "全身装备强化至+12",
         "achieveType" : 1,
         "completeCondition" : 25,
         "name" : "全身强化+12",
         "nextAchieve" : "",
         "targetID" : "0",
         "targetNum" : 12,
         "typeName" : "初入江湖"
      },
      "refId" : "achieve_157",
      "sortID" : 121
   },
   "achieve_158" : {
      "achieveReward" : {
         "achievement" : 100,
         "bindedGold" : 20,
         "gold" : 10000
      },
      "property" : {
         "achieveDescribe" : "心法等级提升至10级",
         "achieveType" : 1,
         "completeCondition" : 26,
         "name" : "心法10级",
         "nextAchieve" : "achieve_159",
         "targetID" : "0",
         "targetNum" : 10,
         "typeName" : "初入江湖"
      },
      "refId" : "achieve_158",
      "sortID" : 122
   },
   "achieve_159" : {
      "achieveReward" : {
         "achievement" : 200,
         "bindedGold" : 30,
         "gold" : 15000
      },
      "property" : {
         "achieveDescribe" : "心法等级提升至20级",
         "achieveType" : 1,
         "completeCondition" : 26,
         "name" : "心法20级",
         "nextAchieve" : "achieve_160",
         "targetID" : "0",
         "targetNum" : 20,
         "typeName" : "初入江湖"
      },
      "refId" : "achieve_159",
      "sortID" : 123
   },
   "achieve_160" : {
      "achieveReward" : {
         "achievement" : 300,
         "bindedGold" : 40,
         "gold" : 20000
      },
      "property" : {
         "achieveDescribe" : "心法等级提升至30级",
         "achieveType" : 1,
         "completeCondition" : 26,
         "name" : "心法30级",
         "nextAchieve" : "achieve_161",
         "targetID" : "0",
         "targetNum" : 30,
         "typeName" : "初入江湖"
      },
      "refId" : "achieve_160",
      "sortID" : 124
   },
   "achieve_161" : {
      "achieveReward" : {
         "achievement" : 400,
         "bindedGold" : 50,
         "gold" : 25000
      },
      "property" : {
         "achieveDescribe" : "心法等级提升至40级",
         "achieveType" : 1,
         "completeCondition" : 26,
         "name" : "心法40级",
         "nextAchieve" : "achieve_162",
         "targetID" : "0",
         "targetNum" : 40,
         "typeName" : "初入江湖"
      },
      "refId" : "achieve_161",
      "sortID" : 125
   },
   "achieve_162" : {
      "achieveReward" : {
         "achievement" : 500,
         "bindedGold" : 60,
         "gold" : 30000
      },
      "property" : {
         "achieveDescribe" : "心法等级提升至50级",
         "achieveType" : 1,
         "completeCondition" : 26,
         "name" : "心法50级",
         "nextAchieve" : "achieve_163",
         "targetID" : "0",
         "targetNum" : 50,
         "typeName" : "初入江湖"
      },
      "refId" : "achieve_162",
      "sortID" : 126
   },
   "achieve_163" : {
      "achieveReward" : {
         "achievement" : 600,
         "bindedGold" : 70,
         "gold" : 35000
      },
      "property" : {
         "achieveDescribe" : "心法等级提升至60级",
         "achieveType" : 1,
         "completeCondition" : 26,
         "name" : "心法60级",
         "nextAchieve" : "achieve_163_1",
         "targetID" : "0",
         "targetNum" : 60,
         "typeName" : "初入江湖"
      },
      "refId" : "achieve_163",
      "sortID" : 127
   },
   "achieve_163_1" : {
      "achieveReward" : {
         "achievement" : 700,
         "bindedGold" : 80,
         "gold" : 40000
      },
      "property" : {
         "achieveDescribe" : "心法等级提升至70级",
         "achieveType" : 1,
         "completeCondition" : 26,
         "name" : "心法70级",
         "nextAchieve" : "achieve_163_2",
         "targetID" : "0",
         "targetNum" : 70,
         "typeName" : "初入江湖"
      },
      "refId" : "achieve_163_1",
      "sortID" : 128
   },
   "achieve_163_2" : {
      "achieveReward" : {
         "achievement" : 800,
         "bindedGold" : 90,
         "gold" : 45000
      },
      "property" : {
         "achieveDescribe" : "心法等级提升至80级",
         "achieveType" : 1,
         "completeCondition" : 26,
         "name" : "心法80级",
         "nextAchieve" : "achieve_163_3",
         "targetID" : "0",
         "targetNum" : 80,
         "typeName" : "初入江湖"
      },
      "refId" : "achieve_163_2",
      "sortID" : 129
   },
   "achieve_163_3" : {
      "achieveReward" : {
         "achievement" : 900,
         "bindedGold" : 100,
         "gold" : 50000
      },
      "property" : {
         "achieveDescribe" : "心法等级提升至90级",
         "achieveType" : 1,
         "completeCondition" : 26,
         "name" : "心法90级",
         "nextAchieve" : "achieve_163_4",
         "targetID" : "0",
         "targetNum" : 90,
         "typeName" : "初入江湖"
      },
      "refId" : "achieve_163_3",
      "sortID" : 130
   },
   "achieve_163_4" : {
      "achieveReward" : {
         "achievement" : 1000,
         "bindedGold" : 150,
         "gold" : 80000
      },
      "property" : {
         "achieveDescribe" : "心法等级提升至99级",
         "achieveType" : 1,
         "completeCondition" : 26,
         "name" : "心法99级",
         "nextAchieve" : "achieve_163_5",
         "targetID" : "0",
         "targetNum" : 99,
         "typeName" : "初入江湖"
      },
      "refId" : "achieve_163_4",
      "sortID" : 131
   },
   "achieve_163_5" : {
      "achieveReward" : {
         "achievement" : 1000,
         "bindedGold" : 200,
         "gold" : 100000
      },
      "property" : {
         "achieveDescribe" : "心法等级提升至100级",
         "achieveType" : 1,
         "completeCondition" : 26,
         "name" : "心法100级",
         "nextAchieve" : "achieve_163_6",
         "targetID" : "0",
         "targetNum" : 100,
         "typeName" : "初入江湖"
      },
      "refId" : "achieve_163_5",
      "sortID" : 132
   },
   "achieve_163_6" : {
      "achieveReward" : {
         "achievement" : 1000,
         "bindedGold" : 250,
         "gold" : 150000
      },
      "property" : {
         "achieveDescribe" : "心法等级提升至110级",
         "achieveType" : 1,
         "completeCondition" : 26,
         "name" : "心法110级",
         "nextAchieve" : "achieve_163_7",
         "targetID" : "0",
         "targetNum" : 110,
         "typeName" : "初入江湖"
      },
      "refId" : "achieve_163_6",
      "sortID" : 133
   },
   "achieve_163_7" : {
      "achieveReward" : {
         "achievement" : 1000,
         "bindedGold" : 300,
         "gold" : 200000
      },
      "property" : {
         "achieveDescribe" : "心法等级提升至120级",
         "achieveType" : 1,
         "completeCondition" : 26,
         "name" : "心法120级",
         "nextAchieve" : "",
         "targetID" : "0",
         "targetNum" : 120,
         "typeName" : "初入江湖"
      },
      "refId" : "achieve_163_7",
      "sortID" : 134
   },
   "achieve_164" : {
      "achieveReward" : {
         "achievement" : 100,
         "bindedGold" : 20,
         "gold" : 10000
      },
      "property" : {
         "achieveDescribe" : "获得1个神器",
         "achieveType" : 1,
         "completeCondition" : 27,
         "name" : "获得1个神器",
         "nextAchieve" : "achieve_165",
         "targetID" : "0",
         "targetNum" : 1,
         "typeName" : "初入江湖"
      },
      "refId" : "achieve_164",
      "sortID" : 135
   },
   "achieve_165" : {
      "achieveReward" : {
         "achievement" : 200,
         "bindedGold" : 30,
         "gold" : 15000
      },
      "property" : {
         "achieveDescribe" : "获得3个神器",
         "achieveType" : 1,
         "completeCondition" : 27,
         "name" : "获得3个神器",
         "nextAchieve" : "achieve_166",
         "targetID" : "0",
         "targetNum" : 3,
         "typeName" : "初入江湖"
      },
      "refId" : "achieve_165",
      "sortID" : 136
   },
   "achieve_166" : {
      "achieveReward" : {
         "achievement" : 400,
         "bindedGold" : 50,
         "gold" : 25000
      },
      "property" : {
         "achieveDescribe" : "获得5个神器",
         "achieveType" : 1,
         "completeCondition" : 27,
         "name" : "获得5个神器",
         "nextAchieve" : "achieve_167",
         "targetID" : "0",
         "targetNum" : 5,
         "typeName" : "初入江湖"
      },
      "refId" : "achieve_166",
      "sortID" : 137
   },
   "achieve_167" : {
      "achieveReward" : {
         "achievement" : 500,
         "bindedGold" : 60,
         "gold" : 30000
      },
      "property" : {
         "achieveDescribe" : "获得10个神器",
         "achieveType" : 1,
         "completeCondition" : 27,
         "name" : "神器收藏家",
         "nextAchieve" : "",
         "targetID" : "0",
         "targetNum" : 10,
         "typeName" : "初入江湖"
      },
      "refId" : "achieve_167",
      "sortID" : 138
   },
   "achieve_168" : {
      "achieveReward" : {
         "achievement" : 200,
         "bindedGold" : 30,
         "gold" : 15000
      },
      "property" : {
         "achieveDescribe" : "完成1次转生",
         "achieveType" : 1,
         "completeCondition" : 24,
         "name" : "转生1次",
         "nextAchieve" : "achieve_169",
         "targetID" : "0",
         "targetNum" : 1,
         "typeName" : "初入江湖"
      },
      "refId" : "achieve_168",
      "sortID" : 139
   },
   "achieve_169" : {
      "achieveReward" : {
         "achievement" : 300,
         "bindedGold" : 40,
         "gold" : 20000
      },
      "property" : {
         "achieveDescribe" : "完成2次转生",
         "achieveType" : 1,
         "completeCondition" : 24,
         "name" : "转生2次",
         "nextAchieve" : "achieve_170",
         "targetID" : "0",
         "targetNum" : 2,
         "typeName" : "初入江湖"
      },
      "refId" : "achieve_169",
      "sortID" : 140
   },
   "achieve_170" : {
      "achieveReward" : {
         "achievement" : 400,
         "bindedGold" : 50,
         "gold" : 25000
      },
      "property" : {
         "achieveDescribe" : "完成3次转生",
         "achieveType" : 1,
         "completeCondition" : 24,
         "name" : "转生3次",
         "nextAchieve" : "achieve_171",
         "targetID" : "0",
         "targetNum" : 3,
         "typeName" : "初入江湖"
      },
      "refId" : "achieve_170",
      "sortID" : 141
   },
   "achieve_171" : {
      "achieveReward" : {
         "achievement" : 500,
         "bindedGold" : 60,
         "gold" : 30000
      },
      "property" : {
         "achieveDescribe" : "完成4次转生",
         "achieveType" : 1,
         "completeCondition" : 24,
         "name" : "转生4次",
         "nextAchieve" : "achieve_172",
         "targetID" : "0",
         "targetNum" : 4,
         "typeName" : "初入江湖"
      },
      "refId" : "achieve_171",
      "sortID" : 142
   },
   "achieve_172" : {
      "achieveReward" : {
         "achievement" : 600,
         "bindedGold" : 70,
         "gold" : 35000
      },
      "property" : {
         "achieveDescribe" : "完成5次转生",
         "achieveType" : 1,
         "completeCondition" : 24,
         "name" : "转生5次",
         "nextAchieve" : "achieve_173",
         "targetID" : "0",
         "targetNum" : 5,
         "typeName" : "初入江湖"
      },
      "refId" : "achieve_172",
      "sortID" : 143
   },
   "achieve_173" : {
      "achieveReward" : {
         "achievement" : 700,
         "bindedGold" : 80,
         "gold" : 40000
      },
      "property" : {
         "achieveDescribe" : "完成6次转生",
         "achieveType" : 1,
         "completeCondition" : 24,
         "name" : "转生6次",
         "nextAchieve" : "achieve_174",
         "targetID" : "0",
         "targetNum" : 6,
         "typeName" : "初入江湖"
      },
      "refId" : "achieve_173",
      "sortID" : 144
   },
   "achieve_174" : {
      "achieveReward" : {
         "achievement" : 800,
         "bindedGold" : 90,
         "gold" : 45000
      },
      "property" : {
         "achieveDescribe" : "完成7次转生",
         "achieveType" : 1,
         "completeCondition" : 24,
         "name" : "转生7次",
         "nextAchieve" : "achieve_175",
         "targetID" : "0",
         "targetNum" : 7,
         "typeName" : "初入江湖"
      },
      "refId" : "achieve_174",
      "sortID" : 145
   },
   "achieve_175" : {
      "achieveReward" : {
         "achievement" : 900,
         "bindedGold" : 100,
         "gold" : 50000
      },
      "property" : {
         "achieveDescribe" : "完成8次转生",
         "achieveType" : 1,
         "completeCondition" : 24,
         "name" : "转生8次",
         "nextAchieve" : "achieve_176",
         "targetID" : "0",
         "targetNum" : 8,
         "typeName" : "初入江湖"
      },
      "refId" : "achieve_175",
      "sortID" : 146
   },
   "achieve_176" : {
      "achieveReward" : {
         "achievement" : 1000,
         "bindedGold" : 100,
         "gold" : 55000
      },
      "property" : {
         "achieveDescribe" : "完成9次转生",
         "achieveType" : 1,
         "completeCondition" : 24,
         "name" : "转生9次",
         "nextAchieve" : "achieve_177",
         "targetID" : "0",
         "targetNum" : 9,
         "typeName" : "初入江湖"
      },
      "refId" : "achieve_176",
      "sortID" : 147
   },
   "achieve_177" : {
      "achieveReward" : {
         "achievement" : 1000,
         "bindedGold" : 100,
         "gold" : 60000
      },
      "property" : {
         "achieveDescribe" : "完成10次转生",
         "achieveType" : 1,
         "completeCondition" : 24,
         "name" : "巅峰人士",
         "nextAchieve" : "",
         "targetID" : "0",
         "targetNum" : 10,
         "typeName" : "初入江湖"
      },
      "refId" : "achieve_177",
      "sortID" : 148
   },
   "achieve_2" : {
      "achieveReward" : {
         "achievement" : 100,
         "bindedGold" : 20,
         "gold" : 10000
      },
      "property" : {
         "achieveDescribe" : "收集一个道具",
         "achieveType" : 1,
         "completeCondition" : 2,
         "name" : "收集1个道具",
         "nextAchieve" : "achieve_2_1",
         "targetID" : "0",
         "targetNum" : 1,
         "typeName" : "初入江湖"
      },
      "refId" : "achieve_2",
      "sortID" : 9
   },
   "achieve_20" : {
      "achieveReward" : {
         "achievement" : 100,
         "bindedGold" : 20,
         "gold" : 10000
      },
      "property" : {
         "achieveDescribe" : "强化装备50次",
         "achieveType" : 1,
         "completeCondition" : 5,
         "name" : "强化50次",
         "nextAchieve" : "achieve_25",
         "targetID" : "0",
         "targetNum" : 50,
         "typeName" : "初入江湖"
      },
      "refId" : "achieve_20",
      "sortID" : 44
   },
   "achieve_25" : {
      "achieveReward" : {
         "achievement" : 200,
         "bindedGold" : 30,
         "gold" : 15000
      },
      "property" : {
         "achieveDescribe" : "强化装备100次",
         "achieveType" : 1,
         "completeCondition" : 5,
         "name" : "强化100次",
         "nextAchieve" : "achieve_30",
         "targetID" : "0",
         "targetNum" : 100,
         "typeName" : "初入江湖"
      },
      "refId" : "achieve_25",
      "sortID" : 45
   },
   "achieve_2_1" : {
      "achieveReward" : {
         "achievement" : 200,
         "bindedGold" : 30,
         "gold" : 15000
      },
      "property" : {
         "achieveDescribe" : "收集十个道具",
         "achieveType" : 1,
         "completeCondition" : 2,
         "name" : "收集10个道具",
         "nextAchieve" : "achieve_2_2",
         "targetID" : "0",
         "targetNum" : 10,
         "typeName" : "初入江湖"
      },
      "refId" : "achieve_2_1",
      "sortID" : 10
   },
   "achieve_2_2" : {
      "achieveReward" : {
         "achievement" : 300,
         "bindedGold" : 40,
         "gold" : 20000
      },
      "property" : {
         "achieveDescribe" : "收集一百个道具",
         "achieveType" : 1,
         "completeCondition" : 2,
         "name" : "收集100个道具",
         "nextAchieve" : "",
         "targetID" : "0",
         "targetNum" : 100,
         "typeName" : "初入江湖"
      },
      "refId" : "achieve_2_2",
      "sortID" : 11
   },
   "achieve_30" : {
      "achieveReward" : {
         "achievement" : 200,
         "bindedGold" : 30,
         "gold" : 15000
      },
      "property" : {
         "achieveDescribe" : "强化装备200次",
         "achieveType" : 1,
         "completeCondition" : 5,
         "name" : "强化200次",
         "nextAchieve" : "achieve_35",
         "targetID" : "0",
         "targetNum" : 200,
         "typeName" : "初入江湖"
      },
      "refId" : "achieve_30",
      "sortID" : 46
   },
   "achieve_35" : {
      "achieveReward" : {
         "achievement" : 400,
         "bindedGold" : 50,
         "gold" : 25000
      },
      "property" : {
         "achieveDescribe" : "强化装备500次",
         "achieveType" : 1,
         "completeCondition" : 5,
         "name" : "强化500次",
         "nextAchieve" : "achieve_40",
         "targetID" : "0",
         "targetNum" : 500,
         "typeName" : "初入江湖"
      },
      "refId" : "achieve_35",
      "sortID" : 47
   },
   "achieve_4" : {
      "achieveReward" : {
         "achievement" : 100,
         "bindedGold" : 20,
         "gold" : 10000
      },
      "property" : {
         "achieveDescribe" : "第一次获得爵位",
         "achieveType" : 1,
         "completeCondition" : 4,
         "name" : "获得爵位",
         "nextAchieve" : "achieve_110",
         "targetID" : "knight_1",
         "targetNum" : 1,
         "typeName" : "初入江湖"
      },
      "refId" : "achieve_4",
      "sortID" : 12
   },
   "achieve_40" : {
      "achieveReward" : {
         "achievement" : 500,
         "bindedGold" : 60,
         "gold" : 30000
      },
      "property" : {
         "achieveDescribe" : "强化装备1500次",
         "achieveType" : 1,
         "completeCondition" : 5,
         "name" : "强化1500次",
         "nextAchieve" : "",
         "targetID" : "0",
         "targetNum" : 1500,
         "typeName" : "初入江湖"
      },
      "refId" : "achieve_40",
      "sortID" : 48
   },
   "achieve_44" : {
      "achieveReward" : {
         "achievement" : 100,
         "bindedGold" : 20,
         "gold" : 10000
      },
      "property" : {
         "achieveDescribe" : "洗练装备10次",
         "achieveType" : 1,
         "completeCondition" : 6,
         "name" : "洗练10次",
         "nextAchieve" : "achieve_49",
         "targetID" : "0",
         "targetNum" : 10,
         "typeName" : "初入江湖"
      },
      "refId" : "achieve_44",
      "sortID" : 50
   },
   "achieve_49" : {
      "achieveReward" : {
         "achievement" : 100,
         "bindedGold" : 20,
         "gold" : 10000
      },
      "property" : {
         "achieveDescribe" : "洗练装备50次",
         "achieveType" : 1,
         "completeCondition" : 6,
         "name" : "洗练50次",
         "nextAchieve" : "achieve_54",
         "targetID" : "0",
         "targetNum" : 50,
         "typeName" : "初入江湖"
      },
      "refId" : "achieve_49",
      "sortID" : 51
   },
   "achieve_5" : {
      "achieveReward" : {
         "achievement" : 100,
         "bindedGold" : 20,
         "gold" : 10000
      },
      "property" : {
         "achieveDescribe" : "第一次强化装备",
         "achieveType" : 1,
         "completeCondition" : 5,
         "name" : "强化装备",
         "nextAchieve" : "achieve_15",
         "targetID" : "0",
         "targetNum" : 1,
         "typeName" : "初入江湖"
      },
      "refId" : "achieve_5",
      "sortID" : 42
   },
   "achieve_54" : {
      "achieveReward" : {
         "achievement" : 200,
         "bindedGold" : 30,
         "gold" : 15000
      },
      "property" : {
         "achieveDescribe" : "洗练装备100次",
         "achieveType" : 1,
         "completeCondition" : 6,
         "name" : "洗练100次",
         "nextAchieve" : "achieve_59",
         "targetID" : "0",
         "targetNum" : 100,
         "typeName" : "初入江湖"
      },
      "refId" : "achieve_54",
      "sortID" : 52
   },
   "achieve_59" : {
      "achieveReward" : {
         "achievement" : 300,
         "bindedGold" : 40,
         "gold" : 20000
      },
      "property" : {
         "achieveDescribe" : "洗练装备200次",
         "achieveType" : 1,
         "completeCondition" : 6,
         "name" : "洗练200次",
         "nextAchieve" : "achieve_64",
         "targetID" : "0",
         "targetNum" : 200,
         "typeName" : "初入江湖"
      },
      "refId" : "achieve_59",
      "sortID" : 53
   },
   "achieve_6" : {
      "achieveReward" : {
         "achievement" : 100,
         "bindedGold" : 20,
         "gold" : 10000
      },
      "property" : {
         "achieveDescribe" : "第一次洗练装备",
         "achieveType" : 1,
         "completeCondition" : 6,
         "name" : "洗练装备",
         "nextAchieve" : "achieve_44",
         "targetID" : "0",
         "targetNum" : 1,
         "typeName" : "初入江湖"
      },
      "refId" : "achieve_6",
      "sortID" : 49
   },
   "achieve_64" : {
      "achieveReward" : {
         "achievement" : 500,
         "bindedGold" : 60,
         "gold" : 30000
      },
      "property" : {
         "achieveDescribe" : "洗练装备500次",
         "achieveType" : 1,
         "completeCondition" : 6,
         "name" : "洗练500次",
         "nextAchieve" : "achieve_69",
         "targetID" : "0",
         "targetNum" : 500,
         "typeName" : "初入江湖"
      },
      "refId" : "achieve_64",
      "sortID" : 54
   },
   "achieve_69" : {
      "achieveReward" : {
         "achievement" : 500,
         "bindedGold" : 60,
         "gold" : 30000
      },
      "property" : {
         "achieveDescribe" : "洗练装备1000次",
         "achieveType" : 1,
         "completeCondition" : 6,
         "name" : "洗练1000次",
         "nextAchieve" : "",
         "targetID" : "0",
         "targetNum" : 1000,
         "typeName" : "初入江湖"
      },
      "refId" : "achieve_69",
      "sortID" : 55
   },
   "achieve_7" : {
      "achieveReward" : {
         "achievement" : 100,
         "bindedGold" : 20,
         "gold" : 10000
      },
      "property" : {
         "achieveDescribe" : "获得1阶坐骑",
         "achieveType" : 1,
         "completeCondition" : 7,
         "name" : "我有一头小毛驴",
         "nextAchieve" : "achieve_92",
         "targetID" : "ride_1",
         "targetNum" : 1,
         "typeName" : "初入江湖"
      },
      "refId" : "achieve_7",
      "sortID" : 56
   },
   "achieve_70" : {
      "achieveReward" : {
         "achievement" : 100,
         "bindedGold" : 20,
         "gold" : 10000
      },
      "property" : {
         "achieveDescribe" : "击败100只怪物",
         "achieveType" : 2,
         "completeCondition" : 1,
         "name" : "击败100只怪物",
         "nextAchieve" : "achieve_71",
         "targetID" : "0",
         "targetNum" : 100,
         "typeName" : "降妖除魔"
      },
      "refId" : "achieve_70",
      "sortID" : 2
   },
   "achieve_71" : {
      "achieveReward" : {
         "achievement" : 100,
         "bindedGold" : 20,
         "gold" : 10000
      },
      "property" : {
         "achieveDescribe" : "击败500只怪物",
         "achieveType" : 2,
         "completeCondition" : 1,
         "name" : "击败500只怪物",
         "nextAchieve" : "achieve_72",
         "targetID" : "0",
         "targetNum" : 500,
         "typeName" : "降妖除魔"
      },
      "refId" : "achieve_71",
      "sortID" : 3
   },
   "achieve_72" : {
      "achieveReward" : {
         "achievement" : 100,
         "bindedGold" : 20,
         "gold" : 10000
      },
      "property" : {
         "achieveDescribe" : "击败2000只怪物",
         "achieveType" : 2,
         "completeCondition" : 1,
         "name" : "击败2000只怪物",
         "nextAchieve" : "achieve_73",
         "targetID" : "0",
         "targetNum" : 2000,
         "typeName" : "降妖除魔"
      },
      "refId" : "achieve_72",
      "sortID" : 4
   },
   "achieve_73" : {
      "achieveReward" : {
         "achievement" : 100,
         "bindedGold" : 20,
         "gold" : 10000
      },
      "property" : {
         "achieveDescribe" : "击败5000只怪物",
         "achieveType" : 2,
         "completeCondition" : 1,
         "name" : "击败5000只怪物",
         "nextAchieve" : "achieve_74",
         "targetID" : "0",
         "targetNum" : 5000,
         "typeName" : "降妖除魔"
      },
      "refId" : "achieve_73",
      "sortID" : 5
   },
   "achieve_74" : {
      "achieveReward" : {
         "achievement" : 200,
         "bindedGold" : 30,
         "gold" : 15000
      },
      "property" : {
         "achieveDescribe" : "击败10000只怪物",
         "achieveType" : 2,
         "completeCondition" : 1,
         "name" : "击败10000只怪物",
         "nextAchieve" : "achieve_75",
         "targetID" : "0",
         "targetNum" : 10000,
         "typeName" : "降妖除魔"
      },
      "refId" : "achieve_74",
      "sortID" : 6
   },
   "achieve_75" : {
      "achieveReward" : {
         "achievement" : 500,
         "bindedGold" : 60,
         "gold" : 30000
      },
      "property" : {
         "achieveDescribe" : "击败50000只怪物",
         "achieveType" : 2,
         "completeCondition" : 1,
         "name" : "击败50000只怪物",
         "nextAchieve" : "achieve_76",
         "targetID" : "0",
         "targetNum" : 50000,
         "typeName" : "降妖除魔"
      },
      "refId" : "achieve_75",
      "sortID" : 7
   },
   "achieve_76" : {
      "achieveReward" : {
         "achievement" : 500,
         "bindedGold" : 60,
         "gold" : 30000
      },
      "property" : {
         "achieveDescribe" : "击败100000只怪物",
         "achieveType" : 2,
         "completeCondition" : 1,
         "name" : "击败100000只怪物",
         "nextAchieve" : "",
         "targetID" : "0",
         "targetNum" : 100000,
         "typeName" : "降妖除魔"
      },
      "refId" : "achieve_76",
      "sortID" : 8
   },
   "achieve_80" : {
      "achieveReward" : {
         "achievement" : 100,
         "bindedGold" : 20,
         "gold" : 10000
      },
      "property" : {
         "achieveDescribe" : "击败白骨洞穴二层的白骨精灵",
         "achieveType" : 3,
         "completeCondition" : 8,
         "name" : "击败白骨精灵",
         "nextAchieve" : "",
         "targetID" : "monster_20",
         "targetNum" : 1,
         "typeName" : "击败首领"
      },
      "refId" : "achieve_80",
      "sortID" : 67
   },
   "achieve_81" : {
      "achieveReward" : {
         "achievement" : 100,
         "bindedGold" : 20,
         "gold" : 10000
      },
      "property" : {
         "achieveDescribe" : "击败邪灵矿洞二层的邪灵尸王",
         "achieveType" : 3,
         "completeCondition" : 8,
         "name" : "击败邪灵尸王",
         "nextAchieve" : "",
         "targetID" : "monster_24",
         "targetNum" : 1,
         "typeName" : "击败首领"
      },
      "refId" : "achieve_81",
      "sortID" : 68
   },
   "achieve_82" : {
      "achieveReward" : {
         "achievement" : 100,
         "bindedGold" : 20,
         "gold" : 10000
      },
      "property" : {
         "achieveDescribe" : "击败血神殿二层的血神教主",
         "achieveType" : 3,
         "completeCondition" : 8,
         "name" : "击败血神教主",
         "nextAchieve" : "",
         "targetID" : "monster_30",
         "targetNum" : 1,
         "typeName" : "击败首领"
      },
      "refId" : "achieve_82",
      "sortID" : 69
   },
   "achieve_83" : {
      "achieveReward" : {
         "achievement" : 100,
         "bindedGold" : 20,
         "gold" : 10000
      },
      "property" : {
         "achieveDescribe" : "击败诅咒神殿二层的诅咒教主",
         "achieveType" : 3,
         "completeCondition" : 8,
         "name" : "击败诅咒教主",
         "nextAchieve" : "",
         "targetID" : "monster_34",
         "targetNum" : 1,
         "typeName" : "击败首领"
      },
      "refId" : "achieve_83",
      "sortID" : 70
   },
   "achieve_84" : {
      "achieveReward" : {
         "achievement" : 100,
         "bindedGold" : 20,
         "gold" : 10000
      },
      "property" : {
         "achieveDescribe" : "击败万毒窟二层的千足魔龙",
         "achieveType" : 3,
         "completeCondition" : 8,
         "name" : "击败千足魔龙",
         "nextAchieve" : "",
         "targetID" : "monster_41",
         "targetNum" : 1,
         "typeName" : "击败首领"
      },
      "refId" : "achieve_84",
      "sortID" : 71
   },
   "achieve_85" : {
      "achieveReward" : {
         "achievement" : 100,
         "bindedGold" : 20,
         "gold" : 10000
      },
      "property" : {
         "achieveDescribe" : "击败野猪巢穴二层的碎刃野猪王",
         "achieveType" : 3,
         "completeCondition" : 8,
         "name" : "击败碎刃野猪王",
         "nextAchieve" : "",
         "targetID" : "monster_45",
         "targetNum" : 1,
         "typeName" : "击败首领"
      },
      "refId" : "achieve_85",
      "sortID" : 72
   },
   "achieve_86" : {
      "achieveReward" : {
         "achievement" : 100,
         "bindedGold" : 20,
         "gold" : 10000
      },
      "property" : {
         "achieveDescribe" : "击败月隐峡谷二层的深渊巢母",
         "achieveType" : 3,
         "completeCondition" : 8,
         "name" : "击败深渊巢母",
         "nextAchieve" : "",
         "targetID" : "monster_53",
         "targetNum" : 1,
         "typeName" : "击败首领"
      },
      "refId" : "achieve_86",
      "sortID" : 73
   },
   "achieve_87" : {
      "achieveReward" : {
         "achievement" : 100,
         "bindedGold" : 20,
         "gold" : 10000
      },
      "property" : {
         "achieveDescribe" : "击败祖魔殿二层的祖魔战神",
         "achieveType" : 3,
         "completeCondition" : 8,
         "name" : "击败祖魔战神",
         "nextAchieve" : "",
         "targetID" : "monster_56",
         "targetNum" : 1,
         "typeName" : "击败首领"
      },
      "refId" : "achieve_87",
      "sortID" : 74
   },
   "achieve_9" : {
      "achieveReward" : {
         "achievement" : 100,
         "bindedGold" : 20,
         "gold" : 10000
      },
      "property" : {
         "achieveDescribe" : "第一次获得翅膀",
         "achieveType" : 1,
         "completeCondition" : 9,
         "name" : "获得翅膀",
         "nextAchieve" : "achieve_101",
         "targetID" : "wing_1_0",
         "targetNum" : 1,
         "typeName" : "初入江湖"
      },
      "refId" : "achieve_9",
      "sortID" : 75
   },
   "achieve_92" : {
      "achieveReward" : {
         "achievement" : 200,
         "bindedGold" : 30,
         "gold" : 15000
      },
      "property" : {
         "achieveDescribe" : "获得2阶坐骑",
         "achieveType" : 4,
         "completeCondition" : 7,
         "name" : "坐骑2阶",
         "nextAchieve" : "achieve_93",
         "targetID" : "ride_5",
         "targetNum" : 0,
         "typeName" : "升级坐骑"
      },
      "refId" : "achieve_92",
      "sortID" : 57
   },
   "achieve_93" : {
      "achieveReward" : {
         "achievement" : 300,
         "bindedGold" : 40,
         "gold" : 20000
      },
      "property" : {
         "achieveDescribe" : "获得3阶坐骑",
         "achieveType" : 4,
         "completeCondition" : 7,
         "name" : "坐骑3阶",
         "nextAchieve" : "achieve_94",
         "targetID" : "ride_9",
         "targetNum" : 0,
         "typeName" : "升级坐骑"
      },
      "refId" : "achieve_93",
      "sortID" : 58
   },
   "achieve_94" : {
      "achieveReward" : {
         "achievement" : 400,
         "bindedGold" : 50,
         "gold" : 30000
      },
      "property" : {
         "achieveDescribe" : "获得4阶坐骑",
         "achieveType" : 4,
         "completeCondition" : 7,
         "name" : "坐骑4阶",
         "nextAchieve" : "achieve_95",
         "targetID" : "ride_13",
         "targetNum" : 0,
         "typeName" : "升级坐骑"
      },
      "refId" : "achieve_94",
      "sortID" : 59
   },
   "achieve_95" : {
      "achieveReward" : {
         "achievement" : 500,
         "bindedGold" : 60,
         "gold" : 40000
      },
      "property" : {
         "achieveDescribe" : "获得5阶坐骑",
         "achieveType" : 4,
         "completeCondition" : 7,
         "name" : "坐骑5阶",
         "nextAchieve" : "achieve_96",
         "targetID" : "ride_17",
         "targetNum" : 0,
         "typeName" : "升级坐骑"
      },
      "refId" : "achieve_95",
      "sortID" : 60
   },
   "achieve_96" : {
      "achieveReward" : {
         "achievement" : 600,
         "bindedGold" : 70,
         "gold" : 45000
      },
      "property" : {
         "achieveDescribe" : "获得6阶坐骑",
         "achieveType" : 4,
         "completeCondition" : 7,
         "name" : "坐骑6阶",
         "nextAchieve" : "achieve_97",
         "targetID" : "ride_21",
         "targetNum" : 0,
         "typeName" : "升级坐骑"
      },
      "refId" : "achieve_96",
      "sortID" : 61
   },
   "achieve_97" : {
      "achieveReward" : {
         "achievement" : 700,
         "bindedGold" : 80,
         "gold" : 50000
      },
      "property" : {
         "achieveDescribe" : "获得7阶坐骑",
         "achieveType" : 4,
         "completeCondition" : 7,
         "name" : "坐骑7阶",
         "nextAchieve" : "achieve_98",
         "targetID" : "ride_25",
         "targetNum" : 0,
         "typeName" : "升级坐骑"
      },
      "refId" : "achieve_97",
      "sortID" : 62
   },
   "achieve_98" : {
      "achieveReward" : {
         "achievement" : 800,
         "bindedGold" : 90,
         "gold" : 55000
      },
      "property" : {
         "achieveDescribe" : "获得8阶坐骑",
         "achieveType" : 4,
         "completeCondition" : 7,
         "name" : "坐骑8阶",
         "nextAchieve" : "achieve_99",
         "targetID" : "ride_29",
         "targetNum" : 0,
         "typeName" : "升级坐骑"
      },
      "refId" : "achieve_98",
      "sortID" : 63
   },
   "achieve_99" : {
      "achieveReward" : {
         "achievement" : 900,
         "bindedGold" : 100,
         "gold" : 60000
      },
      "property" : {
         "achieveDescribe" : "获得9阶坐骑",
         "achieveType" : 4,
         "completeCondition" : 7,
         "name" : "坐骑9阶",
         "nextAchieve" : "achieve_100",
         "targetID" : "ride_33",
         "targetNum" : 0,
         "typeName" : "升级坐骑"
      },
      "refId" : "achieve_99",
      "sortID" : 64
   }
}

