{
   "wing_10_0" : {
      "effectData" : {
         "MDodgePer" : 16,
         "MImmunityPer" : 30,
         "PDodgePer" : 16,
         "PImmunityPer" : 30,
         "maxMAtk" : 2555,
         "maxMDef" : 0,
         "maxPAtk" : 2555,
         "maxPDef" : 0,
         "maxTao" : 2555,
         "minMAtk" : 1284,
         "minMDef" : 0,
         "minPAtk" : 1284,
         "minPDef" : 0,
         "minTao" : 1284
      },
      "property" : {
         "featherMaxConsume" : 50,
         "iconId" : "wing_10",
         "injure" : 14900,
         "maxExp" : 51028,
         "modelId" : 6013,
         "name" : "凰威",
         "stageLevel" : 10,
         "startLevel" : 0,
         "wingNextRefId" : "wing_10_1",
         "wingPreRefId" : "wing_9_3"
      },
      "refId" : "wing_10_0"
   },
   "wing_10_1" : {
      "effectData" : {
         "MDodgePer" : 16,
         "MImmunityPer" : 30,
         "PDodgePer" : 16,
         "PImmunityPer" : 30,
         "maxMAtk" : 2715,
         "maxMDef" : 0,
         "maxPAtk" : 2715,
         "maxPDef" : 0,
         "maxTao" : 2715,
         "minMAtk" : 1364,
         "minMDef" : 0,
         "minPAtk" : 1364,
         "minPDef" : 0,
         "minTao" : 1364
      },
      "property" : {
         "featherMaxConsume" : 50,
         "iconId" : "wing_10",
         "injure" : 15780,
         "maxExp" : 55257,
         "modelId" : 6013,
         "name" : "凰威",
         "stageLevel" : 10,
         "startLevel" : 1,
         "wingNextRefId" : "wing_10_2",
         "wingPreRefId" : "wing_10_0"
      },
      "refId" : "wing_10_1"
   },
   "wing_10_2" : {
      "effectData" : {
         "MDodgePer" : 16,
         "MImmunityPer" : 30,
         "PDodgePer" : 16,
         "PImmunityPer" : 30,
         "maxMAtk" : 2880,
         "maxMDef" : 0,
         "maxPAtk" : 2880,
         "maxPDef" : 0,
         "maxTao" : 2880,
         "minMAtk" : 1449,
         "minMDef" : 0,
         "minPAtk" : 1449,
         "minPDef" : 0,
         "minTao" : 1449
      },
      "property" : {
         "featherMaxConsume" : 50,
         "iconId" : "wing_10",
         "injure" : 16695,
         "maxExp" : 59714,
         "modelId" : 6013,
         "name" : "凰威",
         "stageLevel" : 10,
         "startLevel" : 2,
         "wingNextRefId" : "wing_10_3",
         "wingPreRefId" : "wing_10_1"
      },
      "refId" : "wing_10_2"
   },
   "wing_10_3" : {
      "effectData" : {
         "MDodgePer" : 16,
         "MImmunityPer" : 30,
         "PDodgePer" : 16,
         "PImmunityPer" : 30,
         "maxMAtk" : 3052,
         "maxMDef" : 0,
         "maxPAtk" : 3052,
         "maxPDef" : 0,
         "maxTao" : 3052,
         "minMAtk" : 1538,
         "minMDef" : 0,
         "minPAtk" : 1538,
         "minPDef" : 0,
         "minTao" : 1538
      },
      "property" : {
         "featherMaxConsume" : 50,
         "iconId" : "wing_10",
         "injure" : 17650,
         "maxExp" : 64405,
         "modelId" : 6013,
         "name" : "凰威",
         "stageLevel" : 10,
         "startLevel" : 3,
         "wingNextRefId" : "wing_11_0",
         "wingPreRefId" : "wing_10_2"
      },
      "refId" : "wing_10_3"
   },
   "wing_11_0" : {
      "effectData" : {
         "MDodgePer" : 17,
         "MImmunityPer" : 32,
         "PDodgePer" : 17,
         "PImmunityPer" : 32,
         "maxMAtk" : 3232,
         "maxMDef" : 0,
         "maxPAtk" : 3232,
         "maxPDef" : 0,
         "maxTao" : 3232,
         "minMAtk" : 1632,
         "minMDef" : 0,
         "minPAtk" : 1632,
         "minPDef" : 0,
         "minTao" : 1632
      },
      "property" : {
         "featherMaxConsume" : 55,
         "iconId" : "wing_11",
         "injure" : 18706,
         "maxExp" : 69336,
         "modelId" : 6014,
         "name" : "魔君",
         "stageLevel" : 11,
         "startLevel" : 0,
         "wingNextRefId" : "wing_11_1",
         "wingPreRefId" : "wing_10_3"
      },
      "refId" : "wing_11_0"
   },
   "wing_11_1" : {
      "effectData" : {
         "MDodgePer" : 17,
         "MImmunityPer" : 32,
         "PDodgePer" : 17,
         "PImmunityPer" : 32,
         "maxMAtk" : 3418,
         "maxMDef" : 0,
         "maxPAtk" : 3418,
         "maxPDef" : 0,
         "maxTao" : 3418,
         "minMAtk" : 1729,
         "minMDef" : 0,
         "minPAtk" : 1729,
         "minPDef" : 0,
         "minTao" : 1729
      },
      "property" : {
         "featherMaxConsume" : 55,
         "iconId" : "wing_11",
         "injure" : 19741,
         "maxExp" : 74513,
         "modelId" : 6014,
         "name" : "魔君",
         "stageLevel" : 11,
         "startLevel" : 1,
         "wingNextRefId" : "wing_11_2",
         "wingPreRefId" : "wing_11_0"
      },
      "refId" : "wing_11_1"
   },
   "wing_11_2" : {
      "effectData" : {
         "MDodgePer" : 17,
         "MImmunityPer" : 32,
         "PDodgePer" : 17,
         "PImmunityPer" : 32,
         "maxMAtk" : 3612,
         "maxMDef" : 0,
         "maxPAtk" : 3612,
         "maxPDef" : 0,
         "maxTao" : 3612,
         "minMAtk" : 1828,
         "minMDef" : 0,
         "minPAtk" : 1828,
         "minPDef" : 0,
         "minTao" : 1828
      },
      "property" : {
         "featherMaxConsume" : 55,
         "iconId" : "wing_11",
         "injure" : 20814,
         "maxExp" : 79942,
         "modelId" : 6014,
         "name" : "魔君",
         "stageLevel" : 11,
         "startLevel" : 2,
         "wingNextRefId" : "wing_11_3",
         "wingPreRefId" : "wing_11_1"
      },
      "refId" : "wing_11_2"
   },
   "wing_11_3" : {
      "effectData" : {
         "MDodgePer" : 17,
         "MImmunityPer" : 32,
         "PDodgePer" : 17,
         "PImmunityPer" : 32,
         "maxMAtk" : 3813,
         "maxMDef" : 0,
         "maxPAtk" : 3813,
         "maxPDef" : 0,
         "maxTao" : 3813,
         "minMAtk" : 1929,
         "minMDef" : 0,
         "minPAtk" : 1929,
         "minPDef" : 0,
         "minTao" : 1929
      },
      "property" : {
         "featherMaxConsume" : 0,
         "iconId" : "wing_11",
         "injure" : 21921,
         "maxExp" : 0,
         "modelId" : 6014,
         "name" : "魔君",
         "stageLevel" : 11,
         "startLevel" : 3,
         "wingNextRefId" : "",
         "wingPreRefId" : "wing_11_2"
      },
      "refId" : "wing_11_3"
   },
   "wing_1_0" : {
      "effectData" : {
         "MDodgePer" : 7,
         "MImmunityPer" : 5,
         "PDodgePer" : 7,
         "PImmunityPer" : 5,
         "maxMAtk" : 18,
         "maxMDef" : 0,
         "maxPAtk" : 18,
         "maxPDef" : 0,
         "maxTao" : 18,
         "minMAtk" : 16,
         "minMDef" : 0,
         "minPAtk" : 16,
         "minPDef" : 0,
         "minTao" : 16
      },
      "property" : {
         "featherMaxConsume" : 3,
         "iconId" : "wing_1",
         "injure" : 336,
         "maxExp" : 16,
         "modelId" : 6000,
         "name" : "云翳",
         "stageLevel" : 1,
         "startLevel" : 0,
         "wingNextRefId" : "wing_1_1",
         "wingPreRefId" : ""
      },
      "refId" : "wing_1_0"
   },
   "wing_1_1" : {
      "effectData" : {
         "MDodgePer" : 7,
         "MImmunityPer" : 5,
         "PDodgePer" : 7,
         "PImmunityPer" : 5,
         "maxMAtk" : 28,
         "maxMDef" : 0,
         "maxPAtk" : 28,
         "maxPDef" : 0,
         "maxTao" : 28,
         "minMAtk" : 26,
         "minMDef" : 0,
         "minPAtk" : 26,
         "minPDef" : 0,
         "minTao" : 26
      },
      "property" : {
         "featherMaxConsume" : 3,
         "iconId" : "wing_1",
         "injure" : 406,
         "maxExp" : 24,
         "modelId" : 6000,
         "name" : "云翳",
         "stageLevel" : 1,
         "startLevel" : 1,
         "wingNextRefId" : "wing_1_2",
         "wingPreRefId" : "wing_1_0"
      },
      "refId" : "wing_1_1"
   },
   "wing_1_2" : {
      "effectData" : {
         "MDodgePer" : 7,
         "MImmunityPer" : 5,
         "PDodgePer" : 7,
         "PImmunityPer" : 5,
         "maxMAtk" : 38,
         "maxMDef" : 0,
         "maxPAtk" : 38,
         "maxPDef" : 0,
         "maxTao" : 38,
         "minMAtk" : 34,
         "minMDef" : 0,
         "minPAtk" : 34,
         "minPDef" : 0,
         "minTao" : 34
      },
      "property" : {
         "featherMaxConsume" : 3,
         "iconId" : "wing_1",
         "injure" : 470,
         "maxExp" : 44,
         "modelId" : 6000,
         "name" : "云翳",
         "stageLevel" : 1,
         "startLevel" : 2,
         "wingNextRefId" : "wing_1_3",
         "wingPreRefId" : "wing_1_1"
      },
      "refId" : "wing_1_2"
   },
   "wing_1_3" : {
      "effectData" : {
         "MDodgePer" : 7,
         "MImmunityPer" : 5,
         "PDodgePer" : 7,
         "PImmunityPer" : 5,
         "maxMAtk" : 48,
         "maxMDef" : 0,
         "maxPAtk" : 48,
         "maxPDef" : 0,
         "maxTao" : 48,
         "minMAtk" : 43,
         "minMDef" : 0,
         "minPAtk" : 43,
         "minPDef" : 0,
         "minTao" : 43
      },
      "property" : {
         "featherMaxConsume" : 3,
         "iconId" : "wing_1",
         "injure" : 537,
         "maxExp" : 68,
         "modelId" : 6000,
         "name" : "云翳",
         "stageLevel" : 1,
         "startLevel" : 3,
         "wingNextRefId" : "wing_2_0",
         "wingPreRefId" : "wing_1_2"
      },
      "refId" : "wing_1_3"
   },
   "wing_2_0" : {
      "effectData" : {
         "MDodgePer" : 8,
         "MImmunityPer" : 7,
         "PDodgePer" : 8,
         "PImmunityPer" : 7,
         "maxMAtk" : 73,
         "maxMDef" : 0,
         "maxPAtk" : 73,
         "maxPDef" : 0,
         "maxTao" : 73,
         "minMAtk" : 52,
         "minMDef" : 0,
         "minPAtk" : 52,
         "minPDef" : 0,
         "minTao" : 52
      },
      "property" : {
         "featherMaxConsume" : 6,
         "iconId" : "wing_2",
         "injure" : 718,
         "maxExp" : 100,
         "modelId" : 6001,
         "name" : "翠羽",
         "stageLevel" : 2,
         "startLevel" : 0,
         "wingNextRefId" : "wing_2_1",
         "wingPreRefId" : "wing_1_3"
      },
      "refId" : "wing_2_0"
   },
   "wing_2_1" : {
      "effectData" : {
         "MDodgePer" : 8,
         "MImmunityPer" : 7,
         "PDodgePer" : 8,
         "PImmunityPer" : 7,
         "maxMAtk" : 98,
         "maxMDef" : 0,
         "maxPAtk" : 98,
         "maxPDef" : 0,
         "maxTao" : 98,
         "minMAtk" : 61,
         "minMDef" : 0,
         "minPAtk" : 61,
         "minPDef" : 0,
         "minTao" : 61
      },
      "property" : {
         "featherMaxConsume" : 6,
         "iconId" : "wing_2",
         "injure" : 845,
         "maxExp" : 140,
         "modelId" : 6001,
         "name" : "翠羽",
         "stageLevel" : 2,
         "startLevel" : 1,
         "wingNextRefId" : "wing_2_2",
         "wingPreRefId" : "wing_2_0"
      },
      "refId" : "wing_2_1"
   },
   "wing_2_2" : {
      "effectData" : {
         "MDodgePer" : 8,
         "MImmunityPer" : 7,
         "PDodgePer" : 8,
         "PImmunityPer" : 7,
         "maxMAtk" : 123,
         "maxMDef" : 0,
         "maxPAtk" : 123,
         "maxPDef" : 0,
         "maxTao" : 123,
         "minMAtk" : 51,
         "minMDef" : 0,
         "minPAtk" : 51,
         "minPDef" : 0,
         "minTao" : 51
      },
      "property" : {
         "featherMaxConsume" : 6,
         "iconId" : "wing_2",
         "injure" : 915,
         "maxExp" : 192,
         "modelId" : 6001,
         "name" : "翠羽",
         "stageLevel" : 2,
         "startLevel" : 2,
         "wingNextRefId" : "wing_2_3",
         "wingPreRefId" : "wing_2_1"
      },
      "refId" : "wing_2_2"
   },
   "wing_2_3" : {
      "effectData" : {
         "MDodgePer" : 8,
         "MImmunityPer" : 7,
         "PDodgePer" : 8,
         "PImmunityPer" : 7,
         "maxMAtk" : 148,
         "maxMDef" : 0,
         "maxPAtk" : 148,
         "maxPDef" : 0,
         "maxTao" : 148,
         "minMAtk" : 62,
         "minMDef" : 0,
         "minPAtk" : 62,
         "minPDef" : 0,
         "minTao" : 62
      },
      "property" : {
         "featherMaxConsume" : 6,
         "iconId" : "wing_2",
         "injure" : 1048,
         "maxExp" : 248,
         "modelId" : 6001,
         "name" : "翠羽",
         "stageLevel" : 2,
         "startLevel" : 3,
         "wingNextRefId" : "wing_3_0",
         "wingPreRefId" : "wing_2_2"
      },
      "refId" : "wing_2_3"
   },
   "wing_3_0" : {
      "effectData" : {
         "MDodgePer" : 9,
         "MImmunityPer" : 10,
         "PDodgePer" : 9,
         "PImmunityPer" : 10,
         "maxMAtk" : 188,
         "maxMDef" : 0,
         "maxPAtk" : 188,
         "maxPDef" : 0,
         "maxTao" : 188,
         "minMAtk" : 75,
         "minMDef" : 0,
         "minPAtk" : 75,
         "minPDef" : 0,
         "minTao" : 75
      },
      "property" : {
         "featherMaxConsume" : 9,
         "iconId" : "wing_3",
         "injure" : 1319,
         "maxExp" : 474,
         "modelId" : 6002,
         "name" : "青蝶",
         "stageLevel" : 3,
         "startLevel" : 0,
         "wingNextRefId" : "wing_3_1",
         "wingPreRefId" : "wing_2_3"
      },
      "refId" : "wing_3_0"
   },
   "wing_3_1" : {
      "effectData" : {
         "MDodgePer" : 9,
         "MImmunityPer" : 10,
         "PDodgePer" : 9,
         "PImmunityPer" : 10,
         "maxMAtk" : 228,
         "maxMDef" : 0,
         "maxPAtk" : 228,
         "maxPDef" : 0,
         "maxTao" : 228,
         "minMAtk" : 89,
         "minMDef" : 0,
         "minPAtk" : 89,
         "minPDef" : 0,
         "minTao" : 89
      },
      "property" : {
         "featherMaxConsume" : 9,
         "iconId" : "wing_3",
         "injure" : 1521,
         "maxExp" : 582,
         "modelId" : 6002,
         "name" : "青蝶",
         "stageLevel" : 3,
         "startLevel" : 1,
         "wingNextRefId" : "wing_3_2",
         "wingPreRefId" : "wing_3_0"
      },
      "refId" : "wing_3_1"
   },
   "wing_3_2" : {
      "effectData" : {
         "MDodgePer" : 9,
         "MImmunityPer" : 10,
         "PDodgePer" : 9,
         "PImmunityPer" : 10,
         "maxMAtk" : 268,
         "maxMDef" : 0,
         "maxPAtk" : 268,
         "maxPDef" : 0,
         "maxTao" : 268,
         "minMAtk" : 106,
         "minMDef" : 0,
         "minPAtk" : 106,
         "minPDef" : 0,
         "minTao" : 106
      },
      "property" : {
         "featherMaxConsume" : 9,
         "iconId" : "wing_3",
         "injure" : 1732,
         "maxExp" : 708,
         "modelId" : 6002,
         "name" : "青蝶",
         "stageLevel" : 3,
         "startLevel" : 2,
         "wingNextRefId" : "wing_3_3",
         "wingPreRefId" : "wing_3_1"
      },
      "refId" : "wing_3_2"
   },
   "wing_3_3" : {
      "effectData" : {
         "MDodgePer" : 9,
         "MImmunityPer" : 10,
         "PDodgePer" : 9,
         "PImmunityPer" : 10,
         "maxMAtk" : 308,
         "maxMDef" : 0,
         "maxPAtk" : 308,
         "maxPDef" : 0,
         "maxTao" : 308,
         "minMAtk" : 124,
         "minMDef" : 0,
         "minPAtk" : 124,
         "minPDef" : 0,
         "minTao" : 124
      },
      "property" : {
         "featherMaxConsume" : 9,
         "iconId" : "wing_3",
         "injure" : 1946,
         "maxExp" : 846,
         "modelId" : 6002,
         "name" : "青蝶",
         "stageLevel" : 3,
         "startLevel" : 3,
         "wingNextRefId" : "wing_4_0",
         "wingPreRefId" : "wing_3_2"
      },
      "refId" : "wing_3_3"
   },
   "wing_4_0" : {
      "effectData" : {
         "MDodgePer" : 10,
         "MImmunityPer" : 12,
         "PDodgePer" : 10,
         "PImmunityPer" : 12,
         "maxMAtk" : 363,
         "maxMDef" : 0,
         "maxPAtk" : 363,
         "maxPDef" : 0,
         "maxTao" : 363,
         "minMAtk" : 143,
         "minMDef" : 0,
         "minPAtk" : 143,
         "minPDef" : 0,
         "minTao" : 143
      },
      "property" : {
         "featherMaxConsume" : 16,
         "iconId" : "wing_4",
         "injure" : 2277,
         "maxExp" : 1336,
         "modelId" : 6003,
         "name" : "紫萱",
         "stageLevel" : 4,
         "startLevel" : 0,
         "wingNextRefId" : "wing_4_1",
         "wingPreRefId" : "wing_3_3"
      },
      "refId" : "wing_4_0"
   },
   "wing_4_1" : {
      "effectData" : {
         "MDodgePer" : 10,
         "MImmunityPer" : 12,
         "PDodgePer" : 10,
         "PImmunityPer" : 12,
         "maxMAtk" : 418,
         "maxMDef" : 0,
         "maxPAtk" : 418,
         "maxPDef" : 0,
         "maxTao" : 418,
         "minMAtk" : 165,
         "minMDef" : 0,
         "minPAtk" : 165,
         "minPDef" : 0,
         "minTao" : 165
      },
      "property" : {
         "featherMaxConsume" : 16,
         "iconId" : "wing_4",
         "injure" : 2563,
         "maxExp" : 1552,
         "modelId" : 6003,
         "name" : "紫萱",
         "stageLevel" : 4,
         "startLevel" : 1,
         "wingNextRefId" : "wing_4_2",
         "wingPreRefId" : "wing_4_0"
      },
      "refId" : "wing_4_1"
   },
   "wing_4_2" : {
      "effectData" : {
         "MDodgePer" : 10,
         "MImmunityPer" : 12,
         "PDodgePer" : 10,
         "PImmunityPer" : 12,
         "maxMAtk" : 473,
         "maxMDef" : 0,
         "maxPAtk" : 473,
         "maxPDef" : 0,
         "maxTao" : 473,
         "minMAtk" : 189,
         "minMDef" : 0,
         "minPAtk" : 189,
         "minPDef" : 0,
         "minTao" : 189
      },
      "property" : {
         "featherMaxConsume" : 16,
         "iconId" : "wing_4",
         "injure" : 2855,
         "maxExp" : 1792,
         "modelId" : 6003,
         "name" : "紫萱",
         "stageLevel" : 4,
         "startLevel" : 2,
         "wingNextRefId" : "wing_4_3",
         "wingPreRefId" : "wing_4_1"
      },
      "refId" : "wing_4_2"
   },
   "wing_4_3" : {
      "effectData" : {
         "MDodgePer" : 10,
         "MImmunityPer" : 12,
         "PDodgePer" : 10,
         "PImmunityPer" : 12,
         "maxMAtk" : 528,
         "maxMDef" : 0,
         "maxPAtk" : 528,
         "maxPDef" : 0,
         "maxTao" : 528,
         "minMAtk" : 215,
         "minMDef" : 0,
         "minPAtk" : 215,
         "minPDef" : 0,
         "minTao" : 215
      },
      "property" : {
         "featherMaxConsume" : 16,
         "iconId" : "wing_4",
         "injure" : 3153,
         "maxExp" : 2048,
         "modelId" : 6003,
         "name" : "紫萱",
         "stageLevel" : 4,
         "startLevel" : 3,
         "wingNextRefId" : "wing_5_0",
         "wingPreRefId" : "wing_4_2"
      },
      "refId" : "wing_4_3"
   },
   "wing_5_0" : {
      "effectData" : {
         "MDodgePer" : 11,
         "MImmunityPer" : 15,
         "PDodgePer" : 11,
         "PImmunityPer" : 15,
         "maxMAtk" : 598,
         "maxMDef" : 0,
         "maxPAtk" : 598,
         "maxPDef" : 0,
         "maxTao" : 598,
         "minMAtk" : 243,
         "minMDef" : 0,
         "minPAtk" : 243,
         "minPDef" : 0,
         "minTao" : 243
      },
      "property" : {
         "featherMaxConsume" : 20,
         "iconId" : "wing_5",
         "injure" : 3589,
         "maxExp" : 3492,
         "modelId" : 6004,
         "name" : "凤舞",
         "stageLevel" : 5,
         "startLevel" : 0,
         "wingNextRefId" : "wing_5_1",
         "wingPreRefId" : "wing_4_3"
      },
      "refId" : "wing_5_0"
   },
   "wing_5_1" : {
      "effectData" : {
         "MDodgePer" : 11,
         "MImmunityPer" : 15,
         "PDodgePer" : 11,
         "PImmunityPer" : 15,
         "maxMAtk" : 668,
         "maxMDef" : 0,
         "maxPAtk" : 668,
         "maxPDef" : 0,
         "maxTao" : 668,
         "minMAtk" : 273,
         "minMDef" : 0,
         "minPAtk" : 273,
         "minPDef" : 0,
         "minTao" : 273
      },
      "property" : {
         "featherMaxConsume" : 20,
         "iconId" : "wing_5",
         "injure" : 3959,
         "maxExp" : 3924,
         "modelId" : 6004,
         "name" : "凤舞",
         "stageLevel" : 5,
         "startLevel" : 1,
         "wingNextRefId" : "wing_5_2",
         "wingPreRefId" : "wing_5_0"
      },
      "refId" : "wing_5_1"
   },
   "wing_5_2" : {
      "effectData" : {
         "MDodgePer" : 11,
         "MImmunityPer" : 15,
         "PDodgePer" : 11,
         "PImmunityPer" : 15,
         "maxMAtk" : 738,
         "maxMDef" : 0,
         "maxPAtk" : 738,
         "maxPDef" : 0,
         "maxTao" : 738,
         "minMAtk" : 305,
         "minMDef" : 0,
         "minPAtk" : 305,
         "minPDef" : 0,
         "minTao" : 305
      },
      "property" : {
         "featherMaxConsume" : 20,
         "iconId" : "wing_5",
         "injure" : 4335,
         "maxExp" : 4392,
         "modelId" : 6004,
         "name" : "凤舞",
         "stageLevel" : 5,
         "startLevel" : 2,
         "wingNextRefId" : "wing_5_3",
         "wingPreRefId" : "wing_5_1"
      },
      "refId" : "wing_5_2"
   },
   "wing_5_3" : {
      "effectData" : {
         "MDodgePer" : 11,
         "MImmunityPer" : 15,
         "PDodgePer" : 11,
         "PImmunityPer" : 15,
         "maxMAtk" : 808,
         "maxMDef" : 0,
         "maxPAtk" : 808,
         "maxPDef" : 0,
         "maxTao" : 808,
         "minMAtk" : 339,
         "minMDef" : 0,
         "minPAtk" : 339,
         "minPDef" : 0,
         "minTao" : 339
      },
      "property" : {
         "featherMaxConsume" : 20,
         "iconId" : "wing_5",
         "injure" : 4717,
         "maxExp" : 4896,
         "modelId" : 6004,
         "name" : "凤舞",
         "stageLevel" : 5,
         "startLevel" : 3,
         "wingNextRefId" : "wing_6_0",
         "wingPreRefId" : "wing_5_2"
      },
      "refId" : "wing_5_3"
   },
   "wing_6_0" : {
      "effectData" : {
         "MDodgePer" : 12,
         "MImmunityPer" : 18,
         "PDodgePer" : 12,
         "PImmunityPer" : 18,
         "maxMAtk" : 893,
         "maxMDef" : 0,
         "maxPAtk" : 893,
         "maxPDef" : 0,
         "maxTao" : 893,
         "minMAtk" : 376,
         "minMDef" : 0,
         "minPAtk" : 376,
         "minPDef" : 0,
         "minTao" : 376
      },
      "property" : {
         "featherMaxConsume" : 24,
         "iconId" : "wing_6",
         "injure" : 5240,
         "maxExp" : 5412,
         "modelId" : 6005,
         "name" : "鸾歌",
         "stageLevel" : 6,
         "startLevel" : 0,
         "wingNextRefId" : "wing_6_1",
         "wingPreRefId" : "wing_5_3"
      },
      "refId" : "wing_6_0"
   },
   "wing_6_1" : {
      "effectData" : {
         "MDodgePer" : 12,
         "MImmunityPer" : 18,
         "PDodgePer" : 12,
         "PImmunityPer" : 18,
         "maxMAtk" : 978,
         "maxMDef" : 0,
         "maxPAtk" : 978,
         "maxPDef" : 0,
         "maxTao" : 978,
         "minMAtk" : 415,
         "minMDef" : 0,
         "minPAtk" : 415,
         "minPDef" : 0,
         "minTao" : 415
      },
      "property" : {
         "featherMaxConsume" : 24,
         "iconId" : "wing_6",
         "injure" : 5697,
         "maxExp" : 5964,
         "modelId" : 6005,
         "name" : "鸾歌",
         "stageLevel" : 6,
         "startLevel" : 1,
         "wingNextRefId" : "wing_6_2",
         "wingPreRefId" : "wing_6_0"
      },
      "refId" : "wing_6_1"
   },
   "wing_6_2" : {
      "effectData" : {
         "MDodgePer" : 12,
         "MImmunityPer" : 18,
         "PDodgePer" : 12,
         "PImmunityPer" : 18,
         "maxMAtk" : 1063,
         "maxMDef" : 0,
         "maxPAtk" : 1063,
         "maxPDef" : 0,
         "maxTao" : 1063,
         "minMAtk" : 456,
         "minMDef" : 0,
         "minPAtk" : 456,
         "minPDef" : 0,
         "minTao" : 456
      },
      "property" : {
         "featherMaxConsume" : 24,
         "iconId" : "wing_6",
         "injure" : 6160,
         "maxExp" : 6552,
         "modelId" : 6005,
         "name" : "鸾歌",
         "stageLevel" : 6,
         "startLevel" : 2,
         "wingNextRefId" : "wing_6_3",
         "wingPreRefId" : "wing_6_1"
      },
      "refId" : "wing_6_2"
   },
   "wing_6_3" : {
      "effectData" : {
         "MDodgePer" : 12,
         "MImmunityPer" : 18,
         "PDodgePer" : 12,
         "PImmunityPer" : 18,
         "maxMAtk" : 1148,
         "maxMDef" : 0,
         "maxPAtk" : 1148,
         "maxPDef" : 0,
         "maxTao" : 1148,
         "minMAtk" : 499,
         "minMDef" : 0,
         "minPAtk" : 499,
         "minPDef" : 0,
         "minTao" : 499
      },
      "property" : {
         "featherMaxConsume" : 24,
         "iconId" : "wing_6",
         "injure" : 6629,
         "maxExp" : 7164,
         "modelId" : 6005,
         "name" : "鸾歌",
         "stageLevel" : 6,
         "startLevel" : 3,
         "wingNextRefId" : "wing_7_0",
         "wingPreRefId" : "wing_6_2"
      },
      "refId" : "wing_6_3"
   },
   "wing_7_0" : {
      "effectData" : {
         "MDodgePer" : 13,
         "MImmunityPer" : 21,
         "PDodgePer" : 13,
         "PImmunityPer" : 21,
         "maxMAtk" : 1248,
         "maxMDef" : 0,
         "maxPAtk" : 1248,
         "maxPDef" : 0,
         "maxTao" : 1248,
         "minMAtk" : 544,
         "minMDef" : 0,
         "minPAtk" : 544,
         "minPDef" : 0,
         "minTao" : 544
      },
      "property" : {
         "featherMaxConsume" : 35,
         "iconId" : "wing_7",
         "injure" : 7236,
         "maxExp" : 7800,
         "modelId" : 6006,
         "name" : "墨鸦",
         "stageLevel" : 7,
         "startLevel" : 0,
         "wingNextRefId" : "wing_7_1",
         "wingPreRefId" : "wing_6_3"
      },
      "refId" : "wing_7_0"
   },
   "wing_7_1" : {
      "effectData" : {
         "MDodgePer" : 13,
         "MImmunityPer" : 21,
         "PDodgePer" : 13,
         "PImmunityPer" : 21,
         "maxMAtk" : 1348,
         "maxMDef" : 0,
         "maxPAtk" : 1348,
         "maxPDef" : 0,
         "maxTao" : 1348,
         "minMAtk" : 592,
         "minMDef" : 0,
         "minPAtk" : 592,
         "minPDef" : 0,
         "minTao" : 592
      },
      "property" : {
         "featherMaxConsume" : 35,
         "iconId" : "wing_7",
         "injure" : 7780,
         "maxExp" : 9870,
         "modelId" : 6006,
         "name" : "墨鸦",
         "stageLevel" : 7,
         "startLevel" : 1,
         "wingNextRefId" : "wing_7_2",
         "wingPreRefId" : "wing_7_0"
      },
      "refId" : "wing_7_1"
   },
   "wing_7_2" : {
      "effectData" : {
         "MDodgePer" : 13,
         "MImmunityPer" : 21,
         "PDodgePer" : 13,
         "PImmunityPer" : 21,
         "maxMAtk" : 1448,
         "maxMDef" : 0,
         "maxPAtk" : 1448,
         "maxPDef" : 0,
         "maxTao" : 1448,
         "minMAtk" : 643,
         "minMDef" : 0,
         "minPAtk" : 643,
         "minPDef" : 0,
         "minTao" : 643
      },
      "property" : {
         "featherMaxConsume" : 35,
         "iconId" : "wing_7",
         "injure" : 8333,
         "maxExp" : 10682,
         "modelId" : 6006,
         "name" : "墨鸦",
         "stageLevel" : 7,
         "startLevel" : 2,
         "wingNextRefId" : "wing_7_3",
         "wingPreRefId" : "wing_7_1"
      },
      "refId" : "wing_7_2"
   },
   "wing_7_3" : {
      "effectData" : {
         "MDodgePer" : 13,
         "MImmunityPer" : 21,
         "PDodgePer" : 13,
         "PImmunityPer" : 21,
         "maxMAtk" : 1548,
         "maxMDef" : 0,
         "maxPAtk" : 1548,
         "maxPDef" : 0,
         "maxTao" : 1548,
         "minMAtk" : 696,
         "minMDef" : 0,
         "minPAtk" : 696,
         "minPDef" : 0,
         "minTao" : 696
      },
      "property" : {
         "featherMaxConsume" : 35,
         "iconId" : "wing_7",
         "injure" : 8892,
         "maxExp" : 11536,
         "modelId" : 6006,
         "name" : "墨鸦",
         "stageLevel" : 7,
         "startLevel" : 3,
         "wingNextRefId" : "wing_8_0",
         "wingPreRefId" : "wing_7_2"
      },
      "refId" : "wing_7_3"
   },
   "wing_8_0" : {
      "effectData" : {
         "MDodgePer" : 14,
         "MImmunityPer" : 24,
         "PDodgePer" : 14,
         "PImmunityPer" : 24,
         "maxMAtk" : 1663,
         "maxMDef" : 0,
         "maxPAtk" : 1663,
         "maxPDef" : 0,
         "maxTao" : 1663,
         "minMAtk" : 751,
         "minMDef" : 0,
         "minPAtk" : 751,
         "minPDef" : 0,
         "minTao" : 751
      },
      "property" : {
         "featherMaxConsume" : 40,
         "iconId" : "wing_8",
         "injure" : 9589,
         "maxExp" : 12404,
         "modelId" : 6007,
         "name" : "仙音",
         "stageLevel" : 8,
         "startLevel" : 0,
         "wingNextRefId" : "wing_8_1",
         "wingPreRefId" : "wing_7_3"
      },
      "refId" : "wing_8_0"
   },
   "wing_8_1" : {
      "effectData" : {
         "MDodgePer" : 14,
         "MImmunityPer" : 24,
         "PDodgePer" : 14,
         "PImmunityPer" : 24,
         "maxMAtk" : 1778,
         "maxMDef" : 0,
         "maxPAtk" : 1778,
         "maxPDef" : 0,
         "maxTao" : 1778,
         "minMAtk" : 809,
         "minMDef" : 0,
         "minPAtk" : 809,
         "minPDef" : 0,
         "minTao" : 809
      },
      "property" : {
         "featherMaxConsume" : 40,
         "iconId" : "wing_8",
         "injure" : 10223,
         "maxExp" : 13314,
         "modelId" : 6007,
         "name" : "仙音",
         "stageLevel" : 8,
         "startLevel" : 1,
         "wingNextRefId" : "wing_8_2",
         "wingPreRefId" : "wing_8_0"
      },
      "refId" : "wing_8_1"
   },
   "wing_8_2" : {
      "effectData" : {
         "MDodgePer" : 14,
         "MImmunityPer" : 24,
         "PDodgePer" : 14,
         "PImmunityPer" : 24,
         "maxMAtk" : 1893,
         "maxMDef" : 0,
         "maxPAtk" : 1893,
         "maxPDef" : 0,
         "maxTao" : 1893,
         "minMAtk" : 869,
         "minMDef" : 0,
         "minPAtk" : 869,
         "minPDef" : 0,
         "minTao" : 869
      },
      "property" : {
         "featherMaxConsume" : 40,
         "iconId" : "wing_8",
         "injure" : 10863,
         "maxExp" : 14266,
         "modelId" : 6007,
         "name" : "仙音",
         "stageLevel" : 8,
         "startLevel" : 2,
         "wingNextRefId" : "wing_8_3",
         "wingPreRefId" : "wing_8_1"
      },
      "refId" : "wing_8_2"
   },
   "wing_8_3" : {
      "effectData" : {
         "MDodgePer" : 14,
         "MImmunityPer" : 24,
         "PDodgePer" : 14,
         "PImmunityPer" : 24,
         "maxMAtk" : 2008,
         "maxMDef" : 0,
         "maxPAtk" : 2008,
         "maxPDef" : 0,
         "maxTao" : 2008,
         "minMAtk" : 931,
         "minMDef" : 0,
         "minPAtk" : 931,
         "minPDef" : 0,
         "minTao" : 931
      },
      "property" : {
         "featherMaxConsume" : 40,
         "iconId" : "wing_8",
         "injure" : 11509,
         "maxExp" : 15246,
         "modelId" : 6007,
         "name" : "仙音",
         "stageLevel" : 8,
         "startLevel" : 3,
         "wingNextRefId" : "wing_9_0",
         "wingPreRefId" : "wing_8_2"
      },
      "refId" : "wing_8_3"
   },
   "wing_9_0" : {
      "effectData" : {
         "MDodgePer" : 15,
         "MImmunityPer" : 28,
         "PDodgePer" : 15,
         "PImmunityPer" : 28,
         "maxMAtk" : 2138,
         "maxMDef" : 0,
         "maxPAtk" : 2138,
         "maxPDef" : 0,
         "maxTao" : 2138,
         "minMAtk" : 997,
         "minMDef" : 0,
         "minPAtk" : 997,
         "minPDef" : 0,
         "minTao" : 997
      },
      "property" : {
         "featherMaxConsume" : 45,
         "iconId" : "wing_9",
         "injure" : 12317,
         "maxExp" : 18592,
         "modelId" : 6008,
         "name" : "樱落",
         "stageLevel" : 9,
         "startLevel" : 0,
         "wingNextRefId" : "wing_9_1",
         "wingPreRefId" : "wing_8_3"
      },
      "refId" : "wing_9_0"
   },
   "wing_9_1" : {
      "effectData" : {
         "MDodgePer" : 15,
         "MImmunityPer" : 28,
         "PDodgePer" : 15,
         "PImmunityPer" : 28,
         "maxMAtk" : 2268,
         "maxMDef" : 0,
         "maxPAtk" : 2268,
         "maxPDef" : 0,
         "maxTao" : 2268,
         "minMAtk" : 1064,
         "minMDef" : 0,
         "minPAtk" : 1064,
         "minPDef" : 0,
         "minTao" : 1064
      },
      "property" : {
         "featherMaxConsume" : 45,
         "iconId" : "wing_9",
         "injure" : 13038,
         "maxExp" : 19792,
         "modelId" : 6008,
         "name" : "樱落",
         "stageLevel" : 9,
         "startLevel" : 1,
         "wingNextRefId" : "wing_9_2",
         "wingPreRefId" : "wing_9_0"
      },
      "refId" : "wing_9_1"
   },
   "wing_9_2" : {
      "effectData" : {
         "MDodgePer" : 15,
         "MImmunityPer" : 28,
         "PDodgePer" : 15,
         "PImmunityPer" : 28,
         "maxMAtk" : 2398,
         "maxMDef" : 0,
         "maxPAtk" : 2398,
         "maxPDef" : 0,
         "maxTao" : 2398,
         "minMAtk" : 1135,
         "minMDef" : 0,
         "minPAtk" : 1135,
         "minPDef" : 0,
         "minTao" : 1135
      },
      "property" : {
         "featherMaxConsume" : 45,
         "iconId" : "wing_9",
         "injure" : 13771,
         "maxExp" : 21024,
         "modelId" : 6008,
         "name" : "樱落",
         "stageLevel" : 9,
         "startLevel" : 2,
         "wingNextRefId" : "wing_9_3",
         "wingPreRefId" : "wing_9_1"
      },
      "refId" : "wing_9_2"
   },
   "wing_9_3" : {
      "effectData" : {
         "MDodgePer" : 15,
         "MImmunityPer" : 28,
         "PDodgePer" : 15,
         "PImmunityPer" : 28,
         "maxMAtk" : 2528,
         "maxMDef" : 0,
         "maxPAtk" : 2528,
         "maxPDef" : 0,
         "maxTao" : 2528,
         "minMAtk" : 1208,
         "minMDef" : 0,
         "minPAtk" : 1208,
         "minPDef" : 0,
         "minTao" : 1208
      },
      "property" : {
         "featherMaxConsume" : 45,
         "iconId" : "wing_9",
         "injure" : 14510,
         "maxExp" : 47021,
         "modelId" : 6008,
         "name" : "樱落",
         "stageLevel" : 9,
         "startLevel" : 3,
         "wingNextRefId" : "wing_10_0",
         "wingPreRefId" : "wing_9_2"
      },
      "refId" : "wing_9_3"
   }
}

