{
   "lotterycount" : {
      "configData" : {
         "lot_1" : {
            "property" : {
               "level" : 80,
               "timesADay" : 0,
               "unbindedGold" : 10000
            },
            "refId" : "lot_1"
         }
      },
      "name" : "抽奖赠送次数",
      "refId" : "lotterycount"
   },
   "lotteryreward" : {
      "configData" : {
         "lotteryGroup_1" : {
            "property" : {
               "bindStatus" : 1,
               "itemGroup" : 1,
               "itemRefId" : "item_drug_10",
               "itemType" : 1,
               "number" : 5,
               "probability" : 200000
            },
            "refId" : "lotteryGroup_1"
         },
         "lotteryGroup_10" : {
            "property" : {
               "bindStatus" : 1,
               "itemGroup" : 2,
               "itemRefId" : "item_relive",
               "itemType" : 1,
               "number" : 3,
               "probability" : 200000
            },
            "refId" : "lotteryGroup_10"
         },
         "lotteryGroup_11" : {
            "property" : {
               "bindStatus" : 1,
               "itemGroup" : 2,
               "itemRefId" : "item_moshi",
               "itemType" : 1,
               "number" : 50,
               "probability" : 100000
            },
            "refId" : "lotteryGroup_11"
         },
         "lotteryGroup_12" : {
            "property" : {
               "bindStatus" : 1,
               "itemGroup" : 2,
               "itemRefId" : "item_shenqiExp",
               "itemType" : 1,
               "number" : 100,
               "probability" : 150000
            },
            "refId" : "lotteryGroup_12"
         },
         "lotteryGroup_13" : {
            "property" : {
               "bindStatus" : 1,
               "itemGroup" : 2,
               "itemRefId" : "item_lingpai_1",
               "itemType" : 1,
               "number" : 10,
               "probability" : 100000
            },
            "refId" : "lotteryGroup_13"
         },
         "lotteryGroup_14" : {
            "property" : {
               "bindStatus" : 1,
               "itemGroup" : 2,
               "itemRefId" : "item_goldMedal",
               "itemType" : 1,
               "number" : 5,
               "probability" : 150000
            },
            "refId" : "lotteryGroup_14"
         },
         "lotteryGroup_15" : {
            "property" : {
               "bindStatus" : 1,
               "itemGroup" : 2,
               "itemRefId" : "bindedGold",
               "itemType" : 0,
               "number" : 50000,
               "probability" : 80000
            },
            "refId" : "lotteryGroup_15"
         },
         "lotteryGroup_16" : {
            "property" : {
               "bindStatus" : 1,
               "itemGroup" : 2,
               "itemRefId" : "item_box_zz_90_1",
               "itemType" : 1,
               "number" : 1,
               "probability" : 20000
            },
            "refId" : "lotteryGroup_16"
         },
         "lotteryGroup_17" : {
            "property" : {
               "bindStatus" : 1,
               "itemGroup" : 3,
               "itemRefId" : "item_drug_10",
               "itemType" : 1,
               "number" : 5,
               "probability" : 200000
            },
            "refId" : "lotteryGroup_17"
         },
         "lotteryGroup_18" : {
            "property" : {
               "bindStatus" : 1,
               "itemGroup" : 3,
               "itemRefId" : "item_relive",
               "itemType" : 1,
               "number" : 3,
               "probability" : 200000
            },
            "refId" : "lotteryGroup_18"
         },
         "lotteryGroup_19" : {
            "property" : {
               "bindStatus" : 1,
               "itemGroup" : 3,
               "itemRefId" : "item_moshi",
               "itemType" : 1,
               "number" : 50,
               "probability" : 100000
            },
            "refId" : "lotteryGroup_19"
         },
         "lotteryGroup_2" : {
            "property" : {
               "bindStatus" : 1,
               "itemGroup" : 1,
               "itemRefId" : "item_relive",
               "itemType" : 1,
               "number" : 3,
               "probability" : 200000
            },
            "refId" : "lotteryGroup_2"
         },
         "lotteryGroup_20" : {
            "property" : {
               "bindStatus" : 1,
               "itemGroup" : 3,
               "itemRefId" : "item_shenqiExp",
               "itemType" : 1,
               "number" : 100,
               "probability" : 150000
            },
            "refId" : "lotteryGroup_20"
         },
         "lotteryGroup_21" : {
            "property" : {
               "bindStatus" : 1,
               "itemGroup" : 3,
               "itemRefId" : "item_lingpai_1",
               "itemType" : 1,
               "number" : 10,
               "probability" : 100000
            },
            "refId" : "lotteryGroup_21"
         },
         "lotteryGroup_22" : {
            "property" : {
               "bindStatus" : 1,
               "itemGroup" : 3,
               "itemRefId" : "item_goldMedal",
               "itemType" : 1,
               "number" : 5,
               "probability" : 150000
            },
            "refId" : "lotteryGroup_22"
         },
         "lotteryGroup_23" : {
            "property" : {
               "bindStatus" : 1,
               "itemGroup" : 3,
               "itemRefId" : "item_vip_3",
               "itemType" : 1,
               "number" : 1,
               "probability" : 80000
            },
            "refId" : "lotteryGroup_23"
         },
         "lotteryGroup_24" : {
            "property" : {
               "bindStatus" : 1,
               "itemGroup" : 3,
               "itemRefId" : "item_box_130_1",
               "itemType" : 1,
               "number" : 1,
               "probability" : 20000
            },
            "refId" : "lotteryGroup_24"
         },
         "lotteryGroup_25" : {
            "property" : {
               "bindStatus" : 1,
               "itemGroup" : 4,
               "itemRefId" : "item_drug_10",
               "itemType" : 1,
               "number" : 5,
               "probability" : 200000
            },
            "refId" : "lotteryGroup_25"
         },
         "lotteryGroup_26" : {
            "property" : {
               "bindStatus" : 1,
               "itemGroup" : 4,
               "itemRefId" : "item_relive",
               "itemType" : 1,
               "number" : 3,
               "probability" : 200000
            },
            "refId" : "lotteryGroup_26"
         },
         "lotteryGroup_27" : {
            "property" : {
               "bindStatus" : 1,
               "itemGroup" : 4,
               "itemRefId" : "item_moshi",
               "itemType" : 1,
               "number" : 50,
               "probability" : 100000
            },
            "refId" : "lotteryGroup_27"
         },
         "lotteryGroup_28" : {
            "property" : {
               "bindStatus" : 1,
               "itemGroup" : 4,
               "itemRefId" : "item_shenqiExp",
               "itemType" : 1,
               "number" : 100,
               "probability" : 150000
            },
            "refId" : "lotteryGroup_28"
         },
         "lotteryGroup_29" : {
            "property" : {
               "bindStatus" : 1,
               "itemGroup" : 4,
               "itemRefId" : "item_lingpai_1",
               "itemType" : 1,
               "number" : 10,
               "probability" : 100000
            },
            "refId" : "lotteryGroup_29"
         },
         "lotteryGroup_3" : {
            "property" : {
               "bindStatus" : 1,
               "itemGroup" : 1,
               "itemRefId" : "item_moshi",
               "itemType" : 1,
               "number" : 50,
               "probability" : 100000
            },
            "refId" : "lotteryGroup_3"
         },
         "lotteryGroup_30" : {
            "property" : {
               "bindStatus" : 1,
               "itemGroup" : 4,
               "itemRefId" : "item_goldMedal",
               "itemType" : 1,
               "number" : 5,
               "probability" : 150000
            },
            "refId" : "lotteryGroup_30"
         },
         "lotteryGroup_31" : {
            "property" : {
               "bindStatus" : 1,
               "itemGroup" : 4,
               "itemRefId" : "gold",
               "itemType" : 0,
               "number" : 8888888,
               "probability" : 80000
            },
            "refId" : "lotteryGroup_31"
         },
         "lotteryGroup_32" : {
            "property" : {
               "bindStatus" : 1,
               "itemGroup" : 4,
               "itemRefId" : "item_box_zz_110",
               "itemType" : 1,
               "number" : 5,
               "probability" : 20000
            },
            "refId" : "lotteryGroup_32"
         },
         "lotteryGroup_33" : {
            "property" : {
               "bindStatus" : 1,
               "itemGroup" : 5,
               "itemRefId" : "item_drug_10",
               "itemType" : 1,
               "number" : 5,
               "probability" : 200000
            },
            "refId" : "lotteryGroup_33"
         },
         "lotteryGroup_34" : {
            "property" : {
               "bindStatus" : 1,
               "itemGroup" : 5,
               "itemRefId" : "item_relive",
               "itemType" : 1,
               "number" : 3,
               "probability" : 200000
            },
            "refId" : "lotteryGroup_34"
         },
         "lotteryGroup_35" : {
            "property" : {
               "bindStatus" : 1,
               "itemGroup" : 5,
               "itemRefId" : "item_moshi",
               "itemType" : 1,
               "number" : 50,
               "probability" : 100000
            },
            "refId" : "lotteryGroup_35"
         },
         "lotteryGroup_36" : {
            "property" : {
               "bindStatus" : 1,
               "itemGroup" : 5,
               "itemRefId" : "item_shenqiExp",
               "itemType" : 1,
               "number" : 100,
               "probability" : 150000
            },
            "refId" : "lotteryGroup_36"
         },
         "lotteryGroup_37" : {
            "property" : {
               "bindStatus" : 1,
               "itemGroup" : 5,
               "itemRefId" : "item_lingpai_1",
               "itemType" : 1,
               "number" : 10,
               "probability" : 100000
            },
            "refId" : "lotteryGroup_37"
         },
         "lotteryGroup_38" : {
            "property" : {
               "bindStatus" : 1,
               "itemGroup" : 5,
               "itemRefId" : "item_goldMedal",
               "itemType" : 1,
               "number" : 5,
               "probability" : 150000
            },
            "refId" : "lotteryGroup_38"
         },
         "lotteryGroup_39" : {
            "property" : {
               "bindStatus" : 0,
               "itemGroup" : 5,
               "itemRefId" : "unbindedGold",
               "itemType" : 0,
               "number" : 2000,
               "probability" : 80000
            },
            "refId" : "lotteryGroup_39"
         },
         "lotteryGroup_4" : {
            "property" : {
               "bindStatus" : 1,
               "itemGroup" : 1,
               "itemRefId" : "item_shenqiExp",
               "itemType" : 1,
               "number" : 100,
               "probability" : 150000
            },
            "refId" : "lotteryGroup_4"
         },
         "lotteryGroup_40" : {
            "property" : {
               "bindStatus" : 1,
               "itemGroup" : 5,
               "itemRefId" : "item_qianghuajuan_12",
               "itemType" : 1,
               "number" : 1,
               "probability" : 20000
            },
            "refId" : "lotteryGroup_40"
         },
         "lotteryGroup_41" : {
            "property" : {
               "bindStatus" : 1,
               "itemGroup" : 6,
               "itemRefId" : "item_drug_10",
               "itemType" : 1,
               "number" : 5,
               "probability" : 200000
            },
            "refId" : "lotteryGroup_41"
         },
         "lotteryGroup_42" : {
            "property" : {
               "bindStatus" : 1,
               "itemGroup" : 6,
               "itemRefId" : "item_relive",
               "itemType" : 1,
               "number" : 3,
               "probability" : 200000
            },
            "refId" : "lotteryGroup_42"
         },
         "lotteryGroup_43" : {
            "property" : {
               "bindStatus" : 1,
               "itemGroup" : 6,
               "itemRefId" : "item_moshi",
               "itemType" : 1,
               "number" : 50,
               "probability" : 100000
            },
            "refId" : "lotteryGroup_43"
         },
         "lotteryGroup_44" : {
            "property" : {
               "bindStatus" : 1,
               "itemGroup" : 6,
               "itemRefId" : "item_shenqiExp",
               "itemType" : 1,
               "number" : 100,
               "probability" : 150000
            },
            "refId" : "lotteryGroup_44"
         },
         "lotteryGroup_45" : {
            "property" : {
               "bindStatus" : 1,
               "itemGroup" : 6,
               "itemRefId" : "item_lingpai_1",
               "itemType" : 1,
               "number" : 10,
               "probability" : 100000
            },
            "refId" : "lotteryGroup_45"
         },
         "lotteryGroup_46" : {
            "property" : {
               "bindStatus" : 1,
               "itemGroup" : 6,
               "itemRefId" : "item_goldMedal",
               "itemType" : 1,
               "number" : 5,
               "probability" : 150000
            },
            "refId" : "lotteryGroup_46"
         },
         "lotteryGroup_47" : {
            "property" : {
               "bindStatus" : 1,
               "itemGroup" : 6,
               "itemRefId" : "item_zuoqiExp",
               "itemType" : 1,
               "number" : 999,
               "probability" : 80000
            },
            "refId" : "lotteryGroup_47"
         },
         "lotteryGroup_48" : {
            "property" : {
               "bindStatus" : 1,
               "itemGroup" : 6,
               "itemRefId" : "item_box_zz_50",
               "itemType" : 1,
               "number" : 10,
               "probability" : 20000
            },
            "refId" : "lotteryGroup_48"
         },
         "lotteryGroup_49" : {
            "property" : {
               "bindStatus" : 1,
               "itemGroup" : 7,
               "itemRefId" : "item_drug_10",
               "itemType" : 1,
               "number" : 5,
               "probability" : 200000
            },
            "refId" : "lotteryGroup_49"
         },
         "lotteryGroup_5" : {
            "property" : {
               "bindStatus" : 1,
               "itemGroup" : 1,
               "itemRefId" : "item_lingpai_1",
               "itemType" : 1,
               "number" : 10,
               "probability" : 100000
            },
            "refId" : "lotteryGroup_5"
         },
         "lotteryGroup_50" : {
            "property" : {
               "bindStatus" : 1,
               "itemGroup" : 7,
               "itemRefId" : "item_relive",
               "itemType" : 1,
               "number" : 3,
               "probability" : 200000
            },
            "refId" : "lotteryGroup_50"
         },
         "lotteryGroup_51" : {
            "property" : {
               "bindStatus" : 1,
               "itemGroup" : 7,
               "itemRefId" : "item_moshi",
               "itemType" : 1,
               "number" : 50,
               "probability" : 100000
            },
            "refId" : "lotteryGroup_51"
         },
         "lotteryGroup_52" : {
            "property" : {
               "bindStatus" : 1,
               "itemGroup" : 7,
               "itemRefId" : "item_shenqiExp",
               "itemType" : 1,
               "number" : 100,
               "probability" : 150000
            },
            "refId" : "lotteryGroup_52"
         },
         "lotteryGroup_53" : {
            "property" : {
               "bindStatus" : 1,
               "itemGroup" : 7,
               "itemRefId" : "item_lingpai_1",
               "itemType" : 1,
               "number" : 10,
               "probability" : 100000
            },
            "refId" : "lotteryGroup_53"
         },
         "lotteryGroup_54" : {
            "property" : {
               "bindStatus" : 1,
               "itemGroup" : 7,
               "itemRefId" : "item_goldMedal",
               "itemType" : 1,
               "number" : 5,
               "probability" : 150000
            },
            "refId" : "lotteryGroup_54"
         },
         "lotteryGroup_55" : {
            "property" : {
               "bindStatus" : 1,
               "itemGroup" : 7,
               "itemRefId" : "item_chibangExp",
               "itemType" : 0,
               "number" : 999,
               "probability" : 80000
            },
            "refId" : "lotteryGroup_55"
         },
         "lotteryGroup_56" : {
            "property" : {
               "bindStatus" : 1,
               "itemGroup" : 7,
               "itemRefId" : "item_box_zz_50_1",
               "itemType" : 1,
               "number" : 1,
               "probability" : 20000
            },
            "refId" : "lotteryGroup_56"
         },
         "lotteryGroup_57" : {
            "property" : {
               "bindStatus" : 1,
               "itemGroup" : 8,
               "itemRefId" : "item_drug_10",
               "itemType" : 1,
               "number" : 5,
               "probability" : 200000
            },
            "refId" : "lotteryGroup_57"
         },
         "lotteryGroup_58" : {
            "property" : {
               "bindStatus" : 1,
               "itemGroup" : 8,
               "itemRefId" : "item_relive",
               "itemType" : 1,
               "number" : 3,
               "probability" : 200000
            },
            "refId" : "lotteryGroup_58"
         },
         "lotteryGroup_59" : {
            "property" : {
               "bindStatus" : 1,
               "itemGroup" : 8,
               "itemRefId" : "item_moshi",
               "itemType" : 1,
               "number" : 50,
               "probability" : 100000
            },
            "refId" : "lotteryGroup_59"
         },
         "lotteryGroup_6" : {
            "property" : {
               "bindStatus" : 1,
               "itemGroup" : 1,
               "itemRefId" : "item_goldMedal",
               "itemType" : 1,
               "number" : 5,
               "probability" : 150000
            },
            "refId" : "lotteryGroup_6"
         },
         "lotteryGroup_60" : {
            "property" : {
               "bindStatus" : 1,
               "itemGroup" : 8,
               "itemRefId" : "item_shenqiExp",
               "itemType" : 1,
               "number" : 100,
               "probability" : 150000
            },
            "refId" : "lotteryGroup_60"
         },
         "lotteryGroup_61" : {
            "property" : {
               "bindStatus" : 1,
               "itemGroup" : 8,
               "itemRefId" : "item_lingpai_1",
               "itemType" : 1,
               "number" : 10,
               "probability" : 100000
            },
            "refId" : "lotteryGroup_61"
         },
         "lotteryGroup_62" : {
            "property" : {
               "bindStatus" : 1,
               "itemGroup" : 8,
               "itemRefId" : "item_goldMedal",
               "itemType" : 1,
               "number" : 5,
               "probability" : 150000
            },
            "refId" : "lotteryGroup_62"
         },
         "lotteryGroup_63" : {
            "property" : {
               "bindStatus" : 1,
               "itemGroup" : 8,
               "itemRefId" : "bindedGold",
               "itemType" : 0,
               "number" : 50000,
               "probability" : 80000
            },
            "refId" : "lotteryGroup_63"
         },
         "lotteryGroup_64" : {
            "property" : {
               "bindStatus" : 1,
               "itemGroup" : 8,
               "itemRefId" : "item_box_zz_90",
               "itemType" : 1,
               "number" : 8,
               "probability" : 20000
            },
            "refId" : "lotteryGroup_64"
         },
         "lotteryGroup_7" : {
            "property" : {
               "bindStatus" : 0,
               "itemGroup" : 1,
               "itemRefId" : "unbindedGold",
               "itemType" : 0,
               "number" : 2000,
               "probability" : 80000
            },
            "refId" : "lotteryGroup_7"
         },
         "lotteryGroup_8" : {
            "property" : {
               "bindStatus" : 1,
               "itemGroup" : 1,
               "itemRefId" : "item_box_120_1",
               "itemType" : 1,
               "number" : 1,
               "probability" : 20000
            },
            "refId" : "lotteryGroup_8"
         },
         "lotteryGroup_9" : {
            "property" : {
               "bindStatus" : 1,
               "itemGroup" : 2,
               "itemRefId" : "item_drug_10",
               "itemType" : 1,
               "number" : 5,
               "probability" : 200000
            },
            "refId" : "lotteryGroup_9"
         }
      },
      "name" : "抽奖奖励",
      "refId" : "lotteryreward"
   }
}

