{
   "payonPalace_1" : {
      "activityData" : [
         {
            "consumeitems" : [
               {
                  "itemRefId" : "item_templetickets",
                  "number" : "1"
               }
            ],
            "planshow" : [
               {
                  "itemRefId" : "item_qianghuashi",
                  "number" : "1"
               },
               {
                  "itemRefId" : "item_zuoqiExp",
                  "number" : "1"
               },
               {
                  "itemRefId" : "item_chibangExp",
                  "number" : "1"
               },
               {
                  "itemRefId" : "item_shenqiExp",
                  "number" : "1"
               },
               {
                  "itemRefId" : "item_goldMedal",
                  "number" : "1"
               },
               {
                  "itemRefId" : "item_silverMedal",
                  "number" : "1"
               }
            ],
            "property" : {
               "iconId" : "wordBoss_sr_boss_shendian",
               "name" : "BOSS神殿"
            },
            "transfer" : 407
         }
      ],
      "refId" : "payonPalace_1",
      "sceneRefId" : "S070|S071",
      "time" : {
         "duration" : "18:30:00|19:30:00&22:30:00|23:30:00",
         "preEndTime" : 0,
         "preStartTime" : 0
      }
   },
   "payonPalace_2" : {
      "activityData" : [
         {
            "consumeitems" : [
               {
                  "itemRefId" : "item_mayaticket",
                  "number" : "2"
               }
            ],
            "planshow" : [
               {
                  "itemRefId" : "item_qianghuashi",
                  "number" : "1"
               },
               {
                  "itemRefId" : "item_zuoqiExp",
                  "number" : "1"
               },
               {
                  "itemRefId" : "item_chibangExp",
                  "number" : "1"
               },
               {
                  "itemRefId" : "item_shenqiExp",
                  "number" : "1"
               },
               {
                  "itemRefId" : "item_goldMedal",
                  "number" : "1"
               },
               {
                  "itemRefId" : "item_silverMedal",
                  "number" : "1"
               }
            ],
            "property" : {
               "iconId" : "wordBoss_sr_maya",
               "name" : "玛雅秘境"
            },
            "transfer" : 729
         }
      ],
      "refId" : "payonPalace_2",
      "sceneRefId" : "S067|S068|S069",
      "time" : {
         "duration" : "08:00:00|23:59:30",
         "preEndTime" : 0,
         "preStartTime" : 0
      }
   }
}

