{
   "bagUnlockByTime_1" : {
      "property" : {
         "onlineTime" : 360,
         "slotUnblockOrder" : 1
      },
      "refId" : "bagUnlockByTime_1"
   },
   "bagUnlockByTime_10" : {
      "property" : {
         "onlineTime" : 19800,
         "slotUnblockOrder" : 10
      },
      "refId" : "bagUnlockByTime_10"
   },
   "bagUnlockByTime_11" : {
      "property" : {
         "onlineTime" : 23760,
         "slotUnblockOrder" : 11
      },
      "refId" : "bagUnlockByTime_11"
   },
   "bagUnlockByTime_12" : {
      "property" : {
         "onlineTime" : 28080,
         "slotUnblockOrder" : 12
      },
      "refId" : "bagUnlockByTime_12"
   },
   "bagUnlockByTime_13" : {
      "property" : {
         "onlineTime" : 32760,
         "slotUnblockOrder" : 13
      },
      "refId" : "bagUnlockByTime_13"
   },
   "bagUnlockByTime_14" : {
      "property" : {
         "onlineTime" : 37800,
         "slotUnblockOrder" : 14
      },
      "refId" : "bagUnlockByTime_14"
   },
   "bagUnlockByTime_15" : {
      "property" : {
         "onlineTime" : 43200,
         "slotUnblockOrder" : 15
      },
      "refId" : "bagUnlockByTime_15"
   },
   "bagUnlockByTime_16" : {
      "property" : {
         "onlineTime" : 48960,
         "slotUnblockOrder" : 16
      },
      "refId" : "bagUnlockByTime_16"
   },
   "bagUnlockByTime_17" : {
      "property" : {
         "onlineTime" : 55080,
         "slotUnblockOrder" : 17
      },
      "refId" : "bagUnlockByTime_17"
   },
   "bagUnlockByTime_18" : {
      "property" : {
         "onlineTime" : 61560,
         "slotUnblockOrder" : 18
      },
      "refId" : "bagUnlockByTime_18"
   },
   "bagUnlockByTime_19" : {
      "property" : {
         "onlineTime" : 68400,
         "slotUnblockOrder" : 19
      },
      "refId" : "bagUnlockByTime_19"
   },
   "bagUnlockByTime_2" : {
      "property" : {
         "onlineTime" : 1080,
         "slotUnblockOrder" : 2
      },
      "refId" : "bagUnlockByTime_2"
   },
   "bagUnlockByTime_20" : {
      "property" : {
         "onlineTime" : 75600,
         "slotUnblockOrder" : 20
      },
      "refId" : "bagUnlockByTime_20"
   },
   "bagUnlockByTime_21" : {
      "property" : {
         "onlineTime" : 83160,
         "slotUnblockOrder" : 21
      },
      "refId" : "bagUnlockByTime_21"
   },
   "bagUnlockByTime_22" : {
      "property" : {
         "onlineTime" : 91080,
         "slotUnblockOrder" : 22
      },
      "refId" : "bagUnlockByTime_22"
   },
   "bagUnlockByTime_23" : {
      "property" : {
         "onlineTime" : 99360,
         "slotUnblockOrder" : 23
      },
      "refId" : "bagUnlockByTime_23"
   },
   "bagUnlockByTime_24" : {
      "property" : {
         "onlineTime" : 108000,
         "slotUnblockOrder" : 24
      },
      "refId" : "bagUnlockByTime_24"
   },
   "bagUnlockByTime_25" : {
      "property" : {
         "onlineTime" : 117000,
         "slotUnblockOrder" : 25
      },
      "refId" : "bagUnlockByTime_25"
   },
   "bagUnlockByTime_26" : {
      "property" : {
         "onlineTime" : 126360,
         "slotUnblockOrder" : 26
      },
      "refId" : "bagUnlockByTime_26"
   },
   "bagUnlockByTime_27" : {
      "property" : {
         "onlineTime" : 136080,
         "slotUnblockOrder" : 27
      },
      "refId" : "bagUnlockByTime_27"
   },
   "bagUnlockByTime_28" : {
      "property" : {
         "onlineTime" : 146160,
         "slotUnblockOrder" : 28
      },
      "refId" : "bagUnlockByTime_28"
   },
   "bagUnlockByTime_29" : {
      "property" : {
         "onlineTime" : 156600,
         "slotUnblockOrder" : 29
      },
      "refId" : "bagUnlockByTime_29"
   },
   "bagUnlockByTime_3" : {
      "property" : {
         "onlineTime" : 2160,
         "slotUnblockOrder" : 3
      },
      "refId" : "bagUnlockByTime_3"
   },
   "bagUnlockByTime_30" : {
      "property" : {
         "onlineTime" : 167400,
         "slotUnblockOrder" : 30
      },
      "refId" : "bagUnlockByTime_30"
   },
   "bagUnlockByTime_31" : {
      "property" : {
         "onlineTime" : 178560,
         "slotUnblockOrder" : 31
      },
      "refId" : "bagUnlockByTime_31"
   },
   "bagUnlockByTime_32" : {
      "property" : {
         "onlineTime" : 190080,
         "slotUnblockOrder" : 32
      },
      "refId" : "bagUnlockByTime_32"
   },
   "bagUnlockByTime_33" : {
      "property" : {
         "onlineTime" : 201960,
         "slotUnblockOrder" : 33
      },
      "refId" : "bagUnlockByTime_33"
   },
   "bagUnlockByTime_34" : {
      "property" : {
         "onlineTime" : 214200,
         "slotUnblockOrder" : 34
      },
      "refId" : "bagUnlockByTime_34"
   },
   "bagUnlockByTime_35" : {
      "property" : {
         "onlineTime" : 226800,
         "slotUnblockOrder" : 35
      },
      "refId" : "bagUnlockByTime_35"
   },
   "bagUnlockByTime_36" : {
      "property" : {
         "onlineTime" : 239760,
         "slotUnblockOrder" : 36
      },
      "refId" : "bagUnlockByTime_36"
   },
   "bagUnlockByTime_37" : {
      "property" : {
         "onlineTime" : 253080,
         "slotUnblockOrder" : 37
      },
      "refId" : "bagUnlockByTime_37"
   },
   "bagUnlockByTime_38" : {
      "property" : {
         "onlineTime" : 266760,
         "slotUnblockOrder" : 38
      },
      "refId" : "bagUnlockByTime_38"
   },
   "bagUnlockByTime_39" : {
      "property" : {
         "onlineTime" : 280800,
         "slotUnblockOrder" : 39
      },
      "refId" : "bagUnlockByTime_39"
   },
   "bagUnlockByTime_4" : {
      "property" : {
         "onlineTime" : 3600,
         "slotUnblockOrder" : 4
      },
      "refId" : "bagUnlockByTime_4"
   },
   "bagUnlockByTime_40" : {
      "property" : {
         "onlineTime" : 295200,
         "slotUnblockOrder" : 40
      },
      "refId" : "bagUnlockByTime_40"
   },
   "bagUnlockByTime_41" : {
      "property" : {
         "onlineTime" : 309960,
         "slotUnblockOrder" : 41
      },
      "refId" : "bagUnlockByTime_41"
   },
   "bagUnlockByTime_42" : {
      "property" : {
         "onlineTime" : 325080,
         "slotUnblockOrder" : 42
      },
      "refId" : "bagUnlockByTime_42"
   },
   "bagUnlockByTime_43" : {
      "property" : {
         "onlineTime" : 340560,
         "slotUnblockOrder" : 43
      },
      "refId" : "bagUnlockByTime_43"
   },
   "bagUnlockByTime_44" : {
      "property" : {
         "onlineTime" : 356400,
         "slotUnblockOrder" : 44
      },
      "refId" : "bagUnlockByTime_44"
   },
   "bagUnlockByTime_45" : {
      "property" : {
         "onlineTime" : 372600,
         "slotUnblockOrder" : 45
      },
      "refId" : "bagUnlockByTime_45"
   },
   "bagUnlockByTime_46" : {
      "property" : {
         "onlineTime" : 389160,
         "slotUnblockOrder" : 46
      },
      "refId" : "bagUnlockByTime_46"
   },
   "bagUnlockByTime_47" : {
      "property" : {
         "onlineTime" : 406080,
         "slotUnblockOrder" : 47
      },
      "refId" : "bagUnlockByTime_47"
   },
   "bagUnlockByTime_48" : {
      "property" : {
         "onlineTime" : 423360,
         "slotUnblockOrder" : 48
      },
      "refId" : "bagUnlockByTime_48"
   },
   "bagUnlockByTime_49" : {
      "property" : {
         "onlineTime" : 441000,
         "slotUnblockOrder" : 49
      },
      "refId" : "bagUnlockByTime_49"
   },
   "bagUnlockByTime_5" : {
      "property" : {
         "onlineTime" : 5400,
         "slotUnblockOrder" : 5
      },
      "refId" : "bagUnlockByTime_5"
   },
   "bagUnlockByTime_50" : {
      "property" : {
         "onlineTime" : 459000,
         "slotUnblockOrder" : 50
      },
      "refId" : "bagUnlockByTime_50"
   },
   "bagUnlockByTime_6" : {
      "property" : {
         "onlineTime" : 7560,
         "slotUnblockOrder" : 6
      },
      "refId" : "bagUnlockByTime_6"
   },
   "bagUnlockByTime_7" : {
      "property" : {
         "onlineTime" : 10080,
         "slotUnblockOrder" : 7
      },
      "refId" : "bagUnlockByTime_7"
   },
   "bagUnlockByTime_8" : {
      "property" : {
         "onlineTime" : 12960,
         "slotUnblockOrder" : 8
      },
      "refId" : "bagUnlockByTime_8"
   },
   "bagUnlockByTime_9" : {
      "property" : {
         "onlineTime" : 16200,
         "slotUnblockOrder" : 9
      },
      "refId" : "bagUnlockByTime_9"
   }
}

