{
   "slotUnblockBag_1" : {
      "priceData" : {
         "priceData" : [
            {
               "number" : 100,
               "refId" : "unbindedGold"
            }
         ]
      },
      "property" : {
         "slotUnblockGridCount" : 5,
         "slotUnblockOrder" : 1
      },
      "refId" : "slotUnblockBag_1"
   },
   "slotUnblockBag_10" : {
      "priceData" : {
         "priceData" : [
            {
               "number" : 5000,
               "refId" : "unbindedGold"
            }
         ]
      },
      "property" : {
         "slotUnblockGridCount" : 5,
         "slotUnblockOrder" : 10
      },
      "refId" : "slotUnblockBag_10"
   },
   "slotUnblockBag_2" : {
      "priceData" : {
         "priceData" : [
            {
               "number" : 100,
               "refId" : "unbindedGold"
            }
         ]
      },
      "property" : {
         "slotUnblockGridCount" : 5,
         "slotUnblockOrder" : 2
      },
      "refId" : "slotUnblockBag_2"
   },
   "slotUnblockBag_3" : {
      "priceData" : {
         "priceData" : [
            {
               "number" : 400,
               "refId" : "unbindedGold"
            }
         ]
      },
      "property" : {
         "slotUnblockGridCount" : 5,
         "slotUnblockOrder" : 3
      },
      "refId" : "slotUnblockBag_3"
   },
   "slotUnblockBag_4" : {
      "priceData" : {
         "priceData" : [
            {
               "number" : 400,
               "refId" : "unbindedGold"
            }
         ]
      },
      "property" : {
         "slotUnblockGridCount" : 5,
         "slotUnblockOrder" : 4
      },
      "refId" : "slotUnblockBag_4"
   },
   "slotUnblockBag_5" : {
      "priceData" : {
         "priceData" : [
            {
               "number" : 1000,
               "refId" : "unbindedGold"
            }
         ]
      },
      "property" : {
         "slotUnblockGridCount" : 5,
         "slotUnblockOrder" : 5
      },
      "refId" : "slotUnblockBag_5"
   },
   "slotUnblockBag_6" : {
      "priceData" : {
         "priceData" : [
            {
               "number" : 1000,
               "refId" : "unbindedGold"
            }
         ]
      },
      "property" : {
         "slotUnblockGridCount" : 5,
         "slotUnblockOrder" : 6
      },
      "refId" : "slotUnblockBag_6"
   },
   "slotUnblockBag_7" : {
      "priceData" : {
         "priceData" : [
            {
               "number" : 2000,
               "refId" : "unbindedGold"
            }
         ]
      },
      "property" : {
         "slotUnblockGridCount" : 5,
         "slotUnblockOrder" : 7
      },
      "refId" : "slotUnblockBag_7"
   },
   "slotUnblockBag_8" : {
      "priceData" : {
         "priceData" : [
            {
               "number" : 2000,
               "refId" : "unbindedGold"
            }
         ]
      },
      "property" : {
         "slotUnblockGridCount" : 5,
         "slotUnblockOrder" : 8
      },
      "refId" : "slotUnblockBag_8"
   },
   "slotUnblockBag_9" : {
      "priceData" : {
         "priceData" : [
            {
               "number" : 5000,
               "refId" : "unbindedGold"
            }
         ]
      },
      "property" : {
         "slotUnblockGridCount" : 5,
         "slotUnblockOrder" : 9
      },
      "refId" : "slotUnblockBag_9"
   }
}

