{
   "slotUnblockDepot_1" : {
      "priceData" : {
         "priceData" : [
            {
               "number" : 100,
               "refId" : "unbindedGold"
            }
         ]
      },
      "property" : {
         "slotUnblockGridCount" : 5,
         "slotUnblockOrder" : 1
      },
      "refId" : "slotUnblockDepot_1"
   },
   "slotUnblockDepot_10" : {
      "priceData" : {
         "priceData" : [
            {
               "number" : 200,
               "refId" : "unbindedGold"
            }
         ]
      },
      "property" : {
         "slotUnblockGridCount" : 5,
         "slotUnblockOrder" : 10
      },
      "refId" : "slotUnblockDepot_10"
   },
   "slotUnblockDepot_11" : {
      "priceData" : {
         "priceData" : [
            {
               "number" : 500,
               "refId" : "unbindedGold"
            }
         ]
      },
      "property" : {
         "slotUnblockGridCount" : 5,
         "slotUnblockOrder" : 11
      },
      "refId" : "slotUnblockDepot_11"
   },
   "slotUnblockDepot_12" : {
      "priceData" : {
         "priceData" : [
            {
               "number" : 500,
               "refId" : "unbindedGold"
            }
         ]
      },
      "property" : {
         "slotUnblockGridCount" : 5,
         "slotUnblockOrder" : 12
      },
      "refId" : "slotUnblockDepot_12"
   },
   "slotUnblockDepot_13" : {
      "priceData" : {
         "priceData" : [
            {
               "number" : 500,
               "refId" : "unbindedGold"
            }
         ]
      },
      "property" : {
         "slotUnblockGridCount" : 5,
         "slotUnblockOrder" : 13
      },
      "refId" : "slotUnblockDepot_13"
   },
   "slotUnblockDepot_14" : {
      "priceData" : {
         "priceData" : [
            {
               "number" : 500,
               "refId" : "unbindedGold"
            }
         ]
      },
      "property" : {
         "slotUnblockGridCount" : 5,
         "slotUnblockOrder" : 14
      },
      "refId" : "slotUnblockDepot_14"
   },
   "slotUnblockDepot_15" : {
      "priceData" : {
         "priceData" : [
            {
               "number" : 500,
               "refId" : "unbindedGold"
            }
         ]
      },
      "property" : {
         "slotUnblockGridCount" : 5,
         "slotUnblockOrder" : 15
      },
      "refId" : "slotUnblockDepot_15"
   },
   "slotUnblockDepot_16" : {
      "priceData" : {
         "priceData" : [
            {
               "number" : 800,
               "refId" : "unbindedGold"
            }
         ]
      },
      "property" : {
         "slotUnblockGridCount" : 5,
         "slotUnblockOrder" : 16
      },
      "refId" : "slotUnblockDepot_16"
   },
   "slotUnblockDepot_17" : {
      "priceData" : {
         "priceData" : [
            {
               "number" : 800,
               "refId" : "unbindedGold"
            }
         ]
      },
      "property" : {
         "slotUnblockGridCount" : 5,
         "slotUnblockOrder" : 17
      },
      "refId" : "slotUnblockDepot_17"
   },
   "slotUnblockDepot_18" : {
      "priceData" : {
         "priceData" : [
            {
               "number" : 800,
               "refId" : "unbindedGold"
            }
         ]
      },
      "property" : {
         "slotUnblockGridCount" : 5,
         "slotUnblockOrder" : 18
      },
      "refId" : "slotUnblockDepot_18"
   },
   "slotUnblockDepot_19" : {
      "priceData" : {
         "priceData" : [
            {
               "number" : 800,
               "refId" : "unbindedGold"
            }
         ]
      },
      "property" : {
         "slotUnblockGridCount" : 5,
         "slotUnblockOrder" : 19
      },
      "refId" : "slotUnblockDepot_19"
   },
   "slotUnblockDepot_2" : {
      "priceData" : {
         "priceData" : [
            {
               "number" : 100,
               "refId" : "unbindedGold"
            }
         ]
      },
      "property" : {
         "slotUnblockGridCount" : 5,
         "slotUnblockOrder" : 2
      },
      "refId" : "slotUnblockDepot_2"
   },
   "slotUnblockDepot_20" : {
      "priceData" : {
         "priceData" : [
            {
               "number" : 800,
               "refId" : "unbindedGold"
            }
         ]
      },
      "property" : {
         "slotUnblockGridCount" : 5,
         "slotUnblockOrder" : 20
      },
      "refId" : "slotUnblockDepot_20"
   },
   "slotUnblockDepot_21" : {
      "priceData" : {
         "priceData" : [
            {
               "number" : 1000,
               "refId" : "unbindedGold"
            }
         ]
      },
      "property" : {
         "slotUnblockGridCount" : 5,
         "slotUnblockOrder" : 21
      },
      "refId" : "slotUnblockDepot_21"
   },
   "slotUnblockDepot_22" : {
      "priceData" : {
         "priceData" : [
            {
               "number" : 1000,
               "refId" : "unbindedGold"
            }
         ]
      },
      "property" : {
         "slotUnblockGridCount" : 5,
         "slotUnblockOrder" : 22
      },
      "refId" : "slotUnblockDepot_22"
   },
   "slotUnblockDepot_23" : {
      "priceData" : {
         "priceData" : [
            {
               "number" : 1000,
               "refId" : "unbindedGold"
            }
         ]
      },
      "property" : {
         "slotUnblockGridCount" : 5,
         "slotUnblockOrder" : 23
      },
      "refId" : "slotUnblockDepot_23"
   },
   "slotUnblockDepot_24" : {
      "priceData" : {
         "priceData" : [
            {
               "number" : 1000,
               "refId" : "unbindedGold"
            }
         ]
      },
      "property" : {
         "slotUnblockGridCount" : 5,
         "slotUnblockOrder" : 24
      },
      "refId" : "slotUnblockDepot_24"
   },
   "slotUnblockDepot_25" : {
      "priceData" : {
         "priceData" : [
            {
               "number" : 1000,
               "refId" : "unbindedGold"
            }
         ]
      },
      "property" : {
         "slotUnblockGridCount" : 5,
         "slotUnblockOrder" : 25
      },
      "refId" : "slotUnblockDepot_25"
   },
   "slotUnblockDepot_3" : {
      "priceData" : {
         "priceData" : [
            {
               "number" : 100,
               "refId" : "unbindedGold"
            }
         ]
      },
      "property" : {
         "slotUnblockGridCount" : 5,
         "slotUnblockOrder" : 3
      },
      "refId" : "slotUnblockDepot_3"
   },
   "slotUnblockDepot_4" : {
      "priceData" : {
         "priceData" : [
            {
               "number" : 100,
               "refId" : "unbindedGold"
            }
         ]
      },
      "property" : {
         "slotUnblockGridCount" : 5,
         "slotUnblockOrder" : 4
      },
      "refId" : "slotUnblockDepot_4"
   },
   "slotUnblockDepot_5" : {
      "priceData" : {
         "priceData" : [
            {
               "number" : 100,
               "refId" : "unbindedGold"
            }
         ]
      },
      "property" : {
         "slotUnblockGridCount" : 5,
         "slotUnblockOrder" : 5
      },
      "refId" : "slotUnblockDepot_5"
   },
   "slotUnblockDepot_6" : {
      "priceData" : {
         "priceData" : [
            {
               "number" : 200,
               "refId" : "unbindedGold"
            }
         ]
      },
      "property" : {
         "slotUnblockGridCount" : 5,
         "slotUnblockOrder" : 6
      },
      "refId" : "slotUnblockDepot_6"
   },
   "slotUnblockDepot_7" : {
      "priceData" : {
         "priceData" : [
            {
               "number" : 200,
               "refId" : "unbindedGold"
            }
         ]
      },
      "property" : {
         "slotUnblockGridCount" : 5,
         "slotUnblockOrder" : 7
      },
      "refId" : "slotUnblockDepot_7"
   },
   "slotUnblockDepot_8" : {
      "priceData" : {
         "priceData" : [
            {
               "number" : 200,
               "refId" : "unbindedGold"
            }
         ]
      },
      "property" : {
         "slotUnblockGridCount" : 5,
         "slotUnblockOrder" : 8
      },
      "refId" : "slotUnblockDepot_8"
   },
   "slotUnblockDepot_9" : {
      "priceData" : {
         "priceData" : [
            {
               "number" : 200,
               "refId" : "unbindedGold"
            }
         ]
      },
      "property" : {
         "slotUnblockGridCount" : 5,
         "slotUnblockOrder" : 9
      },
      "refId" : "slotUnblockDepot_9"
   }
}

