{
   "buff_fashen" : {
      "attachClosure" : "attach_fashen_title",
      "detachClosure" : "detach_fashen_title",
      "effectData" : {
         "perHP" : 45,
         "perMP" : 10,
         "skillDamageRate" : 10
      },
      "peridAffectData" : null,
      "periodAffectClosure" : "",
      "property" : {
         "attachGorupRuleType" : 0,
         "attachRepeatCount" : 0,
         "attachRepeatRuleType" : 0,
         "buffGroupId" : 18,
         "description" : "伤害结果提升10%,生命上限提升等级*45，魔法上限提升等级*10",
         "duration" : 603000000,
         "durationType" : 1,
         "iconId" : "buff_zhiye",
         "isChangeFightValueBuff" : 1,
         "isClearOnDeadBuff" : 0,
         "isNeedSaveBuff" : 1,
         "isPeriodAffectBuff" : 0,
         "isPkModelCheck" : 0,
         "isPositiveBuff" : 1,
         "name" : "超凡法神",
         "periodAffectTime" : 0,
         "weightOfGroup" : 0
      },
      "refId" : "buff_fashen"
   },
   "buff_gongxun" : {
      "attachClosure" : "attach_gongxun_title",
      "detachClosure" : "detach_gongxun_title",
      "effectData" : {
         "perHP" : 45,
         "perMP" : 10,
         "skillDamageRate" : 10
      },
      "peridAffectData" : null,
      "periodAffectClosure" : "",
      "property" : {
         "attachGorupRuleType" : 0,
         "attachRepeatCount" : 0,
         "attachRepeatRuleType" : 0,
         "buffGroupId" : 20,
         "description" : "伤害结果提升10%,生命上限提升等级*45，魔法上限提升等级*10",
         "duration" : 603000000,
         "durationType" : 1,
         "iconId" : "buff_juewei",
         "isChangeFightValueBuff" : 1,
         "isClearOnDeadBuff" : 0,
         "isNeedSaveBuff" : 1,
         "isPeriodAffectBuff" : 0,
         "isPkModelCheck" : 0,
         "isPositiveBuff" : 1,
         "name" : "功勋卓著",
         "periodAffectTime" : 0,
         "weightOfGroup" : 0
      },
      "refId" : "buff_gongxun"
   },
   "buff_item_1" : {
      "attachClosure" : "attach_Player_MaxPatk",
      "detachClosure" : "detach_Player_MaxPatk",
      "effectData" : {
         "maxPAtk" : 300
      },
      "peridAffectData" : null,
      "periodAffectClosure" : "",
      "property" : {
         "attachGorupRuleType" : 1,
         "attachRepeatCount" : 0,
         "attachRepeatRuleType" : 2,
         "buffGroupId" : 1,
         "description" : "最大物理攻击+300",
         "duration" : 600000,
         "durationType" : 2,
         "iconId" : "buff_wulidan",
         "isChangeFightValueBuff" : 1,
         "isClearOnDeadBuff" : 0,
         "isNeedSaveBuff" : 1,
         "isPeriodAffectBuff" : 0,
         "isPkModelCheck" : 0,
         "isPositiveBuff" : 1,
         "name" : "武元丹",
         "periodAffectTime" : 0,
         "weightOfGroup" : 0
      },
      "refId" : "buff_item_1"
   },
   "buff_item_10" : {
      "attachClosure" : "",
      "detachClosure" : "",
      "effectData" : {
         "HP" : 2000,
         "MP" : 1000,
         "totalValue" : 1200000
      },
      "peridAffectData" : null,
      "periodAffectClosure" : "attach_BloodMagic_stone",
      "property" : {
         "attachGorupRuleType" : 0,
         "attachRepeatCount" : 99,
         "attachRepeatRuleType" : 3,
         "buffGroupId" : 3,
         "description" : "每5秒恢复2000点生命值和1000点魔法值,总量120万",
         "duration" : -1,
         "durationType" : 2,
         "iconId" : "buff_big_moxueshi",
         "isChangeFightValueBuff" : 0,
         "isClearOnDeadBuff" : 0,
         "isNeedSaveBuff" : 1,
         "isPeriodAffectBuff" : 1,
         "isPkModelCheck" : 0,
         "isPositiveBuff" : 1,
         "name" : "魔血散(大)",
         "periodAffectTime" : 5000,
         "weightOfGroup" : 3
      },
      "refId" : "buff_item_10"
   },
   "buff_item_11" : {
      "attachClosure" : "attach_gift_buff",
      "detachClosure" : "detach_gift_buff",
      "effectData" : null,
      "peridAffectData" : null,
      "periodAffectClosure" : "",
      "property" : {
         "attachGorupRuleType" : 1,
         "attachRepeatCount" : 101,
         "attachRepeatRuleType" : 1,
         "buffGroupId" : 100,
         "description" : "多久以内开启，否则会消失",
         "duration" : 86400000,
         "durationType" : 1,
         "isChangeFightValueBuff" : 0,
         "isClearOnDeadBuff" : 0,
         "isNeedSaveBuff" : 1,
         "isPeriodAffectBuff" : 0,
         "isPkModelCheck" : 0,
         "isPositiveBuff" : -1,
         "name" : "限时礼包（天）",
         "periodAffectTime" : 0,
         "weightOfGroup" : 0
      },
      "refId" : "buff_item_11"
   },
   "buff_item_12" : {
      "attachClosure" : "attach_gift_buff_2",
      "detachClosure" : "detach_gift_buff_2",
      "effectData" : null,
      "peridAffectData" : null,
      "periodAffectClosure" : "",
      "property" : {
         "attachGorupRuleType" : 1,
         "attachRepeatCount" : 101,
         "attachRepeatRuleType" : 1,
         "buffGroupId" : 100,
         "description" : "某个时间点前开启，否则会消失",
         "duration" : 0,
         "durationType" : 2,
         "isChangeFightValueBuff" : 0,
         "isClearOnDeadBuff" : 0,
         "isNeedSaveBuff" : 1,
         "isPeriodAffectBuff" : 0,
         "isPkModelCheck" : 0,
         "isPositiveBuff" : -1,
         "name" : "限时礼包（时间）",
         "periodAffectTime" : 0,
         "weightOfGroup" : 0
      },
      "refId" : "buff_item_12"
   },
   "buff_item_13" : {
      "attachClosure" : "attach_killMonster_exp",
      "detachClosure" : "detach_killMonster_exp",
      "effectData" : {
         "expMultiple" : 3
      },
      "peridAffectData" : null,
      "periodAffectClosure" : "",
      "property" : {
         "attachGorupRuleType" : 1,
         "attachRepeatCount" : 0,
         "attachRepeatRuleType" : 2,
         "buffGroupId" : 13,
         "description" : "打怪获得4倍经验",
         "duration" : 0,
         "durationType" : 2,
         "iconId" : "buff_exp_yellow",
         "isChangeFightValueBuff" : 0,
         "isClearOnDeadBuff" : 0,
         "isNeedSaveBuff" : 1,
         "isPeriodAffectBuff" : 0,
         "isPkModelCheck" : 0,
         "isPositiveBuff" : 1,
         "name" : "4倍经验",
         "periodAffectTime" : 0,
         "weightOfGroup" : 0
      },
      "refId" : "buff_item_13"
   },
   "buff_item_2" : {
      "attachClosure" : "attach_Player_MaxMAtk",
      "detachClosure" : "detach_Player_MaxMAtk",
      "effectData" : {
         "maxMAtk" : 300
      },
      "peridAffectData" : null,
      "periodAffectClosure" : "",
      "property" : {
         "attachGorupRuleType" : 1,
         "attachRepeatCount" : 0,
         "attachRepeatRuleType" : 2,
         "buffGroupId" : 1,
         "description" : "最大魔法攻击+300",
         "duration" : 600000,
         "durationType" : 2,
         "iconId" : "buff_molidan",
         "isChangeFightValueBuff" : 1,
         "isClearOnDeadBuff" : 0,
         "isNeedSaveBuff" : 1,
         "isPeriodAffectBuff" : 0,
         "isPkModelCheck" : 0,
         "isPositiveBuff" : 1,
         "name" : "魔元丹",
         "periodAffectTime" : 0,
         "weightOfGroup" : 0
      },
      "refId" : "buff_item_2"
   },
   "buff_item_3" : {
      "attachClosure" : "attach_Player_MaxTao",
      "detachClosure" : "detach_Player_MaxTao",
      "effectData" : {
         "maxTao" : 300
      },
      "peridAffectData" : null,
      "periodAffectClosure" : "",
      "property" : {
         "attachGorupRuleType" : 1,
         "attachRepeatCount" : 0,
         "attachRepeatRuleType" : 2,
         "buffGroupId" : 1,
         "description" : "最大道术攻击+300",
         "duration" : 600000,
         "durationType" : 2,
         "iconId" : "buff_daolidan",
         "isChangeFightValueBuff" : 1,
         "isClearOnDeadBuff" : 0,
         "isNeedSaveBuff" : 1,
         "isPeriodAffectBuff" : 0,
         "isPkModelCheck" : 0,
         "isPositiveBuff" : 1,
         "name" : "道元丹",
         "periodAffectTime" : 0,
         "weightOfGroup" : 0
      },
      "refId" : "buff_item_3"
   },
   "buff_item_4" : {
      "attachClosure" : "attach_Player_MaxPDef",
      "detachClosure" : "detach_Player_MaxPDef",
      "effectData" : {
         "maxPDef" : 300
      },
      "peridAffectData" : null,
      "periodAffectClosure" : "",
      "property" : {
         "attachGorupRuleType" : 1,
         "attachRepeatCount" : 0,
         "attachRepeatRuleType" : 2,
         "buffGroupId" : 1,
         "description" : "最大物理防御+300",
         "duration" : 600000,
         "durationType" : 2,
         "iconId" : "buff_jinzhongdan",
         "isChangeFightValueBuff" : 1,
         "isClearOnDeadBuff" : 0,
         "isNeedSaveBuff" : 1,
         "isPeriodAffectBuff" : 0,
         "isPkModelCheck" : 0,
         "isPositiveBuff" : 1,
         "name" : "金钟丹",
         "periodAffectTime" : 0,
         "weightOfGroup" : 0
      },
      "refId" : "buff_item_4"
   },
   "buff_item_5" : {
      "attachClosure" : "attach_Player_MaxMDef",
      "detachClosure" : "detach_Player_MaxMDef",
      "effectData" : {
         "maxMDef" : 300
      },
      "peridAffectData" : null,
      "periodAffectClosure" : "",
      "property" : {
         "attachGorupRuleType" : 1,
         "attachRepeatCount" : 0,
         "attachRepeatRuleType" : 2,
         "buffGroupId" : 1,
         "description" : "最大魔法防御+300",
         "duration" : 600000,
         "durationType" : 2,
         "iconId" : "buff_tiebudan",
         "isChangeFightValueBuff" : 1,
         "isClearOnDeadBuff" : 0,
         "isNeedSaveBuff" : 1,
         "isPeriodAffectBuff" : 0,
         "isPkModelCheck" : 0,
         "isPositiveBuff" : 1,
         "name" : "铁布丹",
         "periodAffectTime" : 0,
         "weightOfGroup" : 0
      },
      "refId" : "buff_item_5"
   },
   "buff_item_6" : {
      "attachClosure" : "attach_killMonster_exp",
      "detachClosure" : "detach_killMonster_exp",
      "effectData" : {
         "expMultiple" : 1
      },
      "peridAffectData" : null,
      "periodAffectClosure" : "",
      "property" : {
         "attachGorupRuleType" : 1,
         "attachRepeatCount" : 0,
         "attachRepeatRuleType" : 2,
         "buffGroupId" : 11,
         "description" : "打怪获得2倍经验",
         "duration" : 0,
         "durationType" : 2,
         "iconId" : "buff_exp_green",
         "isChangeFightValueBuff" : 0,
         "isClearOnDeadBuff" : 0,
         "isNeedSaveBuff" : 1,
         "isPeriodAffectBuff" : 0,
         "isPkModelCheck" : 0,
         "isPositiveBuff" : 1,
         "name" : "2倍经验",
         "periodAffectTime" : 0,
         "weightOfGroup" : 0
      },
      "refId" : "buff_item_6"
   },
   "buff_item_7" : {
      "attachClosure" : "attach_killMonster_exp",
      "detachClosure" : "detach_killMonster_exp",
      "effectData" : {
         "expMultiple" : 2
      },
      "peridAffectData" : null,
      "periodAffectClosure" : "",
      "property" : {
         "attachGorupRuleType" : 1,
         "attachRepeatCount" : 0,
         "attachRepeatRuleType" : 2,
         "buffGroupId" : 12,
         "description" : "打怪获得3倍经验",
         "duration" : 0,
         "durationType" : 2,
         "iconId" : "buff_exp_red",
         "isChangeFightValueBuff" : 0,
         "isClearOnDeadBuff" : 0,
         "isNeedSaveBuff" : 1,
         "isPeriodAffectBuff" : 0,
         "isPkModelCheck" : 0,
         "isPositiveBuff" : 1,
         "name" : "3倍经验",
         "periodAffectTime" : 0,
         "weightOfGroup" : 0
      },
      "refId" : "buff_item_7"
   },
   "buff_item_8" : {
      "attachClosure" : "",
      "detachClosure" : "",
      "effectData" : {
         "HP" : 1200,
         "MP" : 600,
         "totalValue" : 200000
      },
      "peridAffectData" : null,
      "periodAffectClosure" : "attach_BloodMagic_stone",
      "property" : {
         "attachGorupRuleType" : 0,
         "attachRepeatCount" : 99,
         "attachRepeatRuleType" : 3,
         "buffGroupId" : 3,
         "description" : "每5秒恢复1200点生命值和600点魔法值,总量20万",
         "duration" : -1,
         "durationType" : 2,
         "iconId" : "buff_small_moxueshi",
         "isChangeFightValueBuff" : 0,
         "isClearOnDeadBuff" : 0,
         "isNeedSaveBuff" : 1,
         "isPeriodAffectBuff" : 1,
         "isPkModelCheck" : 0,
         "isPositiveBuff" : 1,
         "name" : "魔血散(小)",
         "periodAffectTime" : 5000,
         "weightOfGroup" : 1
      },
      "refId" : "buff_item_8"
   },
   "buff_item_9" : {
      "attachClosure" : "",
      "detachClosure" : "",
      "effectData" : {
         "HP" : 1600,
         "MP" : 800,
         "totalValue" : 500000
      },
      "peridAffectData" : null,
      "periodAffectClosure" : "attach_BloodMagic_stone",
      "property" : {
         "attachGorupRuleType" : 0,
         "attachRepeatCount" : 99,
         "attachRepeatRuleType" : 3,
         "buffGroupId" : 3,
         "description" : "每5秒恢复1600点生命值和800点魔法值,总量50万",
         "duration" : -1,
         "durationType" : 2,
         "iconId" : "buff_mid_moxueshi",
         "isChangeFightValueBuff" : 0,
         "isClearOnDeadBuff" : 0,
         "isNeedSaveBuff" : 1,
         "isPeriodAffectBuff" : 1,
         "isPkModelCheck" : 0,
         "isPositiveBuff" : 1,
         "name" : "魔血散(中)",
         "periodAffectTime" : 5000,
         "weightOfGroup" : 2
      },
      "refId" : "buff_item_9"
   },
   "buff_pk_value" : {
      "attachClosure" : "",
      "detachClosure" : "",
      "effectData" : null,
      "peridAffectData" : null,
      "periodAffectClosure" : "",
      "property" : {
         "attachGorupRuleType" : 0,
         "attachRepeatCount" : 0,
         "attachRepeatRuleType" : 0,
         "buffGroupId" : 15,
         "description" : "与玩家对战不增加善恶值",
         "duration" : 0,
         "durationType" : 1,
         "iconId" : "buff_mianzui",
         "isChangeFightValueBuff" : 0,
         "isClearOnDeadBuff" : 0,
         "isNeedSaveBuff" : 1,
         "isPeriodAffectBuff" : 0,
         "isPkModelCheck" : 0,
         "isPositiveBuff" : 1,
         "name" : "免罪",
         "periodAffectTime" : 0,
         "weightOfGroup" : 0
      },
      "refId" : "buff_pk_value"
   },
   "buff_skillMonsterLevel_01" : {
      "attachClosure" : "attach_skillMonsterLevel_exp",
      "detachClosure" : "detach_skillMonsterLevel_exp",
      "effectData" : {
         "expMultiple" : 2
      },
      "peridAffectData" : null,
      "periodAffectClosure" : "",
      "property" : {
         "attachGorupRuleType" : 1,
         "attachRepeatCount" : 0,
         "attachRepeatRuleType" : 2,
         "buffGroupId" : 16,
         "description" : "召唤兽宝宝升级速度提升3倍",
         "duration" : 0,
         "durationType" : 1,
         "iconId" : "buff_skillMonsterLevel_01",
         "isChangeFightValueBuff" : 0,
         "isClearOnDeadBuff" : 0,
         "isNeedSaveBuff" : 1,
         "isPeriodAffectBuff" : 0,
         "isPkModelCheck" : 0,
         "isPositiveBuff" : 1,
         "name" : "圣兽丹",
         "periodAffectTime" : 0,
         "weightOfGroup" : 0
      },
      "refId" : "buff_skillMonsterLevel_01"
   },
   "buff_skillMonsterLevel_02" : {
      "attachClosure" : "attach_skillMonsterLevel_exp",
      "detachClosure" : "detach_skillMonsterLevel_exp",
      "effectData" : {
         "expMultiple" : 4
      },
      "peridAffectData" : null,
      "periodAffectClosure" : "",
      "property" : {
         "attachGorupRuleType" : 1,
         "attachRepeatCount" : 0,
         "attachRepeatRuleType" : 2,
         "buffGroupId" : 16,
         "description" : "召唤兽宝宝升级速度提升5倍",
         "duration" : 0,
         "durationType" : 1,
         "iconId" : "buff_skillMonsterLevel_02",
         "isChangeFightValueBuff" : 0,
         "isClearOnDeadBuff" : 0,
         "isNeedSaveBuff" : 1,
         "isPeriodAffectBuff" : 0,
         "isPkModelCheck" : 0,
         "isPositiveBuff" : 1,
         "name" : "高级圣兽丹",
         "periodAffectTime" : 0,
         "weightOfGroup" : 0
      },
      "refId" : "buff_skillMonsterLevel_02"
   },
   "buff_skill_3" : {
      "attachClosure" : "attach_skill_magicShield",
      "detachClosure" : "detach_skill_magicShield",
      "effectData" : null,
      "peridAffectData" : null,
      "periodAffectClosure" : "",
      "property" : {
         "attachGorupRuleType" : 0,
         "attachRepeatCount" : 0,
         "attachRepeatRuleType" : 0,
         "buffAni" : 7160,
         "buffGroupId" : 4,
         "description" : "魔法护盾，吸收伤害",
         "duration" : 0,
         "durationType" : 3,
         "iconId" : "buff_mofadun",
         "isChangeFightValueBuff" : 0,
         "isClearOnDeadBuff" : 1,
         "isNeedSaveBuff" : 0,
         "isPeriodAffectBuff" : 0,
         "isPkModelCheck" : 0,
         "isPositiveBuff" : 1,
         "name" : "火焰护盾",
         "periodAffectTime" : 0,
         "weightOfGroup" : 1
      },
      "refId" : "buff_skill_3"
   },
   "buff_skill_3_1" : {
      "attachClosure" : "attach_skill_magicShield_ext",
      "detachClosure" : "detach_skill_magicShield_ext",
      "effectData" : null,
      "peridAffectData" : null,
      "periodAffectClosure" : "",
      "property" : {
         "attachGorupRuleType" : 0,
         "attachRepeatCount" : 0,
         "attachRepeatRuleType" : 0,
         "buffAni" : 7160,
         "buffGroupId" : 4,
         "description" : "魔法护盾，吸收伤害，并提高25%的闪避",
         "duration" : 0,
         "durationType" : 3,
         "iconId" : "buff_mofadun",
         "isChangeFightValueBuff" : 1,
         "isClearOnDeadBuff" : 1,
         "isNeedSaveBuff" : 0,
         "isPeriodAffectBuff" : 0,
         "isPkModelCheck" : 0,
         "isPositiveBuff" : 1,
         "name" : "闪避火焰护盾",
         "periodAffectTime" : 0,
         "weightOfGroup" : 2
      },
      "refId" : "buff_skill_3_1"
   },
   "buff_skill_4" : {
      "attachClosure" : "",
      "detachClosure" : "",
      "effectData" : null,
      "peridAffectData" : null,
      "periodAffectClosure" : "skill_addHp",
      "property" : {
         "attachGorupRuleType" : 0,
         "attachRepeatCount" : 0,
         "attachRepeatRuleType" : 0,
         "buffGroupId" : 10,
         "description" : "恢复生命值",
         "duration" : 8000,
         "durationType" : 2,
         "iconId" : "buff_cure",
         "isChangeFightValueBuff" : 0,
         "isClearOnDeadBuff" : 1,
         "isNeedSaveBuff" : 0,
         "isPeriodAffectBuff" : 1,
         "isPkModelCheck" : 0,
         "isPositiveBuff" : 1,
         "name" : "治疗术",
         "periodAffectTime" : 1000,
         "weightOfGroup" : 0
      },
      "refId" : "buff_skill_4"
   },
   "buff_skill_7" : {
      "attachClosure" : "attach_skill_EndureMagic",
      "detachClosure" : "detach_skill_EndureMagic",
      "effectData" : null,
      "peridAffectData" : null,
      "periodAffectClosure" : "",
      "property" : {
         "attachGorupRuleType" : 1,
         "attachRepeatCount" : 0,
         "attachRepeatRuleType" : 0,
         "buffGroupId" : 5,
         "description" : "灵力护持神魂，增加魔法防御",
         "duration" : 0,
         "durationType" : 3,
         "iconId" : "buff_mokangzou",
         "isChangeFightValueBuff" : 1,
         "isClearOnDeadBuff" : 1,
         "isNeedSaveBuff" : 0,
         "isPeriodAffectBuff" : 0,
         "isPkModelCheck" : 0,
         "isPositiveBuff" : 1,
         "name" : "护神咒",
         "periodAffectTime" : 0,
         "weightOfGroup" : 0
      },
      "refId" : "buff_skill_7"
   },
   "buff_skill_8" : {
      "attachClosure" : "attach_skill_EndurePhysical",
      "detachClosure" : "detach_skill_EndurePhysical",
      "effectData" : null,
      "peridAffectData" : null,
      "periodAffectClosure" : "",
      "property" : {
         "attachGorupRuleType" : 1,
         "attachRepeatCount" : 0,
         "attachRepeatRuleType" : 0,
         "buffGroupId" : 5,
         "description" : "灵力护持身躯，增加物理防御",
         "duration" : 0,
         "durationType" : 3,
         "iconId" : "buff_wukangzou",
         "isChangeFightValueBuff" : 1,
         "isClearOnDeadBuff" : 1,
         "isNeedSaveBuff" : 0,
         "isPeriodAffectBuff" : 0,
         "isPkModelCheck" : 0,
         "isPositiveBuff" : 1,
         "name" : "护体咒",
         "periodAffectTime" : 0,
         "weightOfGroup" : 0
      },
      "refId" : "buff_skill_8"
   },
   "buff_skill_9" : {
      "attachClosure" : "",
      "detachClosure" : "",
      "effectData" : null,
      "peridAffectData" : null,
      "periodAffectClosure" : "skill_addHp",
      "property" : {
         "attachGorupRuleType" : 0,
         "attachRepeatCount" : 0,
         "attachRepeatRuleType" : 0,
         "buffGroupId" : 10,
         "description" : "恢复生命值",
         "duration" : 8000,
         "durationType" : 2,
         "iconId" : "buff_group_cure",
         "isChangeFightValueBuff" : 0,
         "isClearOnDeadBuff" : 1,
         "isNeedSaveBuff" : 0,
         "isPeriodAffectBuff" : 1,
         "isPkModelCheck" : 0,
         "isPositiveBuff" : 1,
         "name" : "高级治疗术",
         "periodAffectTime" : 1000,
         "weightOfGroup" : 0
      },
      "refId" : "buff_skill_9"
   },
   "buff_state_1" : {
      "attachClosure" : "attach_wuDi_state",
      "detachClosure" : "detach_wuDi_state",
      "effectData" : null,
      "peridAffectData" : null,
      "periodAffectClosure" : "",
      "property" : {
         "attachGorupRuleType" : 1,
         "attachRepeatCount" : 0,
         "attachRepeatRuleType" : 0,
         "buffGroupId" : 6,
         "description" : "免疫一切伤害和效果",
         "duration" : 5000,
         "durationType" : 2,
         "iconId" : "buff_invincible",
         "isChangeFightValueBuff" : 0,
         "isClearOnDeadBuff" : 1,
         "isNeedSaveBuff" : 0,
         "isPeriodAffectBuff" : 0,
         "isPkModelCheck" : 0,
         "isPositiveBuff" : 1,
         "name" : "无敌",
         "periodAffectTime" : 0,
         "weightOfGroup" : 0
      },
      "refId" : "buff_state_1"
   },
   "buff_state_10" : {
      "attachClosure" : "attach_zhongDu2_state",
      "detachClosure" : "detach_zhongDu2_state",
      "effectData" : null,
      "peridAffectData" : null,
      "periodAffectClosure" : "period_zhongDu2_state",
      "property" : {
         "attachGorupRuleType" : 1,
         "attachRepeatCount" : 0,
         "attachRepeatRuleType" : 0,
         "buffGroupId" : 8,
         "description" : "每2秒受到10%的攻击伤害，并降低10%的防御",
         "duration" : 0,
         "durationType" : 2,
         "iconId" : "buff_poison_2",
         "isChangeFightValueBuff" : 1,
         "isClearOnDeadBuff" : 1,
         "isNeedSaveBuff" : 0,
         "isPeriodAffectBuff" : 1,
         "isPkModelCheck" : 1,
         "isPositiveBuff" : 0,
         "name" : "剧毒",
         "periodAffectTime" : 2000,
         "weightOfGroup" : 0
      },
      "refId" : "buff_state_10"
   },
   "buff_state_11" : {
      "attachClosure" : "attach_shiHun_state",
      "detachClosure" : "detach_shiHun_state",
      "effectData" : null,
      "peridAffectData" : null,
      "periodAffectClosure" : "",
      "property" : {
         "attachGorupRuleType" : 1,
         "attachRepeatCount" : 0,
         "attachRepeatRuleType" : 0,
         "buffGroupId" : 8,
         "description" : "噬魂持续时间内，每次被击中都会损失X%+Y的魔法值",
         "duration" : 5000,
         "durationType" : 2,
         "iconId" : "buff_shihun",
         "isChangeFightValueBuff" : 0,
         "isClearOnDeadBuff" : 1,
         "isNeedSaveBuff" : 0,
         "isPeriodAffectBuff" : 0,
         "isPkModelCheck" : 1,
         "isPositiveBuff" : 0,
         "name" : "噬魂",
         "periodAffectTime" : 0,
         "weightOfGroup" : 0
      },
      "refId" : "buff_state_11"
   },
   "buff_state_12" : {
      "attachClosure" : "attach_chenMo_state",
      "detachClosure" : "detach_chenMo_state",
      "effectData" : null,
      "peridAffectData" : null,
      "periodAffectClosure" : "",
      "property" : {
         "attachGorupRuleType" : 1,
         "attachRepeatCount" : 0,
         "attachRepeatRuleType" : 0,
         "buffGroupId" : 8,
         "description" : "陷入沉默，无法攻击",
         "duration" : 5000,
         "durationType" : 2,
         "iconId" : "buff_silence",
         "isChangeFightValueBuff" : 0,
         "isClearOnDeadBuff" : 1,
         "isNeedSaveBuff" : 0,
         "isPeriodAffectBuff" : 0,
         "isPkModelCheck" : 1,
         "isPositiveBuff" : 0,
         "name" : "沉默",
         "periodAffectTime" : 0,
         "weightOfGroup" : 0
      },
      "refId" : "buff_state_12"
   },
   "buff_state_13" : {
      "attachClosure" : "attach_yinSheng_state",
      "detachClosure" : "detach_yinSheng_state",
      "effectData" : null,
      "peridAffectData" : null,
      "periodAffectClosure" : "",
      "property" : {
         "attachGorupRuleType" : 1,
         "attachRepeatCount" : 0,
         "attachRepeatRuleType" : 0,
         "buffGroupId" : 8,
         "description" : "隐身，无法被发现，移动或攻击时隐身失效",
         "duration" : 0,
         "durationType" : 2,
         "iconId" : "buff_invisibility",
         "isChangeFightValueBuff" : 0,
         "isClearOnDeadBuff" : 1,
         "isNeedSaveBuff" : 0,
         "isPeriodAffectBuff" : 0,
         "isPkModelCheck" : 0,
         "isPositiveBuff" : 1,
         "name" : "隐身",
         "periodAffectTime" : 0,
         "weightOfGroup" : 0
      },
      "refId" : "buff_state_13"
   },
   "buff_state_2" : {
      "attachClosure" : "attach_wuMian_state",
      "detachClosure" : "detach_wuMian_state",
      "effectData" : null,
      "peridAffectData" : null,
      "periodAffectClosure" : "",
      "property" : {
         "attachGorupRuleType" : 1,
         "attachRepeatCount" : 0,
         "attachRepeatRuleType" : 0,
         "buffGroupId" : 7,
         "description" : "免疫一切物理伤害和效果",
         "duration" : 5000,
         "durationType" : 2,
         "iconId" : "buff_wumian",
         "isChangeFightValueBuff" : 0,
         "isClearOnDeadBuff" : 1,
         "isNeedSaveBuff" : 0,
         "isPeriodAffectBuff" : 0,
         "isPkModelCheck" : 0,
         "isPositiveBuff" : 1,
         "name" : "物理免疫",
         "periodAffectTime" : 0,
         "weightOfGroup" : 0
      },
      "refId" : "buff_state_2"
   },
   "buff_state_3" : {
      "attachClosure" : "attach_moMian_state",
      "detachClosure" : "detach_moMian_state",
      "effectData" : null,
      "peridAffectData" : null,
      "periodAffectClosure" : "",
      "property" : {
         "attachGorupRuleType" : 1,
         "attachRepeatCount" : 0,
         "attachRepeatRuleType" : 0,
         "buffGroupId" : 7,
         "description" : "免疫一切魔法或道术伤害和效果",
         "duration" : 5000,
         "durationType" : 2,
         "iconId" : "buff_momian",
         "isChangeFightValueBuff" : 0,
         "isClearOnDeadBuff" : 1,
         "isNeedSaveBuff" : 0,
         "isPeriodAffectBuff" : 0,
         "isPkModelCheck" : 0,
         "isPositiveBuff" : 1,
         "name" : "法术免疫",
         "periodAffectTime" : 0,
         "weightOfGroup" : 0
      },
      "refId" : "buff_state_3"
   },
   "buff_state_4" : {
      "attachClosure" : "attach_liuXue_state",
      "detachClosure" : "detach_liuXue_state",
      "effectData" : null,
      "peridAffectData" : null,
      "periodAffectClosure" : "period_liuXue_state",
      "property" : {
         "attachGorupRuleType" : 1,
         "attachRepeatCount" : 0,
         "attachRepeatRuleType" : 1,
         "buffGroupId" : 8,
         "description" : "每秒受到30%的物理伤害",
         "duration" : 5000,
         "durationType" : 2,
         "iconId" : "buff_breed",
         "isChangeFightValueBuff" : 0,
         "isClearOnDeadBuff" : 1,
         "isNeedSaveBuff" : 0,
         "isPeriodAffectBuff" : 1,
         "isPkModelCheck" : 1,
         "isPositiveBuff" : 0,
         "name" : "流血",
         "periodAffectTime" : 1000,
         "weightOfGroup" : 0
      },
      "refId" : "buff_state_4"
   },
   "buff_state_5" : {
      "attachClosure" : "attach_zhongDu_state",
      "detachClosure" : "detach_zhongDu_state",
      "effectData" : null,
      "peridAffectData" : null,
      "periodAffectClosure" : "period_zhongDu_state",
      "property" : {
         "attachGorupRuleType" : 1,
         "attachRepeatCount" : 0,
         "attachRepeatRuleType" : 1,
         "buffGroupId" : 8,
         "description" : "每2秒受到5%的魔法伤害",
         "duration" : 0,
         "durationType" : 2,
         "iconId" : "buff_poison_1",
         "isChangeFightValueBuff" : 0,
         "isClearOnDeadBuff" : 1,
         "isNeedSaveBuff" : 0,
         "isPeriodAffectBuff" : 1,
         "isPkModelCheck" : 1,
         "isPositiveBuff" : 0,
         "name" : "中毒",
         "periodAffectTime" : 2000,
         "weightOfGroup" : 0
      },
      "refId" : "buff_state_5"
   },
   "buff_state_6" : {
      "attachClosure" : "attach_zhuoSao_state",
      "detachClosure" : "detach_zhuoSao_state",
      "effectData" : null,
      "peridAffectData" : null,
      "periodAffectClosure" : "period_zhuoSao_state",
      "property" : {
         "attachGorupRuleType" : 1,
         "attachRepeatCount" : 0,
         "attachRepeatRuleType" : 1,
         "buffGroupId" : 8,
         "description" : "每秒受到30%的魔法伤害",
         "duration" : 5000,
         "durationType" : 2,
         "iconId" : "buff_burn",
         "isChangeFightValueBuff" : 0,
         "isClearOnDeadBuff" : 1,
         "isNeedSaveBuff" : 0,
         "isPeriodAffectBuff" : 1,
         "isPkModelCheck" : 1,
         "isPositiveBuff" : 0,
         "name" : "灼烧",
         "periodAffectTime" : 1000,
         "weightOfGroup" : 0
      },
      "refId" : "buff_state_6"
   },
   "buff_state_7" : {
      "attachClosure" : "attach_huanSu_state",
      "detachClosure" : "detach_huanSu_state",
      "effectData" : null,
      "peridAffectData" : null,
      "periodAffectClosure" : "",
      "property" : {
         "attachGorupRuleType" : 1,
         "attachRepeatCount" : 0,
         "attachRepeatRuleType" : 0,
         "buffGroupId" : 8,
         "description" : "移动速度降低30%",
         "duration" : 2000,
         "durationType" : 2,
         "iconId" : "buff_slow_down",
         "isChangeFightValueBuff" : 1,
         "isClearOnDeadBuff" : 1,
         "isNeedSaveBuff" : 0,
         "isPeriodAffectBuff" : 0,
         "isPkModelCheck" : 1,
         "isPositiveBuff" : 0,
         "name" : "缓速",
         "periodAffectTime" : 0,
         "weightOfGroup" : 0
      },
      "refId" : "buff_state_7"
   },
   "buff_state_8" : {
      "attachClosure" : "attach_yunXuan_state",
      "detachClosure" : "detach_yunXuan_state",
      "effectData" : null,
      "peridAffectData" : null,
      "periodAffectClosure" : "",
      "property" : {
         "attachGorupRuleType" : 1,
         "attachRepeatCount" : 0,
         "attachRepeatRuleType" : 0,
         "buffGroupId" : 8,
         "description" : "被眩晕，无法行动",
         "duration" : 1000,
         "durationType" : 2,
         "iconId" : "buff_dizzine",
         "isChangeFightValueBuff" : 0,
         "isClearOnDeadBuff" : 1,
         "isNeedSaveBuff" : 0,
         "isPeriodAffectBuff" : 0,
         "isPkModelCheck" : 1,
         "isPositiveBuff" : 0,
         "name" : "晕眩",
         "periodAffectTime" : 0,
         "weightOfGroup" : 0
      },
      "refId" : "buff_state_8"
   },
   "buff_state_9" : {
      "attachClosure" : "attach_maBi_state",
      "detachClosure" : "detach_maBi_state",
      "effectData" : null,
      "peridAffectData" : null,
      "periodAffectClosure" : "",
      "property" : {
         "attachGorupRuleType" : 1,
         "attachRepeatCount" : 0,
         "attachRepeatRuleType" : 0,
         "buffGroupId" : 8,
         "description" : "被麻痹，无法行动",
         "duration" : 2000,
         "durationType" : 2,
         "iconId" : "buff_mabi",
         "isChangeFightValueBuff" : 0,
         "isClearOnDeadBuff" : 1,
         "isNeedSaveBuff" : 0,
         "isPeriodAffectBuff" : 0,
         "isPkModelCheck" : 1,
         "isPositiveBuff" : 0,
         "name" : "麻痹",
         "periodAffectTime" : 0,
         "weightOfGroup" : 0
      },
      "refId" : "buff_state_9"
   },
   "buff_tianzun" : {
      "attachClosure" : "attach_tianzun_title",
      "detachClosure" : "detach_tianzun_title",
      "effectData" : {
         "perHP" : 45,
         "perMP" : 10,
         "skillDamageRate" : 10
      },
      "peridAffectData" : null,
      "periodAffectClosure" : "",
      "property" : {
         "attachGorupRuleType" : 0,
         "attachRepeatCount" : 0,
         "attachRepeatRuleType" : 0,
         "buffGroupId" : 19,
         "description" : "伤害结果提升10%,生命上限提升等级*45，魔法上限提升等级*10",
         "duration" : 603000000,
         "durationType" : 1,
         "iconId" : "buff_zhiye",
         "isChangeFightValueBuff" : 1,
         "isClearOnDeadBuff" : 0,
         "isNeedSaveBuff" : 1,
         "isPeriodAffectBuff" : 0,
         "isPkModelCheck" : 0,
         "isPositiveBuff" : 1,
         "name" : "傲世天尊",
         "periodAffectTime" : 0,
         "weightOfGroup" : 0
      },
      "refId" : "buff_tianzun"
   },
   "buff_vip_1" : {
      "attachClosure" : "attach_killMonster_exp",
      "detachClosure" : "detach_killMonster_exp",
      "effectData" : {
         "expMultiple" : 1
      },
      "peridAffectData" : null,
      "periodAffectClosure" : "",
      "property" : {
         "attachGorupRuleType" : 1,
         "attachRepeatCount" : 0,
         "attachRepeatRuleType" : 0,
         "buffGroupId" : 11,
         "description" : "打怪获得2倍经验",
         "duration" : 3600000,
         "durationType" : 2,
         "iconId" : "buff_exp_green",
         "isChangeFightValueBuff" : 0,
         "isClearOnDeadBuff" : 0,
         "isNeedSaveBuff" : 1,
         "isPeriodAffectBuff" : 0,
         "isPkModelCheck" : 0,
         "isPositiveBuff" : 1,
         "name" : "青铜VIP经验",
         "periodAffectTime" : 0,
         "weightOfGroup" : 0
      },
      "refId" : "buff_vip_1"
   },
   "buff_vip_2" : {
      "attachClosure" : "attach_killMonster_exp",
      "detachClosure" : "detach_killMonster_exp",
      "effectData" : {
         "expMultiple" : 2
      },
      "peridAffectData" : null,
      "periodAffectClosure" : "",
      "property" : {
         "attachGorupRuleType" : 1,
         "attachRepeatCount" : 0,
         "attachRepeatRuleType" : 0,
         "buffGroupId" : 12,
         "description" : "打怪获得3倍经验",
         "duration" : 3600000,
         "durationType" : 2,
         "iconId" : "buff_exp_red",
         "isChangeFightValueBuff" : 0,
         "isClearOnDeadBuff" : 0,
         "isNeedSaveBuff" : 1,
         "isPeriodAffectBuff" : 0,
         "isPkModelCheck" : 0,
         "isPositiveBuff" : 1,
         "name" : "白银VIP经验",
         "periodAffectTime" : 0,
         "weightOfGroup" : 0
      },
      "refId" : "buff_vip_2"
   },
   "buff_vip_3" : {
      "attachClosure" : "attach_killMonster_exp",
      "detachClosure" : "detach_killMonster_exp",
      "effectData" : {
         "expMultiple" : 3
      },
      "peridAffectData" : null,
      "periodAffectClosure" : "",
      "property" : {
         "attachGorupRuleType" : 1,
         "attachRepeatCount" : 0,
         "attachRepeatRuleType" : 0,
         "buffGroupId" : 13,
         "description" : "打怪获得4倍经验",
         "duration" : 3600000,
         "durationType" : 2,
         "iconId" : "buff_exp_yellow",
         "isChangeFightValueBuff" : 0,
         "isClearOnDeadBuff" : 0,
         "isNeedSaveBuff" : 1,
         "isPeriodAffectBuff" : 0,
         "isPkModelCheck" : 0,
         "isPositiveBuff" : 1,
         "name" : "黄金VIP经验",
         "periodAffectTime" : 0,
         "weightOfGroup" : 0
      },
      "refId" : "buff_vip_3"
   },
   "buff_wulin_1" : {
      "attachClosure" : "attach_Wulin_title",
      "detachClosure" : "detach_Wulin_title",
      "effectData" : {
         "perHP" : 45,
         "perMP" : 10,
         "skillDamageRate" : 10
      },
      "peridAffectData" : null,
      "periodAffectClosure" : "",
      "property" : {
         "attachGorupRuleType" : 0,
         "attachRepeatCount" : 0,
         "attachRepeatRuleType" : 0,
         "buffGroupId" : 14,
         "description" : "伤害结果提升10%,生命上限提升等级*45，魔法上限提升等级*10",
         "duration" : 603000000,
         "durationType" : 1,
         "iconId" : "buff_wulin_leader",
         "isChangeFightValueBuff" : 1,
         "isClearOnDeadBuff" : 0,
         "isNeedSaveBuff" : 1,
         "isPeriodAffectBuff" : 0,
         "isPkModelCheck" : 0,
         "isPositiveBuff" : 1,
         "name" : "武林盟主",
         "periodAffectTime" : 0,
         "weightOfGroup" : 0
      },
      "refId" : "buff_wulin_1"
   },
   "buff_zhanshen" : {
      "attachClosure" : "attach_zhanshen_title",
      "detachClosure" : "detach_zhanshen_title",
      "effectData" : {
         "perHP" : 45,
         "perMP" : 10,
         "skillDamageRate" : 10
      },
      "peridAffectData" : null,
      "periodAffectClosure" : "",
      "property" : {
         "attachGorupRuleType" : 0,
         "attachRepeatCount" : 0,
         "attachRepeatRuleType" : 0,
         "buffGroupId" : 17,
         "description" : "伤害结果提升10%,生命上限提升等级*45，魔法上限提升等级*10",
         "duration" : 603000000,
         "durationType" : 1,
         "iconId" : "buff_zhiye",
         "isChangeFightValueBuff" : 1,
         "isClearOnDeadBuff" : 0,
         "isNeedSaveBuff" : 1,
         "isPeriodAffectBuff" : 0,
         "isPkModelCheck" : 0,
         "isPositiveBuff" : 1,
         "name" : "无双战神",
         "periodAffectTime" : 0,
         "weightOfGroup" : 0
      },
      "refId" : "buff_zhanshen"
   }
}

