{
   "mall_item_001" : {
      "priceData" : {
         "formerPriceData" : [
            {
               "number" : 6800,
               "refId" : "unbindedGold"
            }
         ],
         "nowPriceData" : [
            {
               "number" : 3000,
               "refId" : "unbindedGold"
            }
         ]
      },
      "property" : {
         "bindStatus" : 0,
         "itemId" : "item_vip_1",
         "itemLimitNum" : 0,
         "itemLimitType" : 0,
         "itemSellType" : 3,
         "number" : 0,
         "storeLimitTime" : "",
         "storeType" : "mall_1"
      },
      "refId" : "mall_item_001"
   },
   "mall_item_002" : {
      "priceData" : {
         "formerPriceData" : [
            {
               "number" : 25000,
               "refId" : "unbindedGold"
            }
         ],
         "nowPriceData" : [
            {
               "number" : 10000,
               "refId" : "unbindedGold"
            }
         ]
      },
      "property" : {
         "bindStatus" : 0,
         "itemId" : "item_vip_3",
         "itemLimitNum" : 0,
         "itemLimitType" : 0,
         "itemSellType" : 3,
         "number" : 0,
         "storeLimitTime" : "",
         "storeType" : "mall_1"
      },
      "refId" : "mall_item_002"
   },
   "mall_item_003" : {
      "priceData" : {
         "nowPriceData" : [
            {
               "number" : 24000,
               "refId" : "unbindedGold"
            }
         ]
      },
      "property" : {
         "bindStatus" : 0,
         "itemId" : "item_equip_50_1100",
         "itemLimitNum" : 0,
         "itemLimitType" : 0,
         "itemSellType" : 1,
         "number" : 0,
         "storeLimitTime" : "",
         "storeType" : "mall_1"
      },
      "refId" : "mall_item_003"
   },
   "mall_item_004" : {
      "priceData" : {
         "nowPriceData" : [
            {
               "number" : 24000,
               "refId" : "unbindedGold"
            }
         ]
      },
      "property" : {
         "bindStatus" : 0,
         "itemId" : "item_equip_50_1101",
         "itemLimitNum" : 0,
         "itemLimitType" : 0,
         "itemSellType" : 1,
         "number" : 0,
         "storeLimitTime" : "",
         "storeType" : "mall_1"
      },
      "refId" : "mall_item_004"
   },
   "mall_item_005" : {
      "priceData" : {
         "nowPriceData" : [
            {
               "number" : 24000,
               "refId" : "unbindedGold"
            }
         ]
      },
      "property" : {
         "bindStatus" : 0,
         "itemId" : "item_equip_50_1200",
         "itemLimitNum" : 0,
         "itemLimitType" : 0,
         "itemSellType" : 1,
         "number" : 0,
         "storeLimitTime" : "",
         "storeType" : "mall_1"
      },
      "refId" : "mall_item_005"
   },
   "mall_item_006" : {
      "priceData" : {
         "nowPriceData" : [
            {
               "number" : 24000,
               "refId" : "unbindedGold"
            }
         ]
      },
      "property" : {
         "bindStatus" : 0,
         "itemId" : "item_equip_50_1201",
         "itemLimitNum" : 0,
         "itemLimitType" : 0,
         "itemSellType" : 1,
         "number" : 0,
         "storeLimitTime" : "",
         "storeType" : "mall_1"
      },
      "refId" : "mall_item_006"
   },
   "mall_item_007" : {
      "priceData" : {
         "nowPriceData" : [
            {
               "number" : 24000,
               "refId" : "unbindedGold"
            }
         ]
      },
      "property" : {
         "bindStatus" : 0,
         "itemId" : "item_equip_50_1300",
         "itemLimitNum" : 0,
         "itemLimitType" : 0,
         "itemSellType" : 1,
         "number" : 0,
         "storeLimitTime" : "",
         "storeType" : "mall_1"
      },
      "refId" : "mall_item_007"
   },
   "mall_item_008" : {
      "priceData" : {
         "nowPriceData" : [
            {
               "number" : 24000,
               "refId" : "unbindedGold"
            }
         ]
      },
      "property" : {
         "bindStatus" : 0,
         "itemId" : "item_equip_50_1301",
         "itemLimitNum" : 0,
         "itemLimitType" : 0,
         "itemSellType" : 1,
         "number" : 0,
         "storeLimitTime" : "",
         "storeType" : "mall_1"
      },
      "refId" : "mall_item_008"
   },
   "mall_item_009" : {
      "priceData" : {
         "nowPriceData" : [
            {
               "number" : 16800,
               "refId" : "unbindedGold"
            }
         ]
      },
      "property" : {
         "bindStatus" : 0,
         "itemId" : "item_equip_50_7000",
         "itemLimitNum" : 0,
         "itemLimitType" : 0,
         "itemSellType" : 1,
         "number" : 0,
         "storeLimitTime" : "",
         "storeType" : "mall_1"
      },
      "refId" : "mall_item_009"
   },
   "mall_item_010" : {
      "priceData" : {
         "nowPriceData" : [
            {
               "number" : 16800,
               "refId" : "unbindedGold"
            }
         ]
      },
      "property" : {
         "bindStatus" : 0,
         "itemId" : "item_equip_50_8000",
         "itemLimitNum" : 0,
         "itemLimitType" : 0,
         "itemSellType" : 1,
         "number" : 0,
         "storeLimitTime" : "",
         "storeType" : "mall_1"
      },
      "refId" : "mall_item_010"
   },
   "mall_item_011" : {
      "priceData" : {
         "nowPriceData" : [
            {
               "number" : 15,
               "refId" : "unbindedGold"
            }
         ]
      },
      "property" : {
         "bindStatus" : 0,
         "itemId" : "item_drug_10",
         "itemLimitNum" : 0,
         "itemLimitType" : 0,
         "itemSellType" : 2,
         "number" : 0,
         "storeLimitTime" : "",
         "storeType" : "mall_1"
      },
      "refId" : "mall_item_011"
   },
   "mall_item_012" : {
      "priceData" : {
         "nowPriceData" : [
            {
               "number" : 25,
               "refId" : "unbindedGold"
            }
         ]
      },
      "property" : {
         "bindStatus" : 0,
         "itemId" : "item_beast_01",
         "itemLimitNum" : 0,
         "itemLimitType" : 0,
         "itemSellType" : 2,
         "number" : 0,
         "storeLimitTime" : "",
         "storeType" : "mall_1"
      },
      "refId" : "mall_item_012"
   },
   "mall_item_013" : {
      "priceData" : {
         "nowPriceData" : [
            {
               "number" : 90,
               "refId" : "unbindedGold"
            }
         ]
      },
      "property" : {
         "bindStatus" : 0,
         "itemId" : "item_beast_02",
         "itemLimitNum" : 0,
         "itemLimitType" : 0,
         "itemSellType" : 2,
         "number" : 0,
         "storeLimitTime" : "",
         "storeType" : "mall_1"
      },
      "refId" : "mall_item_013"
   },
   "mall_item_014" : {
      "priceData" : {
         "nowPriceData" : [
            {
               "number" : 3975,
               "refId" : "unbindedGold"
            }
         ]
      },
      "property" : {
         "bindStatus" : 0,
         "itemId" : "item_pk_value_01",
         "itemLimitNum" : 0,
         "itemLimitType" : 0,
         "itemSellType" : 2,
         "number" : 0,
         "storeLimitTime" : "",
         "storeType" : "mall_1"
      },
      "refId" : "mall_item_014"
   },
   "mall_item_015" : {
      "priceData" : {
         "nowPriceData" : [
            {
               "number" : 7500,
               "refId" : "unbindedGold"
            }
         ]
      },
      "property" : {
         "bindStatus" : 0,
         "itemId" : "item_pk_value_02",
         "itemLimitNum" : 0,
         "itemLimitType" : 0,
         "itemSellType" : 2,
         "number" : 0,
         "storeLimitTime" : "",
         "storeType" : "mall_1"
      },
      "refId" : "mall_item_015"
   },
   "mall_item_016" : {
      "priceData" : {
         "nowPriceData" : [
            {
               "number" : 250,
               "refId" : "unbindedGold"
            }
         ]
      },
      "property" : {
         "bindStatus" : 0,
         "itemId" : "item_relive",
         "itemLimitNum" : 0,
         "itemLimitType" : 0,
         "itemSellType" : 2,
         "number" : 0,
         "storeLimitTime" : "",
         "storeType" : "mall_1"
      },
      "refId" : "mall_item_016"
   },
   "mall_item_017" : {
      "priceData" : {
         "formerPriceData" : [
            {
               "number" : 1160,
               "refId" : "unbindedGold"
            }
         ],
         "nowPriceData" : [
            {
               "number" : 600,
               "refId" : "unbindedGold"
            }
         ]
      },
      "property" : {
         "bindStatus" : 0,
         "itemId" : "item_pk0",
         "itemLimitNum" : 0,
         "itemLimitType" : 0,
         "itemSellType" : 3,
         "number" : 0,
         "storeLimitTime" : "",
         "storeType" : "mall_1"
      },
      "refId" : "mall_item_017"
   },
   "mall_item_018" : {
      "priceData" : {
         "formerPriceData" : [
            {
               "number" : 45,
               "refId" : "unbindedGold"
            }
         ],
         "nowPriceData" : [
            {
               "number" : 30,
               "refId" : "unbindedGold"
            }
         ]
      },
      "property" : {
         "bindStatus" : 0,
         "itemId" : "item_zuoqiExp",
         "itemLimitNum" : 5000,
         "itemLimitType" : 1,
         "itemSellType" : 3,
         "number" : 1,
         "storeLimitTime" : "",
         "storeType" : "mall_1"
      },
      "refId" : "mall_item_018"
   },
   "mall_item_019" : {
      "priceData" : {
         "formerPriceData" : [
            {
               "number" : 45,
               "refId" : "unbindedGold"
            }
         ],
         "nowPriceData" : [
            {
               "number" : 25,
               "refId" : "unbindedGold"
            }
         ]
      },
      "property" : {
         "bindStatus" : 0,
         "itemId" : "item_chibangExp",
         "itemLimitNum" : 5000,
         "itemLimitType" : 1,
         "itemSellType" : 3,
         "number" : 1,
         "storeLimitTime" : "",
         "storeType" : "mall_1"
      },
      "refId" : "mall_item_019"
   },
   "mall_item_020" : {
      "priceData" : {
         "formerPriceData" : [
            {
               "number" : 100,
               "refId" : "unbindedGold"
            }
         ],
         "nowPriceData" : [
            {
               "number" : 45,
               "refId" : "unbindedGold"
            }
         ]
      },
      "property" : {
         "bindStatus" : 0,
         "itemId" : "item_shenqiExp",
         "itemLimitNum" : 3500,
         "itemLimitType" : 1,
         "itemSellType" : 3,
         "number" : 1,
         "storeLimitTime" : "",
         "storeType" : "mall_1"
      },
      "refId" : "mall_item_020"
   },
   "mall_item_021" : {
      "priceData" : {
         "nowPriceData" : [
            {
               "number" : 120,
               "refId" : "unbindedGold"
            }
         ]
      },
      "property" : {
         "bindStatus" : 0,
         "itemId" : "item_juexingshi_01",
         "itemLimitNum" : 0,
         "itemLimitType" : 0,
         "itemSellType" : 2,
         "number" : 0,
         "storeLimitTime" : "",
         "storeType" : "mall_1"
      },
      "refId" : "mall_item_021"
   },
   "mall_item_022" : {
      "priceData" : {
         "nowPriceData" : [
            {
               "number" : 9000,
               "refId" : "unbindedGold"
            }
         ]
      },
      "property" : {
         "bindStatus" : 0,
         "itemId" : "item_box_juexingshi",
         "itemLimitNum" : 100,
         "itemLimitType" : 2,
         "itemSellType" : 2,
         "number" : 2,
         "storeLimitTime" : "",
         "storeType" : "mall_1"
      },
      "refId" : "mall_item_022"
   },
   "mall_item_023" : {
      "priceData" : {
         "formerPriceData" : [
            {
               "number" : 250,
               "refId" : "unbindedGold"
            }
         ],
         "nowPriceData" : [
            {
               "number" : 120,
               "refId" : "unbindedGold"
            }
         ]
      },
      "property" : {
         "bindStatus" : 0,
         "itemId" : "item_moshi",
         "itemLimitNum" : 0,
         "itemLimitType" : 0,
         "itemSellType" : 3,
         "number" : 0,
         "storeLimitTime" : "",
         "storeType" : "mall_1"
      },
      "refId" : "mall_item_023"
   },
   "mall_item_024" : {
      "priceData" : {
         "formerPriceData" : [
            {
               "number" : 50,
               "refId" : "unbindedGold"
            }
         ],
         "nowPriceData" : [
            {
               "number" : 17,
               "refId" : "unbindedGold"
            }
         ]
      },
      "property" : {
         "bindStatus" : 0,
         "itemId" : "item_zhenmoling_1",
         "itemLimitNum" : 0,
         "itemLimitType" : 0,
         "itemSellType" : 3,
         "number" : 0,
         "storeLimitTime" : "",
         "storeType" : "mall_1"
      },
      "refId" : "mall_item_024"
   },
   "mall_item_025" : {
      "priceData" : {
         "formerPriceData" : [
            {
               "number" : 100,
               "refId" : "unbindedGold"
            }
         ],
         "nowPriceData" : [
            {
               "number" : 45,
               "refId" : "unbindedGold"
            }
         ]
      },
      "property" : {
         "bindStatus" : 0,
         "itemId" : "item_ins",
         "itemLimitNum" : 0,
         "itemLimitType" : 0,
         "itemSellType" : 3,
         "number" : 0,
         "storeLimitTime" : "",
         "storeType" : "mall_1"
      },
      "refId" : "mall_item_025"
   },
   "mall_item_026" : {
      "priceData" : {
         "formerPriceData" : [
            {
               "number" : 2000,
               "refId" : "unbindedGold"
            }
         ],
         "nowPriceData" : [
            {
               "number" : 200,
               "refId" : "unbindedGold"
            }
         ]
      },
      "property" : {
         "bindStatus" : 0,
         "itemId" : "item_mayaticket",
         "itemLimitNum" : 0,
         "itemLimitType" : 0,
         "itemSellType" : 3,
         "number" : 0,
         "storeLimitTime" : "",
         "storeType" : "mall_1"
      },
      "refId" : "mall_item_026"
   },
   "mall_item_027" : {
      "priceData" : {
         "formerPriceData" : [
            {
               "number" : 750,
               "refId" : "unbindedGold"
            }
         ],
         "nowPriceData" : [
            {
               "number" : 350,
               "refId" : "unbindedGold"
            }
         ]
      },
      "property" : {
         "bindStatus" : 0,
         "itemId" : "item_lingpai_1",
         "itemLimitNum" : 50,
         "itemLimitType" : 1,
         "itemSellType" : 3,
         "number" : 1,
         "storeLimitTime" : "",
         "storeType" : "mall_1"
      },
      "refId" : "mall_item_027"
   },
   "mall_item_028" : {
      "priceData" : {
         "formerPriceData" : [
            {
               "number" : 750,
               "refId" : "unbindedGold"
            }
         ],
         "nowPriceData" : [
            {
               "number" : 350,
               "refId" : "unbindedGold"
            }
         ]
      },
      "property" : {
         "bindStatus" : 0,
         "itemId" : "item_lingpai_3",
         "itemLimitNum" : 10,
         "itemLimitType" : 1,
         "itemSellType" : 3,
         "number" : 1,
         "storeLimitTime" : "",
         "storeType" : "mall_1"
      },
      "refId" : "mall_item_028"
   },
   "mall_item_029" : {
      "priceData" : {
         "formerPriceData" : [
            {
               "number" : 1000,
               "refId" : "unbindedGold"
            }
         ],
         "nowPriceData" : [
            {
               "number" : 460,
               "refId" : "unbindedGold"
            }
         ]
      },
      "property" : {
         "bindStatus" : 0,
         "itemId" : "item_moxueshi_3",
         "itemLimitNum" : 0,
         "itemLimitType" : 0,
         "itemSellType" : 3,
         "number" : 0,
         "storeLimitTime" : "",
         "storeType" : "mall_1"
      },
      "refId" : "mall_item_029"
   },
   "mall_item_030" : {
      "priceData" : {
         "formerPriceData" : [
            {
               "number" : 500,
               "refId" : "unbindedGold"
            }
         ],
         "nowPriceData" : [
            {
               "number" : 230,
               "refId" : "unbindedGold"
            }
         ]
      },
      "property" : {
         "bindStatus" : 0,
         "itemId" : "item_moxueshi_2",
         "itemLimitNum" : 0,
         "itemLimitType" : 0,
         "itemSellType" : 3,
         "number" : 0,
         "storeLimitTime" : "",
         "storeType" : "mall_1"
      },
      "refId" : "mall_item_030"
   },
   "mall_item_031" : {
      "priceData" : {
         "formerPriceData" : [
            {
               "number" : 250,
               "refId" : "unbindedGold"
            }
         ],
         "nowPriceData" : [
            {
               "number" : 115,
               "refId" : "unbindedGold"
            }
         ]
      },
      "property" : {
         "bindStatus" : 0,
         "itemId" : "item_moxueshi_1",
         "itemLimitNum" : 0,
         "itemLimitType" : 0,
         "itemSellType" : 3,
         "number" : 0,
         "storeLimitTime" : "",
         "storeType" : "mall_1"
      },
      "refId" : "mall_item_031"
   },
   "mall_item_032" : {
      "priceData" : {
         "formerPriceData" : [
            {
               "number" : 20,
               "refId" : "unbindedGold"
            }
         ],
         "nowPriceData" : [
            {
               "number" : 6,
               "refId" : "unbindedGold"
            }
         ]
      },
      "property" : {
         "bindStatus" : 0,
         "itemId" : "item_drug_9",
         "itemLimitNum" : 0,
         "itemLimitType" : 0,
         "itemSellType" : 3,
         "number" : 0,
         "storeLimitTime" : "",
         "storeType" : "mall_1"
      },
      "refId" : "mall_item_032"
   },
   "mall_item_033" : {
      "priceData" : {
         "formerPriceData" : [
            {
               "number" : 475,
               "refId" : "unbindedGold"
            }
         ],
         "nowPriceData" : [
            {
               "number" : 220,
               "refId" : "unbindedGold"
            }
         ]
      },
      "property" : {
         "bindStatus" : 0,
         "itemId" : "item_3exp",
         "itemLimitNum" : 0,
         "itemLimitType" : 0,
         "itemSellType" : 3,
         "number" : 0,
         "storeLimitTime" : "",
         "storeType" : "mall_1"
      },
      "refId" : "mall_item_033"
   },
   "mall_item_034" : {
      "priceData" : {
         "formerPriceData" : [
            {
               "number" : 250,
               "refId" : "unbindedGold"
            }
         ],
         "nowPriceData" : [
            {
               "number" : 110,
               "refId" : "unbindedGold"
            }
         ]
      },
      "property" : {
         "bindStatus" : 0,
         "itemId" : "item_2exp",
         "itemLimitNum" : 0,
         "itemLimitType" : 0,
         "itemSellType" : 3,
         "number" : 0,
         "storeLimitTime" : "",
         "storeType" : "mall_1"
      },
      "refId" : "mall_item_034"
   },
   "mall_item_035" : {
      "priceData" : {
         "formerPriceData" : [
            {
               "number" : 250,
               "refId" : "unbindedGold"
            }
         ],
         "nowPriceData" : [
            {
               "number" : 115,
               "refId" : "unbindedGold"
            }
         ]
      },
      "property" : {
         "bindStatus" : 0,
         "itemId" : "item_duihuanquan_2",
         "itemLimitNum" : 50,
         "itemLimitType" : 1,
         "itemSellType" : 3,
         "number" : 1,
         "storeLimitTime" : "",
         "storeType" : "mall_1"
      },
      "refId" : "mall_item_035"
   },
   "mall_item_036" : {
      "priceData" : {
         "formerPriceData" : [
            {
               "number" : 168,
               "refId" : "unbindedGold"
            }
         ],
         "nowPriceData" : [
            {
               "number" : 66,
               "refId" : "unbindedGold"
            }
         ]
      },
      "property" : {
         "bindStatus" : 0,
         "itemId" : "item_duihuanquan_1",
         "itemLimitNum" : 0,
         "itemLimitType" : 0,
         "itemSellType" : 3,
         "number" : 0,
         "storeLimitTime" : "",
         "storeType" : "mall_1"
      },
      "refId" : "mall_item_036"
   },
   "mall_item_037" : {
      "priceData" : {
         "formerPriceData" : [
            {
               "number" : 2500,
               "refId" : "unbindedGold"
            }
         ],
         "nowPriceData" : [
            {
               "number" : 1166,
               "refId" : "unbindedGold"
            }
         ]
      },
      "property" : {
         "bindStatus" : 0,
         "itemId" : "item_gonghuiling",
         "itemLimitNum" : 0,
         "itemLimitType" : 0,
         "itemSellType" : 3,
         "number" : 0,
         "storeLimitTime" : "",
         "storeType" : "mall_1"
      },
      "refId" : "mall_item_037"
   },
   "mall_item_038" : {
      "priceData" : {
         "formerPriceData" : [
            {
               "number" : 2500,
               "refId" : "unbindedGold"
            }
         ],
         "nowPriceData" : [
            {
               "number" : 1166,
               "refId" : "unbindedGold"
            }
         ]
      },
      "property" : {
         "bindStatus" : 0,
         "itemId" : "item_gongcheng",
         "itemLimitNum" : 0,
         "itemLimitType" : 0,
         "itemSellType" : 3,
         "number" : 0,
         "storeLimitTime" : "",
         "storeType" : "mall_1"
      },
      "refId" : "mall_item_038"
   },
   "mall_item_039" : {
      "priceData" : {
         "formerPriceData" : [
            {
               "number" : 1350,
               "refId" : "unbindedGold"
            }
         ],
         "nowPriceData" : [
            {
               "number" : 580,
               "refId" : "unbindedGold"
            }
         ]
      },
      "property" : {
         "bindStatus" : 0,
         "itemId" : "item_templetickets",
         "itemLimitNum" : 0,
         "itemLimitType" : 0,
         "itemSellType" : 3,
         "number" : 0,
         "storeLimitTime" : "",
         "storeType" : "mall_1"
      },
      "refId" : "mall_item_039"
   },
   "mall_item_040" : {
      "priceData" : {
         "formerPriceData" : [
            {
               "number" : 17776,
               "refId" : "unbindedGold"
            }
         ],
         "nowPriceData" : [
            {
               "number" : 8888,
               "refId" : "unbindedGold"
            }
         ]
      },
      "property" : {
         "bindStatus" : 0,
         "itemId" : "item_superluck",
         "itemLimitNum" : 0,
         "itemLimitType" : 0,
         "itemSellType" : 3,
         "number" : 0,
         "storeLimitTime" : "",
         "storeType" : "mall_1"
      },
      "refId" : "mall_item_040"
   },
   "mall_item_041" : {
      "priceData" : {
         "nowPriceData" : [
            {
               "number" : 935,
               "refId" : "unbindedGold"
            }
         ]
      },
      "property" : {
         "bindStatus" : 0,
         "itemId" : "item_jiebang",
         "itemLimitNum" : 0,
         "itemLimitType" : 0,
         "itemSellType" : 0,
         "number" : 0,
         "storeLimitTime" : "",
         "storeType" : "mall_1"
      },
      "refId" : "mall_item_041"
   },
   "mall_item_042" : {
      "priceData" : {
         "nowPriceData" : [
            {
               "number" : 10000,
               "refId" : "unbindedGold"
            }
         ]
      },
      "property" : {
         "bindStatus" : 0,
         "itemId" : "item_card_rename",
         "itemLimitNum" : 0,
         "itemLimitType" : 0,
         "itemSellType" : 2,
         "number" : 0,
         "storeLimitTime" : "",
         "storeType" : "mall_1"
      },
      "refId" : "mall_item_042"
   },
   "mall_item_043" : {
      "priceData" : {
         "formerPriceData" : [
            {
               "number" : 250,
               "refId" : "unbindedGold"
            }
         ],
         "nowPriceData" : [
            {
               "number" : 110,
               "refId" : "unbindedGold"
            }
         ]
      },
      "property" : {
         "bindStatus" : 0,
         "itemId" : "item_jinengExp",
         "itemLimitNum" : 0,
         "itemLimitType" : 0,
         "itemSellType" : 3,
         "number" : 0,
         "storeLimitTime" : "",
         "storeType" : "mall_1"
      },
      "refId" : "mall_item_043"
   },
   "mall_item_044" : {
      "priceData" : {
         "formerPriceData" : [
            {
               "number" : 20,
               "refId" : "unbindedGold"
            }
         ],
         "nowPriceData" : [
            {
               "number" : 6,
               "refId" : "unbindedGold"
            }
         ]
      },
      "property" : {
         "bindStatus" : 0,
         "itemId" : "item_moveto_3",
         "itemLimitNum" : 0,
         "itemLimitType" : 0,
         "itemSellType" : 3,
         "number" : 0,
         "storeLimitTime" : "",
         "storeType" : "mall_1"
      },
      "refId" : "mall_item_044"
   },
   "mall_item_045" : {
      "priceData" : {
         "formerPriceData" : [
            {
               "number" : 415,
               "refId" : "unbindedGold"
            }
         ],
         "nowPriceData" : [
            {
               "number" : 200,
               "refId" : "unbindedGold"
            }
         ]
      },
      "property" : {
         "bindStatus" : 0,
         "itemId" : "item_horn",
         "itemLimitNum" : 0,
         "itemLimitType" : 0,
         "itemSellType" : 3,
         "number" : 0,
         "storeLimitTime" : "",
         "storeType" : "mall_1"
      },
      "refId" : "mall_item_045"
   },
   "mall_item_046" : {
      "priceData" : {
         "formerPriceData" : [
            {
               "number" : 500,
               "refId" : "unbindedGold"
            }
         ],
         "nowPriceData" : [
            {
               "number" : 230,
               "refId" : "unbindedGold"
            }
         ]
      },
      "property" : {
         "bindStatus" : 0,
         "itemId" : "item_danyao_1",
         "itemLimitNum" : 0,
         "itemLimitType" : 0,
         "itemSellType" : 3,
         "number" : 0,
         "storeLimitTime" : "",
         "storeType" : "mall_1"
      },
      "refId" : "mall_item_046"
   },
   "mall_item_047" : {
      "priceData" : {
         "formerPriceData" : [
            {
               "number" : 500,
               "refId" : "unbindedGold"
            }
         ],
         "nowPriceData" : [
            {
               "number" : 230,
               "refId" : "unbindedGold"
            }
         ]
      },
      "property" : {
         "bindStatus" : 0,
         "itemId" : "item_danyao_2",
         "itemLimitNum" : 0,
         "itemLimitType" : 0,
         "itemSellType" : 3,
         "number" : 0,
         "storeLimitTime" : "",
         "storeType" : "mall_1"
      },
      "refId" : "mall_item_047"
   },
   "mall_item_048" : {
      "priceData" : {
         "formerPriceData" : [
            {
               "number" : 500,
               "refId" : "unbindedGold"
            }
         ],
         "nowPriceData" : [
            {
               "number" : 230,
               "refId" : "unbindedGold"
            }
         ]
      },
      "property" : {
         "bindStatus" : 0,
         "itemId" : "item_danyao_3",
         "itemLimitNum" : 0,
         "itemLimitType" : 0,
         "itemSellType" : 3,
         "number" : 0,
         "storeLimitTime" : "",
         "storeType" : "mall_1"
      },
      "refId" : "mall_item_048"
   },
   "mall_item_049" : {
      "priceData" : {
         "formerPriceData" : [
            {
               "number" : 500,
               "refId" : "unbindedGold"
            }
         ],
         "nowPriceData" : [
            {
               "number" : 230,
               "refId" : "unbindedGold"
            }
         ]
      },
      "property" : {
         "bindStatus" : 0,
         "itemId" : "item_danyao_4",
         "itemLimitNum" : 0,
         "itemLimitType" : 0,
         "itemSellType" : 3,
         "number" : 0,
         "storeLimitTime" : "",
         "storeType" : "mall_1"
      },
      "refId" : "mall_item_049"
   },
   "mall_item_050" : {
      "priceData" : {
         "formerPriceData" : [
            {
               "number" : 500,
               "refId" : "unbindedGold"
            }
         ],
         "nowPriceData" : [
            {
               "number" : 230,
               "refId" : "unbindedGold"
            }
         ]
      },
      "property" : {
         "bindStatus" : 0,
         "itemId" : "item_danyao_5",
         "itemLimitNum" : 0,
         "itemLimitType" : 0,
         "itemSellType" : 3,
         "number" : 0,
         "storeLimitTime" : "",
         "storeType" : "mall_1"
      },
      "refId" : "mall_item_050"
   },
   "mall_item_051" : {
      "priceData" : {
         "nowPriceData" : [
            {
               "number" : 400,
               "refId" : "bindedGold"
            }
         ]
      },
      "property" : {
         "bindStatus" : 1,
         "itemId" : "item_relive",
         "itemLimitNum" : 5,
         "itemLimitType" : 1,
         "itemSellType" : 2,
         "number" : 1,
         "storeLimitTime" : "",
         "storeType" : "mall_2"
      },
      "refId" : "mall_item_051"
   },
   "mall_item_052" : {
      "priceData" : {
         "nowPriceData" : [
            {
               "number" : 50,
               "refId" : "bindedGold"
            }
         ]
      },
      "property" : {
         "bindStatus" : 1,
         "itemId" : "item_drug_10",
         "itemLimitNum" : 20,
         "itemLimitType" : 1,
         "itemSellType" : 2,
         "number" : 1,
         "storeLimitTime" : "",
         "storeType" : "mall_2"
      },
      "refId" : "mall_item_052"
   },
   "mall_item_053" : {
      "priceData" : {
         "nowPriceData" : [
            {
               "number" : 100,
               "refId" : "bindedGold"
            }
         ]
      },
      "property" : {
         "bindStatus" : 1,
         "itemId" : "item_beast_01",
         "itemLimitNum" : 5,
         "itemLimitType" : 1,
         "itemSellType" : 2,
         "number" : 1,
         "storeLimitTime" : "",
         "storeType" : "mall_2"
      },
      "refId" : "mall_item_053"
   },
   "mall_item_054" : {
      "priceData" : {
         "nowPriceData" : [
            {
               "number" : 3000,
               "refId" : "bindedGold"
            }
         ]
      },
      "property" : {
         "bindStatus" : 1,
         "itemId" : "item_pk1",
         "itemLimitNum" : 10,
         "itemLimitType" : 1,
         "itemSellType" : 2,
         "number" : 1,
         "storeLimitTime" : "",
         "storeType" : "mall_2"
      },
      "refId" : "mall_item_054"
   },
   "mall_item_055" : {
      "priceData" : {
         "nowPriceData" : [
            {
               "number" : 30,
               "refId" : "bindedGold"
            }
         ]
      },
      "property" : {
         "bindStatus" : 1,
         "itemId" : "item_feixie",
         "itemLimitNum" : 0,
         "itemLimitType" : 0,
         "itemSellType" : 0,
         "number" : 0,
         "storeLimitTime" : "",
         "storeType" : "mall_2"
      },
      "refId" : "mall_item_055"
   },
   "mall_item_056" : {
      "priceData" : {
         "nowPriceData" : [
            {
               "number" : 70,
               "refId" : "bindedGold"
            }
         ]
      },
      "property" : {
         "bindStatus" : 1,
         "itemId" : "item_zuoqiExp",
         "itemLimitNum" : 500,
         "itemLimitType" : 1,
         "itemSellType" : 0,
         "number" : 1,
         "storeLimitTime" : "",
         "storeType" : "mall_2"
      },
      "refId" : "mall_item_056"
   },
   "mall_item_057" : {
      "priceData" : {
         "nowPriceData" : [
            {
               "number" : 60,
               "refId" : "bindedGold"
            }
         ]
      },
      "property" : {
         "bindStatus" : 1,
         "itemId" : "item_chibangExp",
         "itemLimitNum" : 500,
         "itemLimitType" : 1,
         "itemSellType" : 0,
         "number" : 1,
         "storeLimitTime" : "",
         "storeType" : "mall_2"
      },
      "refId" : "mall_item_057"
   },
   "mall_item_058" : {
      "priceData" : {
         "nowPriceData" : [
            {
               "number" : 90,
               "refId" : "bindedGold"
            }
         ]
      },
      "property" : {
         "bindStatus" : 1,
         "itemId" : "item_shenqiExp",
         "itemLimitNum" : 500,
         "itemLimitType" : 1,
         "itemSellType" : 0,
         "number" : 1,
         "storeLimitTime" : "",
         "storeType" : "mall_2"
      },
      "refId" : "mall_item_058"
   },
   "mall_item_059" : {
      "priceData" : {
         "nowPriceData" : [
            {
               "number" : 200,
               "refId" : "bindedGold"
            }
         ]
      },
      "property" : {
         "bindStatus" : 1,
         "itemId" : "item_moxueshi_1",
         "itemLimitNum" : 5,
         "itemLimitType" : 1,
         "itemSellType" : 0,
         "number" : 1,
         "storeLimitTime" : "",
         "storeType" : "mall_2"
      },
      "refId" : "mall_item_059"
   },
   "mall_item_060" : {
      "priceData" : {
         "nowPriceData" : [
            {
               "number" : 400,
               "refId" : "bindedGold"
            }
         ]
      },
      "property" : {
         "bindStatus" : 1,
         "itemId" : "item_moxueshi_2",
         "itemLimitNum" : 5,
         "itemLimitType" : 1,
         "itemSellType" : 0,
         "number" : 1,
         "storeLimitTime" : "",
         "storeType" : "mall_2"
      },
      "refId" : "mall_item_060"
   },
   "mall_item_061" : {
      "priceData" : {
         "nowPriceData" : [
            {
               "number" : 800,
               "refId" : "bindedGold"
            }
         ]
      },
      "property" : {
         "bindStatus" : 1,
         "itemId" : "item_moxueshi_3",
         "itemLimitNum" : 5,
         "itemLimitType" : 1,
         "itemSellType" : 0,
         "number" : 1,
         "storeLimitTime" : "",
         "storeType" : "mall_2"
      },
      "refId" : "mall_item_061"
   },
   "mall_item_062" : {
      "priceData" : {
         "nowPriceData" : [
            {
               "number" : 600,
               "refId" : "bindedGold"
            }
         ]
      },
      "property" : {
         "bindStatus" : 1,
         "itemId" : "item_lingpai_3",
         "itemLimitNum" : 5,
         "itemLimitType" : 1,
         "itemSellType" : 0,
         "number" : 1,
         "storeLimitTime" : "",
         "storeType" : "mall_2"
      },
      "refId" : "mall_item_062"
   },
   "mall_item_063" : {
      "priceData" : {
         "nowPriceData" : [
            {
               "number" : 40,
               "refId" : "bindedGold"
            }
         ]
      },
      "property" : {
         "bindStatus" : 1,
         "itemId" : "item_zhenmoling_1",
         "itemLimitNum" : 200,
         "itemLimitType" : 1,
         "itemSellType" : 0,
         "number" : 1,
         "storeLimitTime" : "",
         "storeType" : "mall_2"
      },
      "refId" : "mall_item_063"
   },
   "mall_item_064" : {
      "priceData" : {
         "nowPriceData" : [
            {
               "number" : 100,
               "refId" : "bindedGold"
            }
         ]
      },
      "property" : {
         "bindStatus" : 1,
         "itemId" : "item_ins",
         "itemLimitNum" : 25,
         "itemLimitType" : 1,
         "itemSellType" : 0,
         "number" : 1,
         "storeLimitTime" : "",
         "storeType" : "mall_2"
      },
      "refId" : "mall_item_064"
   },
   "mall_item_065" : {
      "priceData" : {
         "nowPriceData" : [
            {
               "number" : 200,
               "refId" : "bindedGold"
            }
         ]
      },
      "property" : {
         "bindStatus" : 1,
         "itemId" : "item_duihuanquan_2",
         "itemLimitNum" : 30,
         "itemLimitType" : 1,
         "itemSellType" : 0,
         "number" : 1,
         "storeLimitTime" : "",
         "storeType" : "mall_2"
      },
      "refId" : "mall_item_065"
   },
   "mall_item_066" : {
      "priceData" : {
         "nowPriceData" : [
            {
               "number" : 200,
               "refId" : "bindedGold"
            }
         ]
      },
      "property" : {
         "bindStatus" : 1,
         "itemId" : "item_2exp",
         "itemLimitNum" : 5,
         "itemLimitType" : 1,
         "itemSellType" : 0,
         "number" : 1,
         "storeLimitTime" : "",
         "storeType" : "mall_2"
      },
      "refId" : "mall_item_066"
   },
   "mall_item_067" : {
      "priceData" : {
         "nowPriceData" : [
            {
               "number" : 200,
               "refId" : "bindedGold"
            }
         ]
      },
      "property" : {
         "bindStatus" : 1,
         "itemId" : "item_jinengExp",
         "itemLimitNum" : 5,
         "itemLimitType" : 1,
         "itemSellType" : 0,
         "number" : 1,
         "storeLimitTime" : "",
         "storeType" : "mall_2"
      },
      "refId" : "mall_item_067"
   },
   "mall_item_068" : {
      "priceData" : {
         "nowPriceData" : [
            {
               "number" : 60,
               "refId" : "bindedGold"
            }
         ]
      },
      "property" : {
         "bindStatus" : 1,
         "itemId" : "item_luck",
         "itemLimitNum" : 50,
         "itemLimitType" : 1,
         "itemSellType" : 0,
         "number" : 1,
         "storeLimitTime" : "",
         "storeType" : "mall_2"
      },
      "refId" : "mall_item_068"
   },
   "mall_item_069" : {
      "priceData" : {
         "nowPriceData" : [
            {
               "number" : 400,
               "refId" : "bindedGold"
            }
         ]
      },
      "property" : {
         "bindStatus" : 1,
         "itemId" : "item_danyao_1",
         "itemLimitNum" : 5,
         "itemLimitType" : 1,
         "itemSellType" : 0,
         "number" : 1,
         "storeLimitTime" : "",
         "storeType" : "mall_2"
      },
      "refId" : "mall_item_069"
   },
   "mall_item_070" : {
      "priceData" : {
         "nowPriceData" : [
            {
               "number" : 400,
               "refId" : "bindedGold"
            }
         ]
      },
      "property" : {
         "bindStatus" : 1,
         "itemId" : "item_danyao_2",
         "itemLimitNum" : 5,
         "itemLimitType" : 1,
         "itemSellType" : 0,
         "number" : 1,
         "storeLimitTime" : "",
         "storeType" : "mall_2"
      },
      "refId" : "mall_item_070"
   },
   "mall_item_071" : {
      "priceData" : {
         "nowPriceData" : [
            {
               "number" : 400,
               "refId" : "bindedGold"
            }
         ]
      },
      "property" : {
         "bindStatus" : 1,
         "itemId" : "item_danyao_3",
         "itemLimitNum" : 5,
         "itemLimitType" : 1,
         "itemSellType" : 0,
         "number" : 1,
         "storeLimitTime" : "",
         "storeType" : "mall_2"
      },
      "refId" : "mall_item_071"
   },
   "mall_item_072" : {
      "priceData" : {
         "nowPriceData" : [
            {
               "number" : 400,
               "refId" : "bindedGold"
            }
         ]
      },
      "property" : {
         "bindStatus" : 1,
         "itemId" : "item_danyao_4",
         "itemLimitNum" : 5,
         "itemLimitType" : 1,
         "itemSellType" : 0,
         "number" : 1,
         "storeLimitTime" : "",
         "storeType" : "mall_2"
      },
      "refId" : "mall_item_072"
   },
   "mall_item_073" : {
      "priceData" : {
         "nowPriceData" : [
            {
               "number" : 400,
               "refId" : "bindedGold"
            }
         ]
      },
      "property" : {
         "bindStatus" : 1,
         "itemId" : "item_danyao_5",
         "itemLimitNum" : 5,
         "itemLimitType" : 1,
         "itemSellType" : 0,
         "number" : 1,
         "storeLimitTime" : "",
         "storeType" : "mall_2"
      },
      "refId" : "mall_item_073"
   }
}

