{
   "Ins_2" : {
      "configData" : {
         "game_instance" : {
            "configData" : {
               "Ins_2" : {
                  "description" : "击败全部怪物可完成副本，点击挂机按钮事半功倍，点击出口按钮即可离开副本。",
                  "gameInstanceData" : {
                     "consumptionItems" : [
                        {
                           "itemRefId" : "item_ins",
                           "number" : "1"
                        }
                     ],
                     "openDetailsData" : "00:00:00|86400",
                     "structureDetails" : [ "I102" ]
                  },
                  "name" : "猪洞巢穴",
                  "property" : {
                     "isTeam" : 0,
                     "level" : 45,
                     "name" : "猪洞巢穴",
                     "questRefId" : "",
                     "timesADay" : 1,
                     "timesAWeek" : 0,
                     "timesItem" : 2
                  },
                  "refId" : "Ins_2",
                  "transitCon" : {
                     "number" : 80000,
                     "refId" : "gold"
                  }
               }
            },
            "name" : "Ins_2 任务总表",
            "refId" : "game_instance"
         },
         "game_instance_quest" : {
            "configData" : {
               "quest_1" : {
                  "description" : "击败17个{monster_8011}。",
                  "name" : "消灭狼群",
                  "property" : {
                     "questType" : 1,
                     "rewardImmediately" : 0
                  },
                  "questData" : {
                     "orderField" : [
                        {
                           "killCount" : 17,
                           "monsterRefId" : "monster_8011",
                           "orderType" : 1
                        }
                     ],
                     "rewardField" : {
                        "propertyReward" : {
                           "exp" : 300000
                        }
                     }
                  },
                  "refId" : "quest_1"
               },
               "quest_2" : {
                  "description" : "击败{monster_8042}。",
                  "name" : "击败野猪战士",
                  "property" : {
                     "questType" : 1,
                     "rewardImmediately" : 0
                  },
                  "questData" : {
                     "orderField" : [
                        {
                           "killCount" : 1,
                           "monsterRefId" : "monster_8042",
                           "orderType" : 1
                        }
                     ],
                     "rewardField" : {
                        "propertyReward" : {
                           "exp" : 250000
                        }
                     }
                  },
                  "refId" : "quest_2"
               },
               "quest_3" : {
                  "description" : "击败{monster_8012}。",
                  "name" : "人蛇大战",
                  "property" : {
                     "questType" : 1,
                     "rewardImmediately" : 0
                  },
                  "questData" : {
                     "orderField" : [
                        {
                           "killCount" : 1,
                           "monsterRefId" : "monster_8012",
                           "orderType" : 1
                        }
                     ],
                     "rewardField" : {
                        "propertyReward" : {
                           "exp" : 250000
                        }
                     }
                  },
                  "refId" : "quest_3"
               },
               "quest_4" : {
                  "description" : "击败{monster_8045}。",
                  "name" : "狂暴猪王",
                  "property" : {
                     "questType" : 1,
                     "rewardImmediately" : 0
                  },
                  "questData" : {
                     "orderField" : [
                        {
                           "killCount" : 1,
                           "monsterRefId" : "monster_8045",
                           "orderType" : 1
                        }
                     ],
                     "rewardField" : {
                        "itemReward" : {
                           "itemList" : [
                              {
                                 "bindStatus" : 1,
                                 "itemCount" : 3,
                                 "itemRefId" : "item_zhenmoling_1"
                              },
                              {
                                 "bindStatus" : 1,
                                 "itemCount" : 3,
                                 "itemRefId" : "item_exp_3"
                              }
                           ],
                           "relatedType" : 0
                        },
                        "propertyReward" : {
                           "exp" : 600000
                        }
                     }
                  },
                  "refId" : "quest_4"
               }
            },
            "name" : "副本任务表",
            "refId" : "game_instance_quest"
         },
         "game_instance_scene" : {
            "configData" : {
               "I102" : {
                  "description" : "击败全部怪物",
                  "gameInstanceSceneData" : {
                     "conditionField" : [ "quest_1", "quest_2", "quest_3", "quest_4" ],
                     "consumptionItems" : null,
                     "succeedConditionData" : "monster_8011=17&monster_8042=1&monster_8012=1&monster_8045=1"
                  },
                  "mapId" : 102,
                  "property" : {
                     "sceneRefId" : "S102",
                     "succeedType" : 1
                  },
                  "refId" : "I102"
               }
            },
            "name" : "副本层总表",
            "refId" : "game_instance_scene"
         }
      },
      "instanceType" : 1,
      "introduce" : "45级副本，击败野猪王，并消灭营地中的野兽；奖励丰厚更有机会获得圣贤天书碎片",
      "name" : "兽群营地",
      "refId" : "Ins_2",
      "suggestlevel" : 45
   }
}

