{
   "Ins_4" : {
      "configData" : {
         "game_instance" : {
            "configData" : {
               "Ins_4" : {
                  "description" : "击败全部怪物可完成副本，点击挂机按钮事半功倍，点击出口按钮即可离开副本。",
                  "gameInstanceData" : {
                     "consumptionItems" : [
                        {
                           "itemRefId" : "item_ins",
                           "number" : "2"
                        }
                     ],
                     "openDetailsData" : "00:00:00|86400",
                     "structureDetails" : [ "I104" ]
                  },
                  "name" : "骷髅精灵",
                  "property" : {
                     "isTeam" : 0,
                     "level" : 55,
                     "name" : "骷髅精灵",
                     "questRefId" : "",
                     "timesADay" : 1,
                     "timesAWeek" : 0,
                     "timesItem" : 2
                  },
                  "refId" : "Ins_4",
                  "transitCon" : {
                     "number" : 120000,
                     "refId" : "gold"
                  }
               }
            },
            "name" : "Ins_4 任务总表",
            "refId" : "game_instance"
         },
         "game_instance_quest" : {
            "configData" : {
               "quest_1" : {
                  "description" : "击败10个{mouster_8018}。",
                  "name" : "击败白骨斧手",
                  "property" : {
                     "questType" : 1,
                     "rewardImmediately" : 0
                  },
                  "questData" : {
                     "orderField" : [
                        {
                           "killCount" : 10,
                           "monsterRefId" : "monster_8018",
                           "orderType" : 1
                        }
                     ],
                     "rewardField" : {
                        "propertyReward" : {
                           "exp" : 300000
                        }
                     }
                  },
                  "refId" : "quest_1"
               },
               "quest_2" : {
                  "description" : "击败{monster_8019}。",
                  "name" : "击败白骨卫士",
                  "property" : {
                     "questType" : 1,
                     "rewardImmediately" : 0
                  },
                  "questData" : {
                     "orderField" : [
                        {
                           "killCount" : 10,
                           "monsterRefId" : "monster_8019",
                           "orderType" : 1
                        }
                     ],
                     "rewardField" : {
                        "propertyReward" : {
                           "exp" : 250000
                        }
                     }
                  },
                  "refId" : "quest_2"
               },
               "quest_3" : {
                  "description" : "击败{monster_8020}。",
                  "name" : "白骨精灵之死",
                  "property" : {
                     "questType" : 1,
                     "rewardImmediately" : 0
                  },
                  "questData" : {
                     "orderField" : [
                        {
                           "killCount" : 1,
                           "monsterRefId" : "monster_8020",
                           "orderType" : 1
                        }
                     ],
                     "rewardField" : {
                        "itemReward" : {
                           "itemList" : [
                              {
                                 "bindStatus" : 1,
                                 "itemCount" : 4,
                                 "itemRefId" : "item_zhenmoling_1"
                              },
                              {
                                 "bindStatus" : 1,
                                 "itemCount" : 4,
                                 "itemRefId" : "item_exp_3"
                              }
                           ],
                           "relatedType" : 0
                        },
                        "propertyReward" : {
                           "exp" : 1050000
                        }
                     }
                  },
                  "refId" : "quest_3"
               }
            },
            "name" : "副本任务表",
            "refId" : "game_instance_quest"
         },
         "game_instance_scene" : {
            "configData" : {
               "I104" : {
                  "description" : "击败全部怪物",
                  "gameInstanceSceneData" : {
                     "conditionField" : [ "quest_1", "quest_2", "quest_3" ],
                     "consumptionItems" : null,
                     "succeedConditionData" : "monster_8018=10&monster_8019=10&monster_8020=1"
                  },
                  "mapId" : 104,
                  "property" : {
                     "sceneRefId" : "S104",
                     "succeedType" : 1
                  },
                  "refId" : "I104"
               }
            },
            "name" : "副本层总表",
            "refId" : "game_instance_scene"
         }
      },
      "instanceType" : 1,
      "introduce" : "55级副本，消灭白骨精灵及其所有仆从；奖励丰厚更有机会获得麻痹指环碎片",
      "name" : "超度亡魂",
      "refId" : "Ins_4",
      "suggestlevel" : 55
   }
}

