{
   "Ins_7" : {
      "configData" : {
         "game_instance" : {
            "configData" : {
               "Ins_7" : {
                  "description" : "击败全部怪物可完成副本，点击挂机按钮事半功倍，点击出口按钮即可离开副本。",
                  "gameInstanceData" : {
                     "consumptionItems" : [
                        {
                           "itemRefId" : "item_ins",
                           "number" : "4"
                        }
                     ],
                     "openDetailsData" : "00:00:00|86400",
                     "structureDetails" : [ "I107" ]
                  },
                  "name" : "黑影秘窟",
                  "property" : {
                     "isTeam" : 0,
                     "level" : 65,
                     "name" : "黑影秘窟",
                     "questRefId" : "",
                     "timesADay" : 1,
                     "timesAWeek" : 0,
                     "timesItem" : 2
                  },
                  "refId" : "Ins_7",
                  "transitCon" : {
                     "number" : 200000,
                     "refId" : "gold"
                  }
               }
            },
            "name" : "Ins_7 任务总表",
            "refId" : "game_instance"
         },
         "game_instance_quest" : {
            "configData" : {
               "quest_1" : {
                  "description" : "击败16个{mouster_8054}。",
                  "name" : "进击的猪卫",
                  "property" : {
                     "questType" : 1,
                     "rewardImmediately" : 0
                  },
                  "questData" : {
                     "orderField" : [
                        {
                           "killCount" : 16,
                           "monsterRefId" : "monster_8054",
                           "orderType" : 1
                        }
                     ],
                     "rewardField" : {
                        "propertyReward" : {
                           "exp" : 500000
                        }
                     }
                  },
                  "refId" : "quest_1"
               },
               "quest_2" : {
                  "description" : "击败5只{monster_8055}。",
                  "name" : "威武蝎王",
                  "property" : {
                     "questType" : 1,
                     "rewardImmediately" : 0
                  },
                  "questData" : {
                     "orderField" : [
                        {
                           "killCount" : 5,
                           "monsterRefId" : "monster_8055",
                           "orderType" : 1
                        }
                     ],
                     "rewardField" : {
                        "propertyReward" : {
                           "exp" : 300000
                        }
                     }
                  },
                  "refId" : "quest_2"
               },
               "quest_3" : {
                  "description" : "击败{monster_8056}。",
                  "name" : "战神之殇",
                  "property" : {
                     "questType" : 1,
                     "rewardImmediately" : 0
                  },
                  "questData" : {
                     "orderField" : [
                        {
                           "killCount" : 1,
                           "monsterRefId" : "monster_8056",
                           "orderType" : 1
                        }
                     ],
                     "rewardField" : {
                        "itemReward" : {
                           "itemList" : [
                              {
                                 "bindStatus" : 1,
                                 "itemCount" : 6,
                                 "itemRefId" : "item_zhenmoling_1"
                              },
                              {
                                 "bindStatus" : 1,
                                 "itemCount" : 5,
                                 "itemRefId" : "item_exp_3"
                              }
                           ],
                           "relatedType" : 0
                        },
                        "propertyReward" : {
                           "exp" : 1500000
                        }
                     }
                  },
                  "refId" : "quest_3"
               }
            },
            "name" : "副本任务表",
            "refId" : "game_instance_quest"
         },
         "game_instance_scene" : {
            "configData" : {
               "I107" : {
                  "description" : "击败全部怪物",
                  "gameInstanceSceneData" : {
                     "conditionField" : [ "quest_1", "quest_2", "quest_3" ],
                     "consumptionItems" : null,
                     "succeedConditionData" : "monster_8054=16&monster_8055=5&monster_8056=1"
                  },
                  "mapId" : 107,
                  "property" : {
                     "sceneRefId" : "S107",
                     "succeedType" : 1
                  },
                  "refId" : "I107"
               }
            },
            "name" : "副本层总表",
            "refId" : "game_instance_scene"
         }
      },
      "instanceType" : 1,
      "introduce" : "65级副本，消灭镇殿战神；奖励丰厚更有机会获得轮回戒指碎片",
      "name" : "战神之怒",
      "refId" : "Ins_7",
      "suggestlevel" : 65
   }
}

