{
   "Ins_pk4" : {
      "configData" : {
         "game_instance" : {
            "configData" : {
               "Ins_pk4" : {
                  "description" : "击败擂台上的对手",
                  "gameInstanceData" : {
                     "consumptionItems" : null,
                     "openDetailsData" : "00:00:00|86400",
                     "structureDetails" : [ "I101" ]
                  },
                  "name" : "击败对手",
                  "property" : {
                     "isTeam" : 0,
                     "level" : 1,
                     "name" : "击败对手",
                     "questRefId" : "",
                     "timesADay" : 10,
                     "timesAWeek" : 0,
                     "timesItem" : 0
                  },
                  "refId" : "Ins_pk4"
               }
            },
            "name" : "Ins_pk4 任务总表",
            "refId" : "game_instance"
         },
         "game_instance_quest" : {
            "configData" : {
               "quest_1" : {
                  "description" : "击败{monster_1007}。",
                  "name" : "击败战士",
                  "property" : {
                     "questType" : 1,
                     "rewardImmediately" : 0
                  },
                  "questData" : {
                     "orderField" : [
                        {
                           "killCount" : 1,
                           "monsterRefId" : "monster_1007",
                           "orderType" : 1
                        }
                     ],
                     "rewardField" : {
                        "propertyReward" : {
                           "exp" : 10000,
                           "gold" : 10000
                        }
                     }
                  },
                  "refId" : "quest_1"
               }
            },
            "name" : "副本任务表",
            "refId" : "game_instance_quest"
         },
         "game_instance_scene" : {
            "configData" : {
               "I154" : {
                  "description" : "击败擂台上的对手",
                  "gameInstanceSceneData" : {
                     "conditionField" : [ "quest_1" ],
                     "consumptionItems" : null,
                     "succeedConditionData" : "monster_1007=1"
                  },
                  "mapId" : 154,
                  "property" : {
                     "sceneRefId" : "S154",
                     "succeedType" : 1
                  },
                  "refId" : "I154"
               }
            },
            "name" : "副本层总表",
            "refId" : "game_instance_scene"
         }
      },
      "instanceType" : 3,
      "introduce" : "",
      "name" : "新人王擂台",
      "refId" : "Ins_pk4"
   }
}

