{
   "Ins_pk3" : {
      "configData" : {
         "game_instance" : {
            "configData" : {
               "Ins_pk3" : {
                  "description" : "惩治红名恶徒",
                  "gameInstanceData" : {
                     "consumptionItems" : [
                        {
                           "itemRefId" : "item_ins",
                           "number" : "1"
                        }
                     ],
                     "openDetailsData" : "00:00:00|86400",
                     "structureDetails" : [ "I101" ]
                  },
                  "name" : "惩治恶徒",
                  "property" : {
                     "isTeam" : 0,
                     "level" : 1,
                     "name" : "惩治恶徒",
                     "questRefId" : "",
                     "timesADay" : 10,
                     "timesAWeek" : 0,
                     "timesItem" : 0
                  },
                  "refId" : "Ins_pk3"
               }
            },
            "name" : "Ins_pk3 任务总表",
            "refId" : "game_instance"
         },
         "game_instance_quest" : {
            "configData" : {
               "quest_1" : {
                  "description" : "惩治{monster_1008}。",
                  "name" : "惩治法师",
                  "property" : {
                     "questType" : 1,
                     "rewardImmediately" : 0
                  },
                  "questData" : {
                     "orderField" : [
                        {
                           "killCount" : 1,
                           "monsterRefId" : "monster_1008",
                           "orderType" : 1
                        }
                     ],
                     "rewardField" : {
                        "propertyReward" : {
                           "exp" : 10000,
                           "gold" : 10000
                        }
                     }
                  },
                  "refId" : "quest_1"
               }
            },
            "name" : "副本任务表",
            "refId" : "game_instance_quest"
         },
         "game_instance_scene" : {
            "configData" : {
               "I153" : {
                  "description" : "惩治红名恶徒",
                  "gameInstanceSceneData" : {
                     "conditionField" : [ "quest_1" ],
                     "consumptionItems" : null,
                     "succeedConditionData" : "monster_1008=1"
                  },
                  "mapId" : 153,
                  "property" : {
                     "sceneRefId" : "S153",
                     "succeedType" : 1
                  },
                  "refId" : "I153"
               }
            },
            "name" : "副本层总表",
            "refId" : "game_instance_scene"
         }
      },
      "instanceType" : 3,
      "introduce" : "",
      "name" : "惩治恶徒",
      "refId" : "Ins_pk3"
   }
}

