{
   "fund_1" : {
      "buyPrice" : {
         "buyPrice" : 1000
      },
      "giftData" : {
         "giftData" : {
            "day1" : {
               "bindStatus" : 1,
               "number" : 1,
               "refId" : "item_gift_fund_1"
            },
            "day10" : {
               "bindStatus" : 1,
               "number" : 1,
               "refId" : "item_gift_fund_1"
            },
            "day11" : {
               "bindStatus" : 1,
               "number" : 1,
               "refId" : "item_gift_fund_1"
            },
            "day12" : {
               "bindStatus" : 1,
               "number" : 1,
               "refId" : "item_gift_fund_1"
            },
            "day13" : {
               "bindStatus" : 1,
               "number" : 1,
               "refId" : "item_gift_fund_1"
            },
            "day14" : {
               "bindStatus" : 1,
               "number" : 1,
               "refId" : "item_gift_fund_1"
            },
            "day15" : {
               "bindStatus" : 1,
               "number" : 1,
               "refId" : "item_gift_fund_1"
            },
            "day16" : {
               "bindStatus" : 1,
               "number" : 1,
               "refId" : "item_gift_fund_1"
            },
            "day17" : {
               "bindStatus" : 1,
               "number" : 1,
               "refId" : "item_gift_fund_1"
            },
            "day18" : {
               "bindStatus" : 1,
               "number" : 1,
               "refId" : "item_gift_fund_1"
            },
            "day19" : {
               "bindStatus" : 1,
               "number" : 1,
               "refId" : "item_gift_fund_1"
            },
            "day2" : {
               "bindStatus" : 1,
               "number" : 1,
               "refId" : "item_gift_fund_1"
            },
            "day20" : {
               "bindStatus" : 1,
               "number" : 1,
               "refId" : "item_gift_fund_1"
            },
            "day21" : {
               "bindStatus" : 1,
               "number" : 1,
               "refId" : "item_gift_fund_1"
            },
            "day22" : {
               "bindStatus" : 1,
               "number" : 1,
               "refId" : "item_gift_fund_1"
            },
            "day23" : {
               "bindStatus" : 1,
               "number" : 1,
               "refId" : "item_gift_fund_1"
            },
            "day24" : {
               "bindStatus" : 1,
               "number" : 1,
               "refId" : "item_gift_fund_1"
            },
            "day25" : {
               "bindStatus" : 1,
               "number" : 1,
               "refId" : "item_gift_fund_1"
            },
            "day26" : {
               "bindStatus" : 1,
               "number" : 1,
               "refId" : "item_gift_fund_1"
            },
            "day27" : {
               "bindStatus" : 1,
               "number" : 1,
               "refId" : "item_gift_fund_1"
            },
            "day28" : {
               "bindStatus" : 1,
               "number" : 1,
               "refId" : "item_gift_fund_1"
            },
            "day29" : {
               "bindStatus" : 1,
               "number" : 1,
               "refId" : "item_gift_fund_1"
            },
            "day3" : {
               "bindStatus" : 1,
               "number" : 1,
               "refId" : "item_gift_fund_1"
            },
            "day30" : {
               "bindStatus" : 1,
               "number" : 1,
               "refId" : "item_gift_fund_1"
            },
            "day4" : {
               "bindStatus" : 1,
               "number" : 1,
               "refId" : "item_gift_fund_1"
            },
            "day5" : {
               "bindStatus" : 1,
               "number" : 1,
               "refId" : "item_gift_fund_1"
            },
            "day6" : {
               "bindStatus" : 1,
               "number" : 1,
               "refId" : "item_gift_fund_1"
            },
            "day7" : {
               "bindStatus" : 1,
               "number" : 1,
               "refId" : "item_gift_fund_1"
            },
            "day8" : {
               "bindStatus" : 1,
               "number" : 1,
               "refId" : "item_gift_fund_1"
            },
            "day9" : {
               "bindStatus" : 1,
               "number" : 1,
               "refId" : "item_gift_fund_1"
            }
         }
      },
      "moneyType" : {
         "moneyType" : 2
      },
      "originalCost" : {
         "originalCost" : 33750
      },
      "refId" : "fund_1"
   },
   "fund_2" : {
      "buyPrice" : {
         "buyPrice" : 6000
      },
      "giftData" : {
         "giftData" : {
            "day1" : {
               "bindStatus" : 1,
               "number" : 1,
               "refId" : "item_gift_fund_2"
            },
            "day10" : {
               "bindStatus" : 1,
               "number" : 1,
               "refId" : "item_gift_fund_2"
            },
            "day11" : {
               "bindStatus" : 1,
               "number" : 1,
               "refId" : "item_gift_fund_2"
            },
            "day12" : {
               "bindStatus" : 1,
               "number" : 1,
               "refId" : "item_gift_fund_2"
            },
            "day13" : {
               "bindStatus" : 1,
               "number" : 1,
               "refId" : "item_gift_fund_2"
            },
            "day14" : {
               "bindStatus" : 1,
               "number" : 1,
               "refId" : "item_gift_fund_2"
            },
            "day15" : {
               "bindStatus" : 1,
               "number" : 1,
               "refId" : "item_gift_fund_2"
            },
            "day16" : {
               "bindStatus" : 1,
               "number" : 1,
               "refId" : "item_gift_fund_2"
            },
            "day17" : {
               "bindStatus" : 1,
               "number" : 1,
               "refId" : "item_gift_fund_2"
            },
            "day18" : {
               "bindStatus" : 1,
               "number" : 1,
               "refId" : "item_gift_fund_2"
            },
            "day19" : {
               "bindStatus" : 1,
               "number" : 1,
               "refId" : "item_gift_fund_2"
            },
            "day2" : {
               "bindStatus" : 1,
               "number" : 1,
               "refId" : "item_gift_fund_2"
            },
            "day20" : {
               "bindStatus" : 1,
               "number" : 1,
               "refId" : "item_gift_fund_2"
            },
            "day21" : {
               "bindStatus" : 1,
               "number" : 1,
               "refId" : "item_gift_fund_2"
            },
            "day22" : {
               "bindStatus" : 1,
               "number" : 1,
               "refId" : "item_gift_fund_2"
            },
            "day23" : {
               "bindStatus" : 1,
               "number" : 1,
               "refId" : "item_gift_fund_2"
            },
            "day24" : {
               "bindStatus" : 1,
               "number" : 1,
               "refId" : "item_gift_fund_2"
            },
            "day25" : {
               "bindStatus" : 1,
               "number" : 1,
               "refId" : "item_gift_fund_2"
            },
            "day26" : {
               "bindStatus" : 1,
               "number" : 1,
               "refId" : "item_gift_fund_2"
            },
            "day27" : {
               "bindStatus" : 1,
               "number" : 1,
               "refId" : "item_gift_fund_2"
            },
            "day28" : {
               "bindStatus" : 1,
               "number" : 1,
               "refId" : "item_gift_fund_2"
            },
            "day29" : {
               "bindStatus" : 1,
               "number" : 1,
               "refId" : "item_gift_fund_2"
            },
            "day3" : {
               "bindStatus" : 1,
               "number" : 1,
               "refId" : "item_gift_fund_2"
            },
            "day30" : {
               "bindStatus" : 1,
               "number" : 1,
               "refId" : "item_gift_fund_2"
            },
            "day4" : {
               "bindStatus" : 1,
               "number" : 1,
               "refId" : "item_gift_fund_2"
            },
            "day5" : {
               "bindStatus" : 1,
               "number" : 1,
               "refId" : "item_gift_fund_2"
            },
            "day6" : {
               "bindStatus" : 1,
               "number" : 1,
               "refId" : "item_gift_fund_2"
            },
            "day7" : {
               "bindStatus" : 1,
               "number" : 1,
               "refId" : "item_gift_fund_2"
            },
            "day8" : {
               "bindStatus" : 1,
               "number" : 1,
               "refId" : "item_gift_fund_2"
            },
            "day9" : {
               "bindStatus" : 1,
               "number" : 1,
               "refId" : "item_gift_fund_2"
            }
         }
      },
      "moneyType" : {
         "moneyType" : 2
      },
      "originalCost" : {
         "originalCost" : 225000
      },
      "refId" : "fund_2"
   },
   "fund_3" : {
      "buyPrice" : {
         "buyPrice" : 20000
      },
      "giftData" : {
         "giftData" : {
            "day1" : {
               "bindStatus" : 1,
               "number" : 1,
               "refId" : "item_gift_fund_3"
            },
            "day10" : {
               "bindStatus" : 1,
               "number" : 1,
               "refId" : "item_gift_fund_3"
            },
            "day11" : {
               "bindStatus" : 1,
               "number" : 1,
               "refId" : "item_gift_fund_3"
            },
            "day12" : {
               "bindStatus" : 1,
               "number" : 1,
               "refId" : "item_gift_fund_3"
            },
            "day13" : {
               "bindStatus" : 1,
               "number" : 1,
               "refId" : "item_gift_fund_3"
            },
            "day14" : {
               "bindStatus" : 1,
               "number" : 1,
               "refId" : "item_gift_fund_3"
            },
            "day15" : {
               "bindStatus" : 1,
               "number" : 1,
               "refId" : "item_gift_fund_3"
            },
            "day16" : {
               "bindStatus" : 1,
               "number" : 1,
               "refId" : "item_gift_fund_3"
            },
            "day17" : {
               "bindStatus" : 1,
               "number" : 1,
               "refId" : "item_gift_fund_3"
            },
            "day18" : {
               "bindStatus" : 1,
               "number" : 1,
               "refId" : "item_gift_fund_3"
            },
            "day19" : {
               "bindStatus" : 1,
               "number" : 1,
               "refId" : "item_gift_fund_3"
            },
            "day2" : {
               "bindStatus" : 1,
               "number" : 1,
               "refId" : "item_gift_fund_3"
            },
            "day20" : {
               "bindStatus" : 1,
               "number" : 1,
               "refId" : "item_gift_fund_3"
            },
            "day21" : {
               "bindStatus" : 1,
               "number" : 1,
               "refId" : "item_gift_fund_3"
            },
            "day22" : {
               "bindStatus" : 1,
               "number" : 1,
               "refId" : "item_gift_fund_3"
            },
            "day23" : {
               "bindStatus" : 1,
               "number" : 1,
               "refId" : "item_gift_fund_3"
            },
            "day24" : {
               "bindStatus" : 1,
               "number" : 1,
               "refId" : "item_gift_fund_3"
            },
            "day25" : {
               "bindStatus" : 1,
               "number" : 1,
               "refId" : "item_gift_fund_3"
            },
            "day26" : {
               "bindStatus" : 1,
               "number" : 1,
               "refId" : "item_gift_fund_3"
            },
            "day27" : {
               "bindStatus" : 1,
               "number" : 1,
               "refId" : "item_gift_fund_3"
            },
            "day28" : {
               "bindStatus" : 1,
               "number" : 1,
               "refId" : "item_gift_fund_3"
            },
            "day29" : {
               "bindStatus" : 1,
               "number" : 1,
               "refId" : "item_gift_fund_3"
            },
            "day3" : {
               "bindStatus" : 1,
               "number" : 1,
               "refId" : "item_gift_fund_3"
            },
            "day30" : {
               "bindStatus" : 1,
               "number" : 1,
               "refId" : "item_gift_fund_3"
            },
            "day4" : {
               "bindStatus" : 1,
               "number" : 1,
               "refId" : "item_gift_fund_3"
            },
            "day5" : {
               "bindStatus" : 1,
               "number" : 1,
               "refId" : "item_gift_fund_3"
            },
            "day6" : {
               "bindStatus" : 1,
               "number" : 1,
               "refId" : "item_gift_fund_3"
            },
            "day7" : {
               "bindStatus" : 1,
               "number" : 1,
               "refId" : "item_gift_fund_3"
            },
            "day8" : {
               "bindStatus" : 1,
               "number" : 1,
               "refId" : "item_gift_fund_3"
            },
            "day9" : {
               "bindStatus" : 1,
               "number" : 1,
               "refId" : "item_gift_fund_3"
            }
         }
      },
      "moneyType" : {
         "moneyType" : 2
      },
      "originalCost" : {
         "originalCost" : 900000
      },
      "refId" : "fund_3"
   }
}

