{
   "limitTimeRank_10_1" : {
      "rankInterval" : "1-1",
      "rankReward" : {
         "rankReward" : {
            "itemReward" : {
               "professionList" : [
                  {
                     "bindStatus" : 1,
                     "itemList" : [
                        {
                           "itemCount" : 2,
                           "itemRefId" : "equip_120_48100"
                        },
                        {
                           "itemCount" : 600,
                           "itemRefId" : "item_moshi"
                        },
                        {
                           "itemCount" : 2,
                           "itemRefId" : "item_qianghuajuan_10"
                        }
                     ],
                     "proffessionRefId" : 1
                  },
                  {
                     "bindStatus" : 1,
                     "itemList" : [
                        {
                           "itemCount" : 2,
                           "itemRefId" : "equip_120_48100"
                        },
                        {
                           "itemCount" : 600,
                           "itemRefId" : "item_moshi"
                        },
                        {
                           "itemCount" : 2,
                           "itemRefId" : "item_qianghuajuan_10"
                        }
                     ],
                     "proffessionRefId" : 2
                  },
                  {
                     "bindStatus" : 1,
                     "itemList" : [
                        {
                           "itemCount" : 2,
                           "itemRefId" : "equip_120_48200"
                        },
                        {
                           "itemCount" : 600,
                           "itemRefId" : "item_moshi"
                        },
                        {
                           "itemCount" : 2,
                           "itemRefId" : "item_qianghuajuan_10"
                        }
                     ],
                     "proffessionRefId" : 3
                  },
                  {
                     "bindStatus" : 1,
                     "itemList" : [
                        {
                           "itemCount" : 2,
                           "itemRefId" : "equip_120_48200"
                        },
                        {
                           "itemCount" : 600,
                           "itemRefId" : "item_moshi"
                        },
                        {
                           "itemCount" : 2,
                           "itemRefId" : "item_qianghuajuan_10"
                        }
                     ],
                     "proffessionRefId" : 4
                  },
                  {
                     "bindStatus" : 1,
                     "itemList" : [
                        {
                           "itemCount" : 2,
                           "itemRefId" : "equip_120_48300"
                        },
                        {
                           "itemCount" : 600,
                           "itemRefId" : "item_moshi"
                        },
                        {
                           "itemCount" : 2,
                           "itemRefId" : "item_qianghuajuan_10"
                        }
                     ],
                     "proffessionRefId" : 5
                  },
                  {
                     "bindStatus" : 1,
                     "itemList" : [
                        {
                           "itemCount" : 2,
                           "itemRefId" : "equip_120_48300"
                        },
                        {
                           "itemCount" : 600,
                           "itemRefId" : "item_moshi"
                        },
                        {
                           "itemCount" : 2,
                           "itemRefId" : "item_qianghuajuan_10"
                        }
                     ],
                     "proffessionRefId" : 6
                  }
               ],
               "relatedType" : 1
            }
         }
      },
      "rankType" : 10,
      "refId" : "limitTimeRank_10_1"
   },
   "limitTimeRank_10_2" : {
      "rankInterval" : "2-2",
      "rankReward" : {
         "rankReward" : {
            "itemReward" : {
               "professionList" : [
                  {
                     "bindStatus" : 1,
                     "itemList" : [
                        {
                           "itemCount" : 1,
                           "itemRefId" : "equip_120_48100"
                        },
                        {
                           "itemCount" : 400,
                           "itemRefId" : "item_moshi"
                        },
                        {
                           "itemCount" : 1,
                           "itemRefId" : "item_qianghuajuan_10"
                        }
                     ],
                     "proffessionRefId" : 1
                  },
                  {
                     "bindStatus" : 1,
                     "itemList" : [
                        {
                           "itemCount" : 1,
                           "itemRefId" : "equip_120_48100"
                        },
                        {
                           "itemCount" : 400,
                           "itemRefId" : "item_moshi"
                        },
                        {
                           "itemCount" : 1,
                           "itemRefId" : "item_qianghuajuan_10"
                        }
                     ],
                     "proffessionRefId" : 2
                  },
                  {
                     "bindStatus" : 1,
                     "itemList" : [
                        {
                           "itemCount" : 1,
                           "itemRefId" : "equip_120_48200"
                        },
                        {
                           "itemCount" : 400,
                           "itemRefId" : "item_moshi"
                        },
                        {
                           "itemCount" : 1,
                           "itemRefId" : "item_qianghuajuan_10"
                        }
                     ],
                     "proffessionRefId" : 3
                  },
                  {
                     "bindStatus" : 1,
                     "itemList" : [
                        {
                           "itemCount" : 1,
                           "itemRefId" : "equip_120_48200"
                        },
                        {
                           "itemCount" : 400,
                           "itemRefId" : "item_moshi"
                        },
                        {
                           "itemCount" : 1,
                           "itemRefId" : "item_qianghuajuan_10"
                        }
                     ],
                     "proffessionRefId" : 4
                  },
                  {
                     "bindStatus" : 1,
                     "itemList" : [
                        {
                           "itemCount" : 1,
                           "itemRefId" : "equip_120_48300"
                        },
                        {
                           "itemCount" : 400,
                           "itemRefId" : "item_moshi"
                        },
                        {
                           "itemCount" : 1,
                           "itemRefId" : "item_qianghuajuan_10"
                        }
                     ],
                     "proffessionRefId" : 5
                  },
                  {
                     "bindStatus" : 1,
                     "itemList" : [
                        {
                           "itemCount" : 1,
                           "itemRefId" : "equip_120_48300"
                        },
                        {
                           "itemCount" : 400,
                           "itemRefId" : "item_moshi"
                        },
                        {
                           "itemCount" : 1,
                           "itemRefId" : "item_qianghuajuan_10"
                        }
                     ],
                     "proffessionRefId" : 6
                  }
               ],
               "relatedType" : 1
            }
         }
      },
      "rankType" : 10,
      "refId" : "limitTimeRank_10_2"
   },
   "limitTimeRank_10_3" : {
      "rankInterval" : "3-3",
      "rankReward" : {
         "rankReward" : {
            "itemReward" : {
               "professionList" : [
                  {
                     "bindStatus" : 1,
                     "itemList" : [
                        {
                           "itemCount" : 1,
                           "itemRefId" : "equip_120_48100"
                        },
                        {
                           "itemCount" : 200,
                           "itemRefId" : "item_moshi"
                        },
                        {
                           "itemCount" : 1,
                           "itemRefId" : "item_qianghuajuan_9"
                        }
                     ],
                     "proffessionRefId" : 1
                  },
                  {
                     "bindStatus" : 1,
                     "itemList" : [
                        {
                           "itemCount" : 1,
                           "itemRefId" : "equip_120_48100"
                        },
                        {
                           "itemCount" : 200,
                           "itemRefId" : "item_moshi"
                        },
                        {
                           "itemCount" : 1,
                           "itemRefId" : "item_qianghuajuan_9"
                        }
                     ],
                     "proffessionRefId" : 2
                  },
                  {
                     "bindStatus" : 1,
                     "itemList" : [
                        {
                           "itemCount" : 1,
                           "itemRefId" : "equip_120_48200"
                        },
                        {
                           "itemCount" : 200,
                           "itemRefId" : "item_moshi"
                        },
                        {
                           "itemCount" : 1,
                           "itemRefId" : "item_qianghuajuan_9"
                        }
                     ],
                     "proffessionRefId" : 3
                  },
                  {
                     "bindStatus" : 1,
                     "itemList" : [
                        {
                           "itemCount" : 1,
                           "itemRefId" : "equip_120_48200"
                        },
                        {
                           "itemCount" : 200,
                           "itemRefId" : "item_moshi"
                        },
                        {
                           "itemCount" : 1,
                           "itemRefId" : "item_qianghuajuan_9"
                        }
                     ],
                     "proffessionRefId" : 4
                  },
                  {
                     "bindStatus" : 1,
                     "itemList" : [
                        {
                           "itemCount" : 1,
                           "itemRefId" : "equip_120_48300"
                        },
                        {
                           "itemCount" : 200,
                           "itemRefId" : "item_moshi"
                        },
                        {
                           "itemCount" : 1,
                           "itemRefId" : "item_qianghuajuan_9"
                        }
                     ],
                     "proffessionRefId" : 5
                  },
                  {
                     "bindStatus" : 1,
                     "itemList" : [
                        {
                           "itemCount" : 1,
                           "itemRefId" : "equip_120_48300"
                        },
                        {
                           "itemCount" : 200,
                           "itemRefId" : "item_moshi"
                        },
                        {
                           "itemCount" : 1,
                           "itemRefId" : "item_qianghuajuan_9"
                        }
                     ],
                     "proffessionRefId" : 6
                  }
               ],
               "relatedType" : 1
            }
         }
      },
      "rankType" : 10,
      "refId" : "limitTimeRank_10_3"
   },
   "limitTimeRank_10_4" : {
      "rankInterval" : "4-10",
      "rankReward" : {
         "rankReward" : {
            "itemReward" : {
               "itemList" : [
                  {
                     "bindStatus" : 1,
                     "itemCount" : 1,
                     "itemRefId" : "item_qianghuajuan_8"
                  },
                  {
                     "bindStatus" : 1,
                     "itemCount" : 100,
                     "itemRefId" : "item_moshi"
                  }
               ],
               "relatedType" : 0
            }
         }
      },
      "rankType" : 10,
      "refId" : "limitTimeRank_10_4"
   },
   "limitTimeRank_10_5" : {
      "rankInterval" : "11-20",
      "rankReward" : {
         "rankReward" : {
            "itemReward" : {
               "itemList" : [
                  {
                     "bindStatus" : 1,
                     "itemCount" : 50,
                     "itemRefId" : "item_moshi"
                  }
               ],
               "relatedType" : 0
            }
         }
      },
      "rankType" : 10,
      "refId" : "limitTimeRank_10_5"
   },
   "limitTimeRank_11_1" : {
      "rankInterval" : "1-1",
      "rankReward" : {
         "rankReward" : {
            "itemReward" : {
               "professionList" : [
                  {
                     "bindStatus" : 1,
                     "itemList" : [
                        {
                           "itemCount" : 2,
                           "itemRefId" : "equip_120_47100"
                        },
                        {
                           "itemCount" : 1000,
                           "itemRefId" : "item_shenqiExp"
                        },
                        {
                           "itemCount" : 2,
                           "itemRefId" : "item_qianghuajuan_10"
                        }
                     ],
                     "proffessionRefId" : 1
                  },
                  {
                     "bindStatus" : 1,
                     "itemList" : [
                        {
                           "itemCount" : 2,
                           "itemRefId" : "equip_120_47100"
                        },
                        {
                           "itemCount" : 1000,
                           "itemRefId" : "item_shenqiExp"
                        },
                        {
                           "itemCount" : 2,
                           "itemRefId" : "item_qianghuajuan_10"
                        }
                     ],
                     "proffessionRefId" : 2
                  },
                  {
                     "bindStatus" : 1,
                     "itemList" : [
                        {
                           "itemCount" : 2,
                           "itemRefId" : "equip_120_47200"
                        },
                        {
                           "itemCount" : 1000,
                           "itemRefId" : "item_shenqiExp"
                        },
                        {
                           "itemCount" : 2,
                           "itemRefId" : "item_qianghuajuan_10"
                        }
                     ],
                     "proffessionRefId" : 3
                  },
                  {
                     "bindStatus" : 1,
                     "itemList" : [
                        {
                           "itemCount" : 2,
                           "itemRefId" : "equip_120_47200"
                        },
                        {
                           "itemCount" : 1000,
                           "itemRefId" : "item_shenqiExp"
                        },
                        {
                           "itemCount" : 2,
                           "itemRefId" : "item_qianghuajuan_10"
                        }
                     ],
                     "proffessionRefId" : 4
                  },
                  {
                     "bindStatus" : 1,
                     "itemList" : [
                        {
                           "itemCount" : 2,
                           "itemRefId" : "equip_120_47300"
                        },
                        {
                           "itemCount" : 1000,
                           "itemRefId" : "item_shenqiExp"
                        },
                        {
                           "itemCount" : 2,
                           "itemRefId" : "item_qianghuajuan_10"
                        }
                     ],
                     "proffessionRefId" : 5
                  },
                  {
                     "bindStatus" : 1,
                     "itemList" : [
                        {
                           "itemCount" : 2,
                           "itemRefId" : "equip_120_47300"
                        },
                        {
                           "itemCount" : 1000,
                           "itemRefId" : "item_shenqiExp"
                        },
                        {
                           "itemCount" : 2,
                           "itemRefId" : "item_qianghuajuan_10"
                        }
                     ],
                     "proffessionRefId" : 6
                  }
               ],
               "relatedType" : 1
            }
         }
      },
      "rankType" : 11,
      "refId" : "limitTimeRank_11_1"
   },
   "limitTimeRank_11_2" : {
      "rankInterval" : "2-2",
      "rankReward" : {
         "rankReward" : {
            "itemReward" : {
               "professionList" : [
                  {
                     "bindStatus" : 1,
                     "itemList" : [
                        {
                           "itemCount" : 1,
                           "itemRefId" : "equip_120_47100"
                        },
                        {
                           "itemCount" : 600,
                           "itemRefId" : "item_shenqiExp"
                        },
                        {
                           "itemCount" : 1,
                           "itemRefId" : "item_qianghuajuan_10"
                        }
                     ],
                     "proffessionRefId" : 1
                  },
                  {
                     "bindStatus" : 1,
                     "itemList" : [
                        {
                           "itemCount" : 1,
                           "itemRefId" : "equip_120_47100"
                        },
                        {
                           "itemCount" : 600,
                           "itemRefId" : "item_shenqiExp"
                        },
                        {
                           "itemCount" : 1,
                           "itemRefId" : "item_qianghuajuan_10"
                        }
                     ],
                     "proffessionRefId" : 2
                  },
                  {
                     "bindStatus" : 1,
                     "itemList" : [
                        {
                           "itemCount" : 2,
                           "itemRefId" : "equip_120_47200"
                        },
                        {
                           "itemCount" : 600,
                           "itemRefId" : "item_shenqiExp"
                        },
                        {
                           "itemCount" : 1,
                           "itemRefId" : "item_qianghuajuan_10"
                        }
                     ],
                     "proffessionRefId" : 3
                  },
                  {
                     "bindStatus" : 1,
                     "itemList" : [
                        {
                           "itemCount" : 2,
                           "itemRefId" : "equip_120_47200"
                        },
                        {
                           "itemCount" : 600,
                           "itemRefId" : "item_shenqiExp"
                        },
                        {
                           "itemCount" : 1,
                           "itemRefId" : "item_qianghuajuan_10"
                        }
                     ],
                     "proffessionRefId" : 4
                  },
                  {
                     "bindStatus" : 1,
                     "itemList" : [
                        {
                           "itemCount" : 2,
                           "itemRefId" : "equip_120_47300"
                        },
                        {
                           "itemCount" : 600,
                           "itemRefId" : "item_shenqiExp"
                        },
                        {
                           "itemCount" : 1,
                           "itemRefId" : "item_qianghuajuan_10"
                        }
                     ],
                     "proffessionRefId" : 5
                  },
                  {
                     "bindStatus" : 1,
                     "itemList" : [
                        {
                           "itemCount" : 2,
                           "itemRefId" : "equip_120_47300"
                        },
                        {
                           "itemCount" : 600,
                           "itemRefId" : "item_shenqiExp"
                        },
                        {
                           "itemCount" : 1,
                           "itemRefId" : "item_qianghuajuan_10"
                        }
                     ],
                     "proffessionRefId" : 6
                  }
               ],
               "relatedType" : 1
            }
         }
      },
      "rankType" : 11,
      "refId" : "limitTimeRank_11_2"
   },
   "limitTimeRank_11_3" : {
      "rankInterval" : "3-3",
      "rankReward" : {
         "rankReward" : {
            "itemReward" : {
               "professionList" : [
                  {
                     "bindStatus" : 1,
                     "itemList" : [
                        {
                           "itemCount" : 1,
                           "itemRefId" : "equip_120_47100"
                        },
                        {
                           "itemCount" : 300,
                           "itemRefId" : "item_shenqiExp"
                        },
                        {
                           "itemCount" : 1,
                           "itemRefId" : "item_qianghuajuan_9"
                        }
                     ],
                     "proffessionRefId" : 1
                  },
                  {
                     "bindStatus" : 1,
                     "itemList" : [
                        {
                           "itemCount" : 2,
                           "itemRefId" : "equip_120_47100"
                        },
                        {
                           "itemCount" : 300,
                           "itemRefId" : "item_shenqiExp"
                        },
                        {
                           "itemCount" : 1,
                           "itemRefId" : "item_qianghuajuan_9"
                        }
                     ],
                     "proffessionRefId" : 2
                  },
                  {
                     "bindStatus" : 1,
                     "itemList" : [
                        {
                           "itemCount" : 2,
                           "itemRefId" : "equip_120_47200"
                        },
                        {
                           "itemCount" : 300,
                           "itemRefId" : "item_shenqiExp"
                        },
                        {
                           "itemCount" : 1,
                           "itemRefId" : "item_qianghuajuan_9"
                        }
                     ],
                     "proffessionRefId" : 3
                  },
                  {
                     "bindStatus" : 1,
                     "itemList" : [
                        {
                           "itemCount" : 2,
                           "itemRefId" : "equip_120_47200"
                        },
                        {
                           "itemCount" : 300,
                           "itemRefId" : "item_shenqiExp"
                        },
                        {
                           "itemCount" : 1,
                           "itemRefId" : "item_qianghuajuan_9"
                        }
                     ],
                     "proffessionRefId" : 4
                  },
                  {
                     "bindStatus" : 1,
                     "itemList" : [
                        {
                           "itemCount" : 2,
                           "itemRefId" : "equip_120_47300"
                        },
                        {
                           "itemCount" : 300,
                           "itemRefId" : "item_shenqiExp"
                        },
                        {
                           "itemCount" : 1,
                           "itemRefId" : "item_qianghuajuan_9"
                        }
                     ],
                     "proffessionRefId" : 5
                  },
                  {
                     "bindStatus" : 1,
                     "itemList" : [
                        {
                           "itemCount" : 2,
                           "itemRefId" : "equip_120_47300"
                        },
                        {
                           "itemCount" : 300,
                           "itemRefId" : "item_shenqiExp"
                        },
                        {
                           "itemCount" : 1,
                           "itemRefId" : "item_qianghuajuan_9"
                        }
                     ],
                     "proffessionRefId" : 6
                  }
               ],
               "relatedType" : 1
            }
         }
      },
      "rankType" : 11,
      "refId" : "limitTimeRank_11_3"
   },
   "limitTimeRank_11_4" : {
      "rankInterval" : "4-10",
      "rankReward" : {
         "rankReward" : {
            "itemReward" : {
               "itemList" : [
                  {
                     "bindStatus" : 1,
                     "itemCount" : 1,
                     "itemRefId" : "item_qianghuajuan_8"
                  },
                  {
                     "bindStatus" : 1,
                     "itemCount" : 200,
                     "itemRefId" : "item_shenqiExp"
                  }
               ],
               "relatedType" : 0
            }
         }
      },
      "rankType" : 11,
      "refId" : "limitTimeRank_11_4"
   },
   "limitTimeRank_11_5" : {
      "rankInterval" : "11-20",
      "rankReward" : {
         "rankReward" : {
            "itemReward" : {
               "itemList" : [
                  {
                     "bindStatus" : 1,
                     "itemCount" : 100,
                     "itemRefId" : "item_shenqiExp"
                  }
               ],
               "relatedType" : 0
            }
         }
      },
      "rankType" : 11,
      "refId" : "limitTimeRank_11_5"
   },
   "limitTimeRank_12_1" : {
      "rankInterval" : "1-1",
      "rankReward" : {
         "rankReward" : {
            "itemReward" : {
               "professionList" : [
                  {
                     "bindStatus" : 1,
                     "itemList" : [
                        {
                           "itemCount" : 2,
                           "itemRefId" : "equip_120_43100"
                        },
                        {
                           "itemCount" : 250,
                           "itemRefId" : "item_goldMedal"
                        },
                        {
                           "itemCount" : 2,
                           "itemRefId" : "item_qianghuajuan_10"
                        }
                     ],
                     "proffessionRefId" : 1
                  },
                  {
                     "bindStatus" : 1,
                     "itemList" : [
                        {
                           "itemCount" : 2,
                           "itemRefId" : "equip_120_43100"
                        },
                        {
                           "itemCount" : 250,
                           "itemRefId" : "item_goldMedal"
                        },
                        {
                           "itemCount" : 2,
                           "itemRefId" : "item_qianghuajuan_10"
                        }
                     ],
                     "proffessionRefId" : 2
                  },
                  {
                     "bindStatus" : 1,
                     "itemList" : [
                        {
                           "itemCount" : 2,
                           "itemRefId" : "equip_120_43200"
                        },
                        {
                           "itemCount" : 250,
                           "itemRefId" : "item_goldMedal"
                        },
                        {
                           "itemCount" : 2,
                           "itemRefId" : "item_qianghuajuan_10"
                        }
                     ],
                     "proffessionRefId" : 3
                  },
                  {
                     "bindStatus" : 1,
                     "itemList" : [
                        {
                           "itemCount" : 2,
                           "itemRefId" : "equip_120_43200"
                        },
                        {
                           "itemCount" : 250,
                           "itemRefId" : "item_goldMedal"
                        },
                        {
                           "itemCount" : 2,
                           "itemRefId" : "item_qianghuajuan_10"
                        }
                     ],
                     "proffessionRefId" : 4
                  },
                  {
                     "bindStatus" : 1,
                     "itemList" : [
                        {
                           "itemCount" : 2,
                           "itemRefId" : "equip_120_43300"
                        },
                        {
                           "itemCount" : 250,
                           "itemRefId" : "item_goldMedal"
                        },
                        {
                           "itemCount" : 2,
                           "itemRefId" : "item_qianghuajuan_10"
                        }
                     ],
                     "proffessionRefId" : 5
                  },
                  {
                     "bindStatus" : 1,
                     "itemList" : [
                        {
                           "itemCount" : 2,
                           "itemRefId" : "equip_120_43300"
                        },
                        {
                           "itemCount" : 250,
                           "itemRefId" : "item_goldMedal"
                        },
                        {
                           "itemCount" : 2,
                           "itemRefId" : "item_qianghuajuan_10"
                        }
                     ],
                     "proffessionRefId" : 6
                  }
               ],
               "relatedType" : 1
            }
         }
      },
      "rankType" : 12,
      "refId" : "limitTimeRank_12_1"
   },
   "limitTimeRank_12_2" : {
      "rankInterval" : "2-2",
      "rankReward" : {
         "rankReward" : {
            "itemReward" : {
               "professionList" : [
                  {
                     "bindStatus" : 1,
                     "itemList" : [
                        {
                           "itemCount" : 1,
                           "itemRefId" : "equip_120_43100"
                        },
                        {
                           "itemCount" : 150,
                           "itemRefId" : "item_goldMedal"
                        },
                        {
                           "itemCount" : 1,
                           "itemRefId" : "item_qianghuajuan_10"
                        }
                     ],
                     "proffessionRefId" : 1
                  },
                  {
                     "bindStatus" : 1,
                     "itemList" : [
                        {
                           "itemCount" : 1,
                           "itemRefId" : "equip_120_43100"
                        },
                        {
                           "itemCount" : 150,
                           "itemRefId" : "item_goldMedal"
                        },
                        {
                           "itemCount" : 1,
                           "itemRefId" : "item_qianghuajuan_10"
                        }
                     ],
                     "proffessionRefId" : 2
                  },
                  {
                     "bindStatus" : 1,
                     "itemList" : [
                        {
                           "itemCount" : 1,
                           "itemRefId" : "equip_120_43200"
                        },
                        {
                           "itemCount" : 150,
                           "itemRefId" : "item_goldMedal"
                        },
                        {
                           "itemCount" : 1,
                           "itemRefId" : "item_qianghuajuan_10"
                        }
                     ],
                     "proffessionRefId" : 3
                  },
                  {
                     "bindStatus" : 1,
                     "itemList" : [
                        {
                           "itemCount" : 1,
                           "itemRefId" : "equip_120_43200"
                        },
                        {
                           "itemCount" : 150,
                           "itemRefId" : "item_goldMedal"
                        },
                        {
                           "itemCount" : 1,
                           "itemRefId" : "item_qianghuajuan_10"
                        }
                     ],
                     "proffessionRefId" : 4
                  },
                  {
                     "bindStatus" : 1,
                     "itemList" : [
                        {
                           "itemCount" : 1,
                           "itemRefId" : "equip_120_43300"
                        },
                        {
                           "itemCount" : 150,
                           "itemRefId" : "item_goldMedal"
                        },
                        {
                           "itemCount" : 1,
                           "itemRefId" : "item_qianghuajuan_10"
                        }
                     ],
                     "proffessionRefId" : 5
                  },
                  {
                     "bindStatus" : 1,
                     "itemList" : [
                        {
                           "itemCount" : 1,
                           "itemRefId" : "equip_120_43300"
                        },
                        {
                           "itemCount" : 150,
                           "itemRefId" : "item_goldMedal"
                        },
                        {
                           "itemCount" : 1,
                           "itemRefId" : "item_qianghuajuan_10"
                        }
                     ],
                     "proffessionRefId" : 6
                  }
               ],
               "relatedType" : 1
            }
         }
      },
      "rankType" : 12,
      "refId" : "limitTimeRank_12_2"
   },
   "limitTimeRank_12_3" : {
      "rankInterval" : "3-3",
      "rankReward" : {
         "rankReward" : {
            "itemReward" : {
               "professionList" : [
                  {
                     "bindStatus" : 1,
                     "itemList" : [
                        {
                           "itemCount" : 1,
                           "itemRefId" : "equip_120_43100"
                        },
                        {
                           "itemCount" : 100,
                           "itemRefId" : "item_goldMedal"
                        },
                        {
                           "itemCount" : 1,
                           "itemRefId" : "item_qianghuajuan_9"
                        }
                     ],
                     "proffessionRefId" : 1
                  },
                  {
                     "bindStatus" : 1,
                     "itemList" : [
                        {
                           "itemCount" : 1,
                           "itemRefId" : "equip_120_43100"
                        },
                        {
                           "itemCount" : 100,
                           "itemRefId" : "item_goldMedal"
                        },
                        {
                           "itemCount" : 1,
                           "itemRefId" : "item_qianghuajuan_9"
                        }
                     ],
                     "proffessionRefId" : 2
                  },
                  {
                     "bindStatus" : 1,
                     "itemList" : [
                        {
                           "itemCount" : 1,
                           "itemRefId" : "equip_120_43200"
                        },
                        {
                           "itemCount" : 100,
                           "itemRefId" : "item_goldMedal"
                        },
                        {
                           "itemCount" : 1,
                           "itemRefId" : "item_qianghuajuan_9"
                        }
                     ],
                     "proffessionRefId" : 3
                  },
                  {
                     "bindStatus" : 1,
                     "itemList" : [
                        {
                           "itemCount" : 1,
                           "itemRefId" : "equip_120_43200"
                        },
                        {
                           "itemCount" : 100,
                           "itemRefId" : "item_goldMedal"
                        },
                        {
                           "itemCount" : 1,
                           "itemRefId" : "item_qianghuajuan_9"
                        }
                     ],
                     "proffessionRefId" : 4
                  },
                  {
                     "bindStatus" : 1,
                     "itemList" : [
                        {
                           "itemCount" : 1,
                           "itemRefId" : "equip_120_43300"
                        },
                        {
                           "itemCount" : 100,
                           "itemRefId" : "item_goldMedal"
                        },
                        {
                           "itemCount" : 1,
                           "itemRefId" : "item_qianghuajuan_9"
                        }
                     ],
                     "proffessionRefId" : 5
                  },
                  {
                     "bindStatus" : 1,
                     "itemList" : [
                        {
                           "itemCount" : 1,
                           "itemRefId" : "equip_120_43300"
                        },
                        {
                           "itemCount" : 100,
                           "itemRefId" : "item_goldMedal"
                        },
                        {
                           "itemCount" : 1,
                           "itemRefId" : "item_qianghuajuan_9"
                        }
                     ],
                     "proffessionRefId" : 6
                  }
               ],
               "relatedType" : 1
            }
         }
      },
      "rankType" : 12,
      "refId" : "limitTimeRank_12_3"
   },
   "limitTimeRank_12_4" : {
      "rankInterval" : "4-10",
      "rankReward" : {
         "rankReward" : {
            "itemReward" : {
               "itemList" : [
                  {
                     "bindStatus" : 1,
                     "itemCount" : 1,
                     "itemRefId" : "item_qianghuajuan_8"
                  },
                  {
                     "bindStatus" : 1,
                     "itemCount" : 50,
                     "itemRefId" : "item_goldMedal"
                  }
               ],
               "relatedType" : 0
            }
         }
      },
      "rankType" : 12,
      "refId" : "limitTimeRank_12_4"
   },
   "limitTimeRank_12_5" : {
      "rankInterval" : "11-20",
      "rankReward" : {
         "rankReward" : {
            "itemReward" : {
               "itemList" : [
                  {
                     "bindStatus" : 1,
                     "itemCount" : 30,
                     "itemRefId" : "item_goldMedal"
                  }
               ],
               "relatedType" : 0
            }
         }
      },
      "rankType" : 12,
      "refId" : "limitTimeRank_12_5"
   },
   "limitTimeRank_1_1" : {
      "rankInterval" : "1-1",
      "rankReward" : {
         "rankReward" : {
            "itemReward" : {
               "itemList" : [
                  {
                     "bindStatus" : 1,
                     "itemCount" : 10,
                     "itemRefId" : "item_suipian"
                  },
                  {
                     "bindStatus" : 1,
                     "itemCount" : 150,
                     "itemRefId" : "item_goldMedal"
                  },
                  {
                     "bindStatus" : 1,
                     "itemCount" : 1,
                     "itemRefId" : "item_superluck"
                  }
               ],
               "relatedType" : 0
            },
            "propertyReward" : {
               "unbindedGold" : 30000
            }
         }
      },
      "rankType" : 1,
      "refId" : "limitTimeRank_1_1"
   },
   "limitTimeRank_1_2" : {
      "rankInterval" : "2-2",
      "rankReward" : {
         "rankReward" : {
            "itemReward" : {
               "itemList" : [
                  {
                     "bindStatus" : 1,
                     "itemCount" : 10,
                     "itemRefId" : "item_suipian_9"
                  },
                  {
                     "bindStatus" : 1,
                     "itemCount" : 200,
                     "itemRefId" : "item_silverMedal"
                  },
                  {
                     "bindStatus" : 1,
                     "itemCount" : 1,
                     "itemRefId" : "item_superluck"
                  }
               ],
               "relatedType" : 0
            },
            "propertyReward" : {
               "unbindedGold" : 18000
            }
         }
      },
      "rankType" : 1,
      "refId" : "limitTimeRank_1_2"
   },
   "limitTimeRank_1_3" : {
      "rankInterval" : "3-3",
      "rankReward" : {
         "rankReward" : {
            "itemReward" : {
               "itemList" : [
                  {
                     "bindStatus" : 1,
                     "itemCount" : 10,
                     "itemRefId" : "item_suipian_8"
                  },
                  {
                     "bindStatus" : 1,
                     "itemCount" : 90,
                     "itemRefId" : "item_copperMedal"
                  },
                  {
                     "bindStatus" : 1,
                     "itemCount" : 1,
                     "itemRefId" : "item_superluck"
                  }
               ],
               "relatedType" : 0
            },
            "propertyReward" : {
               "unbindedGold" : 6000
            }
         }
      },
      "rankType" : 1,
      "refId" : "limitTimeRank_1_3"
   },
   "limitTimeRank_1_4" : {
      "rankInterval" : "4-10",
      "rankReward" : {
         "rankReward" : {
            "itemReward" : {
               "itemList" : [
                  {
                     "bindStatus" : 1,
                     "itemCount" : 30,
                     "itemRefId" : "item_templetickets"
                  }
               ],
               "relatedType" : 0
            },
            "propertyReward" : {
               "unbindedGold" : 3000
            }
         }
      },
      "rankType" : 1,
      "refId" : "limitTimeRank_1_4"
   },
   "limitTimeRank_1_5" : {
      "rankInterval" : "11-20",
      "rankReward" : {
         "rankReward" : {
            "itemReward" : {
               "itemList" : [
                  {
                     "bindStatus" : 1,
                     "itemCount" : 10,
                     "itemRefId" : "item_templetickets"
                  }
               ],
               "relatedType" : 0
            },
            "propertyReward" : {
               "unbindedGold" : 600
            }
         }
      },
      "rankType" : 1,
      "refId" : "limitTimeRank_1_5"
   },
   "limitTimeRank_2_1" : {
      "rankInterval" : "1-1",
      "rankReward" : {
         "rankReward" : {
            "itemReward" : {
               "itemList" : [
                  {
                     "bindStatus" : 1,
                     "itemCount" : 10,
                     "itemRefId" : "item_suipian"
                  },
                  {
                     "bindStatus" : 1,
                     "itemCount" : 1000,
                     "itemRefId" : "item_chibangExp"
                  },
                  {
                     "bindStatus" : 1,
                     "itemCount" : 99,
                     "itemRefId" : "item_duihuanquan_2"
                  }
               ],
               "relatedType" : 0
            },
            "propertyReward" : {
               "unbindedGold" : 12000
            }
         }
      },
      "rankType" : 2,
      "refId" : "limitTimeRank_2_1"
   },
   "limitTimeRank_2_2" : {
      "rankInterval" : "2-2",
      "rankReward" : {
         "rankReward" : {
            "itemReward" : {
               "itemList" : [
                  {
                     "bindStatus" : 1,
                     "itemCount" : 10,
                     "itemRefId" : "item_suipian_9"
                  },
                  {
                     "bindStatus" : 1,
                     "itemCount" : 600,
                     "itemRefId" : "item_chibangExp"
                  },
                  {
                     "bindStatus" : 1,
                     "itemCount" : 69,
                     "itemRefId" : "item_duihuanquan_2"
                  }
               ],
               "relatedType" : 0
            },
            "propertyReward" : {
               "unbindedGold" : 6000
            }
         }
      },
      "rankType" : 2,
      "refId" : "limitTimeRank_2_2"
   },
   "limitTimeRank_2_3" : {
      "rankInterval" : "3-3",
      "rankReward" : {
         "rankReward" : {
            "itemReward" : {
               "itemList" : [
                  {
                     "bindStatus" : 1,
                     "itemCount" : 10,
                     "itemRefId" : "item_suipian_8"
                  },
                  {
                     "bindStatus" : 1,
                     "itemCount" : 300,
                     "itemRefId" : "item_chibangExp"
                  },
                  {
                     "bindStatus" : 1,
                     "itemCount" : 49,
                     "itemRefId" : "item_duihuanquan_2"
                  }
               ],
               "relatedType" : 0
            },
            "propertyReward" : {
               "unbindedGold" : 3000
            }
         }
      },
      "rankType" : 2,
      "refId" : "limitTimeRank_2_3"
   },
   "limitTimeRank_2_4" : {
      "rankInterval" : "4-10",
      "rankReward" : {
         "rankReward" : {
            "itemReward" : {
               "itemList" : [
                  {
                     "bindStatus" : 1,
                     "itemCount" : 30,
                     "itemRefId" : "item_templetickets"
                  }
               ],
               "relatedType" : 0
            },
            "propertyReward" : {
               "unbindedGold" : 1800
            }
         }
      },
      "rankType" : 2,
      "refId" : "limitTimeRank_2_4"
   },
   "limitTimeRank_2_5" : {
      "rankInterval" : "11-20",
      "rankReward" : {
         "rankReward" : {
            "itemReward" : {
               "itemList" : [
                  {
                     "bindStatus" : 1,
                     "itemCount" : 10,
                     "itemRefId" : "item_templetickets"
                  }
               ],
               "relatedType" : 0
            },
            "propertyReward" : {
               "unbindedGold" : 180
            }
         }
      },
      "rankType" : 2,
      "refId" : "limitTimeRank_2_5"
   },
   "limitTimeRank_3_1" : {
      "rankInterval" : "1-1",
      "rankReward" : {
         "rankReward" : {
            "itemReward" : {
               "itemList" : [
                  {
                     "bindStatus" : 1,
                     "itemCount" : 20,
                     "itemRefId" : "item_goldMedal"
                  },
                  {
                     "bindStatus" : 1,
                     "itemCount" : 200,
                     "itemRefId" : "item_qianghuashi"
                  }
               ],
               "relatedType" : 0
            },
            "propertyReward" : {
               "unbindedGold" : 6000
            }
         }
      },
      "rankType" : 3,
      "refId" : "limitTimeRank_3_1"
   },
   "limitTimeRank_3_2" : {
      "rankInterval" : "2-2",
      "rankReward" : {
         "rankReward" : {
            "itemReward" : {
               "itemList" : [
                  {
                     "bindStatus" : 1,
                     "itemCount" : 20,
                     "itemRefId" : "item_silverMedal"
                  },
                  {
                     "bindStatus" : 1,
                     "itemCount" : 200,
                     "itemRefId" : "item_qianghuashi"
                  }
               ],
               "relatedType" : 0
            },
            "propertyReward" : {
               "unbindedGold" : 3000
            }
         }
      },
      "rankType" : 3,
      "refId" : "limitTimeRank_3_2"
   },
   "limitTimeRank_3_3" : {
      "rankInterval" : "3-3",
      "rankReward" : {
         "rankReward" : {
            "itemReward" : {
               "itemList" : [
                  {
                     "bindStatus" : 1,
                     "itemCount" : 10,
                     "itemRefId" : "item_silverMedal"
                  },
                  {
                     "bindStatus" : 1,
                     "itemCount" : 200,
                     "itemRefId" : "item_qianghuashi"
                  }
               ],
               "relatedType" : 0
            },
            "propertyReward" : {
               "unbindedGold" : 1200
            }
         }
      },
      "rankType" : 3,
      "refId" : "limitTimeRank_3_3"
   },
   "limitTimeRank_3_4" : {
      "rankInterval" : "4-10",
      "rankReward" : {
         "rankReward" : {
            "itemReward" : {
               "itemList" : [
                  {
                     "bindStatus" : 1,
                     "itemCount" : 100,
                     "itemRefId" : "item_qianghuashi"
                  }
               ],
               "relatedType" : 0
            },
            "propertyReward" : {
               "unbindedGold" : 600
            }
         }
      },
      "rankType" : 3,
      "refId" : "limitTimeRank_3_4"
   },
   "limitTimeRank_3_5" : {
      "rankInterval" : "11-20",
      "rankReward" : {
         "rankReward" : {
            "itemReward" : {
               "itemList" : [
                  {
                     "bindStatus" : 1,
                     "itemCount" : 100,
                     "itemRefId" : "item_qianghuashi"
                  }
               ],
               "relatedType" : 0
            },
            "propertyReward" : {
               "unbindedGold" : 300
            }
         }
      },
      "rankType" : 3,
      "refId" : "limitTimeRank_3_5"
   },
   "limitTimeRank_4_1" : {
      "rankInterval" : "1-1",
      "rankReward" : {
         "rankReward" : {
            "itemReward" : {
               "itemList" : [
                  {
                     "bindStatus" : 1,
                     "itemCount" : 20,
                     "itemRefId" : "item_goldMedal"
                  },
                  {
                     "bindStatus" : 1,
                     "itemCount" : 200,
                     "itemRefId" : "item_qianghuashi"
                  }
               ],
               "relatedType" : 0
            },
            "propertyReward" : {
               "unbindedGold" : 6000
            }
         }
      },
      "rankType" : 4,
      "refId" : "limitTimeRank_4_1"
   },
   "limitTimeRank_4_2" : {
      "rankInterval" : "2-2",
      "rankReward" : {
         "rankReward" : {
            "itemReward" : {
               "itemList" : [
                  {
                     "bindStatus" : 1,
                     "itemCount" : 20,
                     "itemRefId" : "item_silverMedal"
                  },
                  {
                     "bindStatus" : 1,
                     "itemCount" : 200,
                     "itemRefId" : "item_qianghuashi"
                  }
               ],
               "relatedType" : 0
            },
            "propertyReward" : {
               "unbindedGold" : 3000
            }
         }
      },
      "rankType" : 4,
      "refId" : "limitTimeRank_4_2"
   },
   "limitTimeRank_4_3" : {
      "rankInterval" : "3-3",
      "rankReward" : {
         "rankReward" : {
            "itemReward" : {
               "itemList" : [
                  {
                     "bindStatus" : 1,
                     "itemCount" : 10,
                     "itemRefId" : "item_silverMedal"
                  },
                  {
                     "bindStatus" : 1,
                     "itemCount" : 200,
                     "itemRefId" : "item_qianghuashi"
                  }
               ],
               "relatedType" : 0
            },
            "propertyReward" : {
               "unbindedGold" : 1200
            }
         }
      },
      "rankType" : 4,
      "refId" : "limitTimeRank_4_3"
   },
   "limitTimeRank_4_4" : {
      "rankInterval" : "4-10",
      "rankReward" : {
         "rankReward" : {
            "itemReward" : {
               "itemList" : [
                  {
                     "bindStatus" : 1,
                     "itemCount" : 100,
                     "itemRefId" : "item_qianghuashi"
                  }
               ],
               "relatedType" : 0
            },
            "propertyReward" : {
               "unbindedGold" : 600
            }
         }
      },
      "rankType" : 4,
      "refId" : "limitTimeRank_4_4"
   },
   "limitTimeRank_4_5" : {
      "rankInterval" : "11-20",
      "rankReward" : {
         "rankReward" : {
            "itemReward" : {
               "itemList" : [
                  {
                     "bindStatus" : 1,
                     "itemCount" : 100,
                     "itemRefId" : "item_qianghuashi"
                  }
               ],
               "relatedType" : 0
            },
            "propertyReward" : {
               "unbindedGold" : 300
            }
         }
      },
      "rankType" : 4,
      "refId" : "limitTimeRank_4_5"
   },
   "limitTimeRank_5_1" : {
      "rankInterval" : "1-1",
      "rankReward" : {
         "rankReward" : {
            "itemReward" : {
               "itemList" : [
                  {
                     "bindStatus" : 1,
                     "itemCount" : 10,
                     "itemRefId" : "item_suipian"
                  },
                  {
                     "bindStatus" : 1,
                     "itemCount" : 3000,
                     "itemRefId" : "item_zhenmoling_1"
                  },
                  {
                     "bindStatus" : 1,
                     "itemCount" : 1000,
                     "itemRefId" : "item_zuoqiExp"
                  }
               ],
               "relatedType" : 0
            },
            "propertyReward" : {
               "unbindedGold" : 18000
            }
         }
      },
      "rankType" : 5,
      "refId" : "limitTimeRank_5_1"
   },
   "limitTimeRank_5_2" : {
      "rankInterval" : "2-2",
      "rankReward" : {
         "rankReward" : {
            "itemReward" : {
               "itemList" : [
                  {
                     "bindStatus" : 1,
                     "itemCount" : 10,
                     "itemRefId" : "item_suipian_9"
                  },
                  {
                     "bindStatus" : 1,
                     "itemCount" : 2000,
                     "itemRefId" : "item_zhenmoling_1"
                  },
                  {
                     "bindStatus" : 1,
                     "itemCount" : 800,
                     "itemRefId" : "item_zuoqiExp"
                  }
               ],
               "relatedType" : 0
            },
            "propertyReward" : {
               "unbindedGold" : 6000
            }
         }
      },
      "rankType" : 5,
      "refId" : "limitTimeRank_5_2"
   },
   "limitTimeRank_5_3" : {
      "rankInterval" : "3-3",
      "rankReward" : {
         "rankReward" : {
            "itemReward" : {
               "itemList" : [
                  {
                     "bindStatus" : 1,
                     "itemCount" : 10,
                     "itemRefId" : "item_suipian_8"
                  },
                  {
                     "bindStatus" : 1,
                     "itemCount" : 1000,
                     "itemRefId" : "item_zhenmoling_1"
                  },
                  {
                     "bindStatus" : 1,
                     "itemCount" : 300,
                     "itemRefId" : "item_zuoqiExp"
                  }
               ],
               "relatedType" : 0
            },
            "propertyReward" : {
               "unbindedGold" : 4800
            }
         }
      },
      "rankType" : 5,
      "refId" : "limitTimeRank_5_3"
   },
   "limitTimeRank_5_4" : {
      "rankInterval" : "4-10",
      "rankReward" : {
         "rankReward" : {
            "itemReward" : {
               "itemList" : [
                  {
                     "bindStatus" : 1,
                     "itemCount" : 30,
                     "itemRefId" : "item_templetickets"
                  }
               ],
               "relatedType" : 0
            },
            "propertyReward" : {
               "unbindedGold" : 2400
            }
         }
      },
      "rankType" : 5,
      "refId" : "limitTimeRank_5_4"
   },
   "limitTimeRank_5_5" : {
      "rankInterval" : "11-20",
      "rankReward" : {
         "rankReward" : {
            "itemReward" : {
               "itemList" : [
                  {
                     "bindStatus" : 1,
                     "itemCount" : 10,
                     "itemRefId" : "item_templetickets"
                  }
               ],
               "relatedType" : 0
            },
            "propertyReward" : {
               "unbindedGold" : 300
            }
         }
      },
      "rankType" : 5,
      "refId" : "limitTimeRank_5_5"
   },
   "limitTimeRank_6_1" : {
      "rankInterval" : "1-1",
      "rankReward" : {
         "rankReward" : {
            "itemReward" : {
               "itemList" : [
                  {
                     "bindStatus" : 1,
                     "itemCount" : 10,
                     "itemRefId" : "item_suipian"
                  },
                  {
                     "bindStatus" : 1,
                     "itemCount" : 400,
                     "itemRefId" : "item_ins"
                  },
                  {
                     "bindStatus" : 1,
                     "itemCount" : 1000,
                     "itemRefId" : "item_shenqiExp"
                  }
               ],
               "relatedType" : 0
            },
            "propertyReward" : {
               "unbindedGold" : 18000
            }
         }
      },
      "rankType" : 6,
      "refId" : "limitTimeRank_6_1"
   },
   "limitTimeRank_6_2" : {
      "rankInterval" : "2-2",
      "rankReward" : {
         "rankReward" : {
            "itemReward" : {
               "itemList" : [
                  {
                     "bindStatus" : 1,
                     "itemCount" : 10,
                     "itemRefId" : "item_suipian_9"
                  },
                  {
                     "bindStatus" : 1,
                     "itemCount" : 300,
                     "itemRefId" : "item_ins"
                  },
                  {
                     "bindStatus" : 1,
                     "itemCount" : 800,
                     "itemRefId" : "item_shenqiExp"
                  }
               ],
               "relatedType" : 0
            },
            "propertyReward" : {
               "unbindedGold" : 6000
            }
         }
      },
      "rankType" : 6,
      "refId" : "limitTimeRank_6_2"
   },
   "limitTimeRank_6_3" : {
      "rankInterval" : "3-3",
      "rankReward" : {
         "rankReward" : {
            "itemReward" : {
               "itemList" : [
                  {
                     "bindStatus" : 1,
                     "itemCount" : 10,
                     "itemRefId" : "item_suipian_8"
                  },
                  {
                     "bindStatus" : 1,
                     "itemCount" : 200,
                     "itemRefId" : "item_ins"
                  },
                  {
                     "bindStatus" : 1,
                     "itemCount" : 400,
                     "itemRefId" : "item_shenqiExp"
                  }
               ],
               "relatedType" : 0
            },
            "propertyReward" : {
               "unbindedGold" : 4800
            }
         }
      },
      "rankType" : 6,
      "refId" : "limitTimeRank_6_3"
   },
   "limitTimeRank_6_4" : {
      "rankInterval" : "4-10",
      "rankReward" : {
         "rankReward" : {
            "itemReward" : {
               "itemList" : [
                  {
                     "bindStatus" : 1,
                     "itemCount" : 30,
                     "itemRefId" : "item_templetickets"
                  }
               ],
               "relatedType" : 0
            },
            "propertyReward" : {
               "unbindedGold" : 2400
            }
         }
      },
      "rankType" : 6,
      "refId" : "limitTimeRank_6_4"
   },
   "limitTimeRank_6_5" : {
      "rankInterval" : "11-20",
      "rankReward" : {
         "rankReward" : {
            "itemReward" : {
               "itemList" : [
                  {
                     "bindStatus" : 1,
                     "itemCount" : 10,
                     "itemRefId" : "item_templetickets"
                  }
               ],
               "relatedType" : 0
            },
            "propertyReward" : {
               "unbindedGold" : 300
            }
         }
      },
      "rankType" : 6,
      "refId" : "limitTimeRank_6_5"
   },
   "limitTimeRank_7_1" : {
      "rankInterval" : "1-1",
      "rankReward" : {
         "rankReward" : {
            "itemReward" : {
               "itemList" : [
                  {
                     "bindStatus" : 1,
                     "itemCount" : 20,
                     "itemRefId" : "item_goldMedal"
                  },
                  {
                     "bindStatus" : 1,
                     "itemCount" : 200,
                     "itemRefId" : "item_qianghuashi"
                  }
               ],
               "relatedType" : 0
            },
            "propertyReward" : {
               "unbindedGold" : 6000
            }
         }
      },
      "rankType" : 7,
      "refId" : "limitTimeRank_7_1"
   },
   "limitTimeRank_7_2" : {
      "rankInterval" : "2-2",
      "rankReward" : {
         "rankReward" : {
            "itemReward" : {
               "itemList" : [
                  {
                     "bindStatus" : 1,
                     "itemCount" : 20,
                     "itemRefId" : "item_silverMedal"
                  },
                  {
                     "bindStatus" : 1,
                     "itemCount" : 200,
                     "itemRefId" : "item_qianghuashi"
                  }
               ],
               "relatedType" : 0
            },
            "propertyReward" : {
               "unbindedGold" : 3000
            }
         }
      },
      "rankType" : 7,
      "refId" : "limitTimeRank_7_2"
   },
   "limitTimeRank_7_3" : {
      "rankInterval" : "3-3",
      "rankReward" : {
         "rankReward" : {
            "itemReward" : {
               "itemList" : [
                  {
                     "bindStatus" : 1,
                     "itemCount" : 10,
                     "itemRefId" : "item_silverMedal"
                  },
                  {
                     "bindStatus" : 1,
                     "itemCount" : 200,
                     "itemRefId" : "item_qianghuashi"
                  }
               ],
               "relatedType" : 0
            },
            "propertyReward" : {
               "unbindedGold" : 1200
            }
         }
      },
      "rankType" : 7,
      "refId" : "limitTimeRank_7_3"
   },
   "limitTimeRank_7_4" : {
      "rankInterval" : "4-10",
      "rankReward" : {
         "rankReward" : {
            "itemReward" : {
               "itemList" : [
                  {
                     "bindStatus" : 1,
                     "itemCount" : 100,
                     "itemRefId" : "item_qianghuashi"
                  }
               ],
               "relatedType" : 0
            },
            "propertyReward" : {
               "unbindedGold" : 600
            }
         }
      },
      "rankType" : 7,
      "refId" : "limitTimeRank_7_4"
   },
   "limitTimeRank_7_5" : {
      "rankInterval" : "11-20",
      "rankReward" : {
         "rankReward" : {
            "itemReward" : {
               "itemList" : [
                  {
                     "bindStatus" : 1,
                     "itemCount" : 100,
                     "itemRefId" : "item_qianghuashi"
                  }
               ],
               "relatedType" : 0
            },
            "propertyReward" : {
               "unbindedGold" : 300
            }
         }
      },
      "rankType" : 7,
      "refId" : "limitTimeRank_7_5"
   }
}

