{
   "monsterInvasionScroll_1" : {
      "property" : {
         "tips" : "你看不见我的兑换券！"
      },
      "range" : "1|30",
      "refId" : "monsterInvasionScroll_1",
      "stage" : 1
   },
   "monsterInvasionScroll_2" : {
      "property" : {
         "tips" : "有兑换券，抢他！"
      },
      "range" : "31|200",
      "refId" : "monsterInvasionScroll_2",
      "stage" : 2
   },
   "monsterInvasionScroll_3" : {
      "property" : {
         "tips" : "兑换券土豪！"
      },
      "range" : "201",
      "refId" : "monsterInvasionScroll_3",
      "stage" : 3
   }
}

