{
   "rankBeginEndTime_1" : {
      "beginTime" : "00:00:00",
      "endTime" : "72:00:00",
      "rankType" : 1,
      "refId" : "rankBeginEndTime_1"
   },
   "rankBeginEndTime_10" : {
      "beginTime" : "2016-01-27",
      "endTime" : "2016-02-01",
      "rankType" : 10,
      "refId" : "rankBeginEndTime_10"
   },
   "rankBeginEndTime_11" : {
      "beginTime" : "2016-01-27",
      "endTime" : "2016-02-01",
      "rankType" : 11,
      "refId" : "rankBeginEndTime_11"
   },
   "rankBeginEndTime_12" : {
      "beginTime" : "2016-01-27",
      "endTime" : "2016-02-01",
      "rankType" : 12,
      "refId" : "rankBeginEndTime_12"
   },
   "rankBeginEndTime_2" : {
      "beginTime" : "00:00:00",
      "endTime" : "72:00:00",
      "rankType" : 2,
      "refId" : "rankBeginEndTime_2"
   },
   "rankBeginEndTime_3" : {
      "beginTime" : "00:00:00",
      "endTime" : "49:00:00",
      "rankType" : 3,
      "refId" : "rankBeginEndTime_3"
   },
   "rankBeginEndTime_4" : {
      "beginTime" : "00:00:00",
      "endTime" : "49:00:00",
      "rankType" : 4,
      "refId" : "rankBeginEndTime_4"
   },
   "rankBeginEndTime_5" : {
      "beginTime" : "00:00:00",
      "endTime" : "96:00:00",
      "rankType" : 5,
      "refId" : "rankBeginEndTime_5"
   },
   "rankBeginEndTime_6" : {
      "beginTime" : "00:00:00",
      "endTime" : "96:00:00",
      "rankType" : 6,
      "refId" : "rankBeginEndTime_6"
   },
   "rankBeginEndTime_7" : {
      "beginTime" : "00:00:00",
      "endTime" : "49:00:00",
      "rankType" : 7,
      "refId" : "rankBeginEndTime_7"
   }
}

