{
   "secretShop_1" : {
      "configData" : {
         "secretShop_item_1" : {
            "priceData" : {
               "nowPriceData" : [
                  {
                     "number" : 250000,
                     "refId" : "unbindedGold"
                  }
               ],
               "originalPriceData" : [
                  {
                     "number" : 1888888,
                     "refId" : "unbindedGold"
                  }
               ]
            },
            "property" : {
               "bindStatus" : 0,
               "itemGroup" : 1,
               "itemId" : "item_equip_90_6100",
               "itemLimitNum" : 0
            },
            "refId" : "secretShop_item_1"
         },
         "secretShop_item_10" : {
            "priceData" : {
               "nowPriceData" : [
                  {
                     "number" : 250000,
                     "refId" : "unbindedGold"
                  }
               ],
               "originalPriceData" : [
                  {
                     "number" : 1888888,
                     "refId" : "unbindedGold"
                  }
               ]
            },
            "property" : {
               "bindStatus" : 0,
               "itemGroup" : 2,
               "itemId" : "item_equip_90_6200",
               "itemLimitNum" : 0
            },
            "refId" : "secretShop_item_10"
         },
         "secretShop_item_11" : {
            "priceData" : {
               "nowPriceData" : [
                  {
                     "number" : 250000,
                     "refId" : "unbindedGold"
                  }
               ],
               "originalPriceData" : [
                  {
                     "number" : 1888888,
                     "refId" : "unbindedGold"
                  }
               ]
            },
            "property" : {
               "bindStatus" : 0,
               "itemGroup" : 2,
               "itemId" : "item_equip_90_6300",
               "itemLimitNum" : 0
            },
            "refId" : "secretShop_item_11"
         },
         "secretShop_item_12" : {
            "priceData" : {
               "nowPriceData" : [
                  {
                     "number" : 12500,
                     "refId" : "unbindedGold"
                  }
               ],
               "originalPriceData" : [
                  {
                     "number" : 37500,
                     "refId" : "unbindedGold"
                  }
               ]
            },
            "property" : {
               "bindStatus" : 1,
               "itemGroup" : 2,
               "itemId" : "item_gift_secret_2",
               "itemLimitNum" : 10
            },
            "refId" : "secretShop_item_12"
         },
         "secretShop_item_13" : {
            "priceData" : {
               "nowPriceData" : [
                  {
                     "number" : 1166,
                     "refId" : "unbindedGold"
                  }
               ],
               "originalPriceData" : [
                  {
                     "number" : 13333,
                     "refId" : "unbindedGold"
                  }
               ]
            },
            "property" : {
               "bindStatus" : 1,
               "itemGroup" : 2,
               "itemId" : "item_gift_secret_3",
               "itemLimitNum" : 10
            },
            "refId" : "secretShop_item_13"
         },
         "secretShop_item_14" : {
            "priceData" : {
               "nowPriceData" : [
                  {
                     "number" : 5855,
                     "refId" : "unbindedGold"
                  }
               ],
               "originalPriceData" : [
                  {
                     "number" : 17776,
                     "refId" : "unbindedGold"
                  }
               ]
            },
            "property" : {
               "bindStatus" : 1,
               "itemGroup" : 2,
               "itemId" : "item_superluck",
               "itemLimitNum" : 1
            },
            "refId" : "secretShop_item_14"
         },
         "secretShop_item_15" : {
            "priceData" : {
               "nowPriceData" : [
                  {
                     "number" : 25,
                     "refId" : "unbindedGold"
                  }
               ],
               "originalPriceData" : [
                  {
                     "number" : 100,
                     "refId" : "unbindedGold"
                  }
               ]
            },
            "property" : {
               "bindStatus" : 1,
               "itemGroup" : 2,
               "itemId" : "item_shenqiExp",
               "itemLimitNum" : 2000
            },
            "refId" : "secretShop_item_15"
         },
         "secretShop_item_16" : {
            "priceData" : {
               "nowPriceData" : [
                  {
                     "number" : 28,
                     "refId" : "unbindedGold"
                  }
               ],
               "originalPriceData" : [
                  {
                     "number" : 100,
                     "refId" : "unbindedGold"
                  }
               ]
            },
            "property" : {
               "bindStatus" : 1,
               "itemGroup" : 2,
               "itemId" : "item_ins",
               "itemLimitNum" : 30
            },
            "refId" : "secretShop_item_16"
         },
         "secretShop_item_17" : {
            "priceData" : {
               "nowPriceData" : [
                  {
                     "number" : 250000,
                     "refId" : "unbindedGold"
                  }
               ],
               "originalPriceData" : [
                  {
                     "number" : 1888888,
                     "refId" : "unbindedGold"
                  }
               ]
            },
            "property" : {
               "bindStatus" : 0,
               "itemGroup" : 3,
               "itemId" : "item_equip_90_6100",
               "itemLimitNum" : 0
            },
            "refId" : "secretShop_item_17"
         },
         "secretShop_item_18" : {
            "priceData" : {
               "nowPriceData" : [
                  {
                     "number" : 250000,
                     "refId" : "unbindedGold"
                  }
               ],
               "originalPriceData" : [
                  {
                     "number" : 1888888,
                     "refId" : "unbindedGold"
                  }
               ]
            },
            "property" : {
               "bindStatus" : 0,
               "itemGroup" : 3,
               "itemId" : "item_equip_90_6200",
               "itemLimitNum" : 0
            },
            "refId" : "secretShop_item_18"
         },
         "secretShop_item_19" : {
            "priceData" : {
               "nowPriceData" : [
                  {
                     "number" : 250000,
                     "refId" : "unbindedGold"
                  }
               ],
               "originalPriceData" : [
                  {
                     "number" : 1888888,
                     "refId" : "unbindedGold"
                  }
               ]
            },
            "property" : {
               "bindStatus" : 0,
               "itemGroup" : 3,
               "itemId" : "item_equip_90_6300",
               "itemLimitNum" : 0
            },
            "refId" : "secretShop_item_19"
         },
         "secretShop_item_2" : {
            "priceData" : {
               "nowPriceData" : [
                  {
                     "number" : 250000,
                     "refId" : "unbindedGold"
                  }
               ],
               "originalPriceData" : [
                  {
                     "number" : 1888888,
                     "refId" : "unbindedGold"
                  }
               ]
            },
            "property" : {
               "bindStatus" : 0,
               "itemGroup" : 1,
               "itemId" : "item_equip_90_6200",
               "itemLimitNum" : 0
            },
            "refId" : "secretShop_item_2"
         },
         "secretShop_item_20" : {
            "priceData" : {
               "nowPriceData" : [
                  {
                     "number" : 12500,
                     "refId" : "unbindedGold"
                  }
               ],
               "originalPriceData" : [
                  {
                     "number" : 50000,
                     "refId" : "unbindedGold"
                  }
               ]
            },
            "property" : {
               "bindStatus" : 1,
               "itemGroup" : 3,
               "itemId" : "item_gift_secret_4",
               "itemLimitNum" : 10
            },
            "refId" : "secretShop_item_20"
         },
         "secretShop_item_21" : {
            "priceData" : {
               "nowPriceData" : [
                  {
                     "number" : 200,
                     "refId" : "unbindedGold"
                  }
               ],
               "originalPriceData" : [
                  {
                     "number" : 750,
                     "refId" : "unbindedGold"
                  }
               ]
            },
            "property" : {
               "bindStatus" : 1,
               "itemGroup" : 3,
               "itemId" : "item_lingpai_3",
               "itemLimitNum" : 50
            },
            "refId" : "secretShop_item_21"
         },
         "secretShop_item_22" : {
            "priceData" : {
               "nowPriceData" : [
                  {
                     "number" : 70,
                     "refId" : "unbindedGold"
                  }
               ],
               "originalPriceData" : [
                  {
                     "number" : 250,
                     "refId" : "unbindedGold"
                  }
               ]
            },
            "property" : {
               "bindStatus" : 1,
               "itemGroup" : 3,
               "itemId" : "item_moshi",
               "itemLimitNum" : 0
            },
            "refId" : "secretShop_item_22"
         },
         "secretShop_item_23" : {
            "priceData" : {
               "nowPriceData" : [
                  {
                     "number" : 6000,
                     "refId" : "unbindedGold"
                  }
               ],
               "originalPriceData" : [
                  {
                     "number" : 25000,
                     "refId" : "unbindedGold"
                  }
               ]
            },
            "property" : {
               "bindStatus" : 1,
               "itemGroup" : 3,
               "itemId" : "item_vip_3",
               "itemLimitNum" : 5
            },
            "refId" : "secretShop_item_23"
         },
         "secretShop_item_24" : {
            "priceData" : {
               "nowPriceData" : [
                  {
                     "number" : 200,
                     "refId" : "unbindedGold"
                  }
               ],
               "originalPriceData" : [
                  {
                     "number" : 750,
                     "refId" : "unbindedGold"
                  }
               ]
            },
            "property" : {
               "bindStatus" : 1,
               "itemGroup" : 3,
               "itemId" : "item_lingpai_1",
               "itemLimitNum" : 50
            },
            "refId" : "secretShop_item_24"
         },
         "secretShop_item_3" : {
            "priceData" : {
               "nowPriceData" : [
                  {
                     "number" : 250000,
                     "refId" : "unbindedGold"
                  }
               ],
               "originalPriceData" : [
                  {
                     "number" : 1888888,
                     "refId" : "unbindedGold"
                  }
               ]
            },
            "property" : {
               "bindStatus" : 0,
               "itemGroup" : 1,
               "itemId" : "item_equip_90_6300",
               "itemLimitNum" : 0
            },
            "refId" : "secretShop_item_3"
         },
         "secretShop_item_4" : {
            "priceData" : {
               "nowPriceData" : [
                  {
                     "number" : 12500,
                     "refId" : "unbindedGold"
                  }
               ],
               "originalPriceData" : [
                  {
                     "number" : 37500,
                     "refId" : "unbindedGold"
                  }
               ]
            },
            "property" : {
               "bindStatus" : 1,
               "itemGroup" : 1,
               "itemId" : "item_gift_secret_1",
               "itemLimitNum" : 10
            },
            "refId" : "secretShop_item_4"
         },
         "secretShop_item_5" : {
            "priceData" : {
               "nowPriceData" : [
                  {
                     "number" : 290,
                     "refId" : "unbindedGold"
                  }
               ],
               "originalPriceData" : [
                  {
                     "number" : 1000,
                     "refId" : "unbindedGold"
                  }
               ]
            },
            "property" : {
               "bindStatus" : 1,
               "itemGroup" : 1,
               "itemId" : "item_moxueshi_3",
               "itemLimitNum" : 10
            },
            "refId" : "secretShop_item_5"
         },
         "secretShop_item_6" : {
            "priceData" : {
               "nowPriceData" : [
                  {
                     "number" : 10,
                     "refId" : "unbindedGold"
                  }
               ],
               "originalPriceData" : [
                  {
                     "number" : 50,
                     "refId" : "unbindedGold"
                  }
               ]
            },
            "property" : {
               "bindStatus" : 1,
               "itemGroup" : 1,
               "itemId" : "item_zhenmoling_1",
               "itemLimitNum" : 0
            },
            "refId" : "secretShop_item_6"
         },
         "secretShop_item_7" : {
            "priceData" : {
               "nowPriceData" : [
                  {
                     "number" : 28,
                     "refId" : "unbindedGold"
                  }
               ],
               "originalPriceData" : [
                  {
                     "number" : 100,
                     "refId" : "unbindedGold"
                  }
               ]
            },
            "property" : {
               "bindStatus" : 1,
               "itemGroup" : 1,
               "itemId" : "item_ins",
               "itemLimitNum" : 0
            },
            "refId" : "secretShop_item_7"
         },
         "secretShop_item_8" : {
            "priceData" : {
               "nowPriceData" : [
                  {
                     "number" : 120,
                     "refId" : "unbindedGold"
                  }
               ],
               "originalPriceData" : [
                  {
                     "number" : 450,
                     "refId" : "unbindedGold"
                  }
               ]
            },
            "property" : {
               "bindStatus" : 1,
               "itemGroup" : 1,
               "itemId" : "item_lingpai_7",
               "itemLimitNum" : 5
            },
            "refId" : "secretShop_item_8"
         },
         "secretShop_item_9" : {
            "priceData" : {
               "nowPriceData" : [
                  {
                     "number" : 250000,
                     "refId" : "unbindedGold"
                  }
               ],
               "originalPriceData" : [
                  {
                     "number" : 1888888,
                     "refId" : "unbindedGold"
                  }
               ]
            },
            "property" : {
               "bindStatus" : 0,
               "itemGroup" : 2,
               "itemId" : "item_equip_90_6100",
               "itemLimitNum" : 0
            },
            "refId" : "secretShop_item_9"
         }
      },
      "property" : {
         "duration" : 72,
         "openTime" : "8:00:00&14:00:00&20:00:00"
      },
      "refId" : "secretShop_1"
   },
   "secretShop_2" : {
      "configData" : {
         "secretShop_item_1" : {
            "priceData" : {
               "nowPriceData" : [
                  {
                     "number" : 250000,
                     "refId" : "unbindedGold"
                  }
               ],
               "originalPriceData" : [
                  {
                     "number" : 1888888,
                     "refId" : "unbindedGold"
                  }
               ]
            },
            "property" : {
               "bindStatus" : 0,
               "itemGroup" : 1,
               "itemId" : "item_equip_90_6100",
               "itemLimitNum" : 0
            },
            "refId" : "secretShop_item_1"
         },
         "secretShop_item_10" : {
            "priceData" : {
               "nowPriceData" : [
                  {
                     "number" : 150000,
                     "refId" : "unbindedGold"
                  }
               ],
               "originalPriceData" : [
                  {
                     "number" : 999999,
                     "refId" : "unbindedGold"
                  }
               ]
            },
            "property" : {
               "bindStatus" : 1,
               "itemGroup" : 1,
               "itemId" : "item_120_43100",
               "itemLimitNum" : 1
            },
            "refId" : "secretShop_item_10"
         },
         "secretShop_item_11" : {
            "priceData" : {
               "nowPriceData" : [
                  {
                     "number" : 150000,
                     "refId" : "unbindedGold"
                  }
               ],
               "originalPriceData" : [
                  {
                     "number" : 999999,
                     "refId" : "unbindedGold"
                  }
               ]
            },
            "property" : {
               "bindStatus" : 1,
               "itemGroup" : 1,
               "itemId" : "item_120_43200",
               "itemLimitNum" : 1
            },
            "refId" : "secretShop_item_11"
         },
         "secretShop_item_12" : {
            "priceData" : {
               "nowPriceData" : [
                  {
                     "number" : 150000,
                     "refId" : "unbindedGold"
                  }
               ],
               "originalPriceData" : [
                  {
                     "number" : 999999,
                     "refId" : "unbindedGold"
                  }
               ]
            },
            "property" : {
               "bindStatus" : 1,
               "itemGroup" : 1,
               "itemId" : "item_120_43300",
               "itemLimitNum" : 1
            },
            "refId" : "secretShop_item_12"
         },
         "secretShop_item_13" : {
            "priceData" : {
               "nowPriceData" : [
                  {
                     "number" : 5000,
                     "refId" : "unbindedGold"
                  }
               ],
               "originalPriceData" : [
                  {
                     "number" : 200000,
                     "refId" : "unbindedGold"
                  }
               ]
            },
            "property" : {
               "bindStatus" : 0,
               "itemGroup" : 1,
               "itemId" : "item_box_120",
               "itemLimitNum" : 0
            },
            "refId" : "secretShop_item_13"
         },
         "secretShop_item_14" : {
            "priceData" : {
               "nowPriceData" : [
                  {
                     "number" : 250000,
                     "refId" : "unbindedGold"
                  }
               ],
               "originalPriceData" : [
                  {
                     "number" : 1888888,
                     "refId" : "unbindedGold"
                  }
               ]
            },
            "property" : {
               "bindStatus" : 0,
               "itemGroup" : 2,
               "itemId" : "item_equip_90_6100",
               "itemLimitNum" : 0
            },
            "refId" : "secretShop_item_14"
         },
         "secretShop_item_15" : {
            "priceData" : {
               "nowPriceData" : [
                  {
                     "number" : 250000,
                     "refId" : "unbindedGold"
                  }
               ],
               "originalPriceData" : [
                  {
                     "number" : 1888888,
                     "refId" : "unbindedGold"
                  }
               ]
            },
            "property" : {
               "bindStatus" : 0,
               "itemGroup" : 2,
               "itemId" : "item_equip_90_6101",
               "itemLimitNum" : 0
            },
            "refId" : "secretShop_item_15"
         },
         "secretShop_item_16" : {
            "priceData" : {
               "nowPriceData" : [
                  {
                     "number" : 250000,
                     "refId" : "unbindedGold"
                  }
               ],
               "originalPriceData" : [
                  {
                     "number" : 1888888,
                     "refId" : "unbindedGold"
                  }
               ]
            },
            "property" : {
               "bindStatus" : 0,
               "itemGroup" : 2,
               "itemId" : "item_equip_90_6200",
               "itemLimitNum" : 0
            },
            "refId" : "secretShop_item_16"
         },
         "secretShop_item_17" : {
            "priceData" : {
               "nowPriceData" : [
                  {
                     "number" : 250000,
                     "refId" : "unbindedGold"
                  }
               ],
               "originalPriceData" : [
                  {
                     "number" : 1888888,
                     "refId" : "unbindedGold"
                  }
               ]
            },
            "property" : {
               "bindStatus" : 0,
               "itemGroup" : 2,
               "itemId" : "item_equip_90_6201",
               "itemLimitNum" : 0
            },
            "refId" : "secretShop_item_17"
         },
         "secretShop_item_18" : {
            "priceData" : {
               "nowPriceData" : [
                  {
                     "number" : 250000,
                     "refId" : "unbindedGold"
                  }
               ],
               "originalPriceData" : [
                  {
                     "number" : 1888888,
                     "refId" : "unbindedGold"
                  }
               ]
            },
            "property" : {
               "bindStatus" : 0,
               "itemGroup" : 2,
               "itemId" : "item_equip_90_6300",
               "itemLimitNum" : 0
            },
            "refId" : "secretShop_item_18"
         },
         "secretShop_item_19" : {
            "priceData" : {
               "nowPriceData" : [
                  {
                     "number" : 250000,
                     "refId" : "unbindedGold"
                  }
               ],
               "originalPriceData" : [
                  {
                     "number" : 1888888,
                     "refId" : "unbindedGold"
                  }
               ]
            },
            "property" : {
               "bindStatus" : 0,
               "itemGroup" : 2,
               "itemId" : "item_equip_90_6301",
               "itemLimitNum" : 0
            },
            "refId" : "secretShop_item_19"
         },
         "secretShop_item_2" : {
            "priceData" : {
               "nowPriceData" : [
                  {
                     "number" : 250000,
                     "refId" : "unbindedGold"
                  }
               ],
               "originalPriceData" : [
                  {
                     "number" : 1888888,
                     "refId" : "unbindedGold"
                  }
               ]
            },
            "property" : {
               "bindStatus" : 0,
               "itemGroup" : 1,
               "itemId" : "item_equip_90_6101",
               "itemLimitNum" : 0
            },
            "refId" : "secretShop_item_2"
         },
         "secretShop_item_20" : {
            "priceData" : {
               "nowPriceData" : [
                  {
                     "number" : 12500,
                     "refId" : "unbindedGold"
                  }
               ],
               "originalPriceData" : [
                  {
                     "number" : 37500,
                     "refId" : "unbindedGold"
                  }
               ]
            },
            "property" : {
               "bindStatus" : 1,
               "itemGroup" : 2,
               "itemId" : "item_gift_secret_2",
               "itemLimitNum" : 10
            },
            "refId" : "secretShop_item_20"
         },
         "secretShop_item_21" : {
            "priceData" : {
               "nowPriceData" : [
                  {
                     "number" : 5855,
                     "refId" : "unbindedGold"
                  }
               ],
               "originalPriceData" : [
                  {
                     "number" : 17776,
                     "refId" : "unbindedGold"
                  }
               ]
            },
            "property" : {
               "bindStatus" : 1,
               "itemGroup" : 2,
               "itemId" : "item_superluck",
               "itemLimitNum" : 1
            },
            "refId" : "secretShop_item_21"
         },
         "secretShop_item_22" : {
            "priceData" : {
               "nowPriceData" : [
                  {
                     "number" : 70,
                     "refId" : "unbindedGold"
                  }
               ],
               "originalPriceData" : [
                  {
                     "number" : 250,
                     "refId" : "unbindedGold"
                  }
               ]
            },
            "property" : {
               "bindStatus" : 1,
               "itemGroup" : 2,
               "itemId" : "item_moshi",
               "itemLimitNum" : 0
            },
            "refId" : "secretShop_item_22"
         },
         "secretShop_item_23" : {
            "priceData" : {
               "nowPriceData" : [
                  {
                     "number" : 150000,
                     "refId" : "unbindedGold"
                  }
               ],
               "originalPriceData" : [
                  {
                     "number" : 999999,
                     "refId" : "unbindedGold"
                  }
               ]
            },
            "property" : {
               "bindStatus" : 1,
               "itemGroup" : 2,
               "itemId" : "item_120_44100",
               "itemLimitNum" : 1
            },
            "refId" : "secretShop_item_23"
         },
         "secretShop_item_24" : {
            "priceData" : {
               "nowPriceData" : [
                  {
                     "number" : 150000,
                     "refId" : "unbindedGold"
                  }
               ],
               "originalPriceData" : [
                  {
                     "number" : 999999,
                     "refId" : "unbindedGold"
                  }
               ]
            },
            "property" : {
               "bindStatus" : 1,
               "itemGroup" : 2,
               "itemId" : "item_120_44200",
               "itemLimitNum" : 1
            },
            "refId" : "secretShop_item_24"
         },
         "secretShop_item_25" : {
            "priceData" : {
               "nowPriceData" : [
                  {
                     "number" : 150000,
                     "refId" : "unbindedGold"
                  }
               ],
               "originalPriceData" : [
                  {
                     "number" : 999999,
                     "refId" : "unbindedGold"
                  }
               ]
            },
            "property" : {
               "bindStatus" : 1,
               "itemGroup" : 2,
               "itemId" : "item_120_44300",
               "itemLimitNum" : 1
            },
            "refId" : "secretShop_item_25"
         },
         "secretShop_item_26" : {
            "priceData" : {
               "nowPriceData" : [
                  {
                     "number" : 5000,
                     "refId" : "unbindedGold"
                  }
               ],
               "originalPriceData" : [
                  {
                     "number" : 200000,
                     "refId" : "unbindedGold"
                  }
               ]
            },
            "property" : {
               "bindStatus" : 0,
               "itemGroup" : 2,
               "itemId" : "item_box_120",
               "itemLimitNum" : 0
            },
            "refId" : "secretShop_item_26"
         },
         "secretShop_item_27" : {
            "priceData" : {
               "nowPriceData" : [
                  {
                     "number" : 250000,
                     "refId" : "unbindedGold"
                  }
               ],
               "originalPriceData" : [
                  {
                     "number" : 1888888,
                     "refId" : "unbindedGold"
                  }
               ]
            },
            "property" : {
               "bindStatus" : 0,
               "itemGroup" : 3,
               "itemId" : "item_equip_90_6100",
               "itemLimitNum" : 0
            },
            "refId" : "secretShop_item_27"
         },
         "secretShop_item_28" : {
            "priceData" : {
               "nowPriceData" : [
                  {
                     "number" : 250000,
                     "refId" : "unbindedGold"
                  }
               ],
               "originalPriceData" : [
                  {
                     "number" : 1888888,
                     "refId" : "unbindedGold"
                  }
               ]
            },
            "property" : {
               "bindStatus" : 0,
               "itemGroup" : 3,
               "itemId" : "item_equip_90_6101",
               "itemLimitNum" : 0
            },
            "refId" : "secretShop_item_28"
         },
         "secretShop_item_29" : {
            "priceData" : {
               "nowPriceData" : [
                  {
                     "number" : 250000,
                     "refId" : "unbindedGold"
                  }
               ],
               "originalPriceData" : [
                  {
                     "number" : 1888888,
                     "refId" : "unbindedGold"
                  }
               ]
            },
            "property" : {
               "bindStatus" : 0,
               "itemGroup" : 3,
               "itemId" : "item_equip_90_6200",
               "itemLimitNum" : 0
            },
            "refId" : "secretShop_item_29"
         },
         "secretShop_item_3" : {
            "priceData" : {
               "nowPriceData" : [
                  {
                     "number" : 250000,
                     "refId" : "unbindedGold"
                  }
               ],
               "originalPriceData" : [
                  {
                     "number" : 1888888,
                     "refId" : "unbindedGold"
                  }
               ]
            },
            "property" : {
               "bindStatus" : 0,
               "itemGroup" : 1,
               "itemId" : "item_equip_90_6200",
               "itemLimitNum" : 0
            },
            "refId" : "secretShop_item_3"
         },
         "secretShop_item_30" : {
            "priceData" : {
               "nowPriceData" : [
                  {
                     "number" : 250000,
                     "refId" : "unbindedGold"
                  }
               ],
               "originalPriceData" : [
                  {
                     "number" : 1888888,
                     "refId" : "unbindedGold"
                  }
               ]
            },
            "property" : {
               "bindStatus" : 0,
               "itemGroup" : 3,
               "itemId" : "item_equip_90_6201",
               "itemLimitNum" : 0
            },
            "refId" : "secretShop_item_30"
         },
         "secretShop_item_31" : {
            "priceData" : {
               "nowPriceData" : [
                  {
                     "number" : 250000,
                     "refId" : "unbindedGold"
                  }
               ],
               "originalPriceData" : [
                  {
                     "number" : 1888888,
                     "refId" : "unbindedGold"
                  }
               ]
            },
            "property" : {
               "bindStatus" : 0,
               "itemGroup" : 3,
               "itemId" : "item_equip_90_6300",
               "itemLimitNum" : 0
            },
            "refId" : "secretShop_item_31"
         },
         "secretShop_item_32" : {
            "priceData" : {
               "nowPriceData" : [
                  {
                     "number" : 250000,
                     "refId" : "unbindedGold"
                  }
               ],
               "originalPriceData" : [
                  {
                     "number" : 1888888,
                     "refId" : "unbindedGold"
                  }
               ]
            },
            "property" : {
               "bindStatus" : 0,
               "itemGroup" : 3,
               "itemId" : "item_equip_90_6301",
               "itemLimitNum" : 0
            },
            "refId" : "secretShop_item_32"
         },
         "secretShop_item_33" : {
            "priceData" : {
               "nowPriceData" : [
                  {
                     "number" : 12500,
                     "refId" : "unbindedGold"
                  }
               ],
               "originalPriceData" : [
                  {
                     "number" : 50000,
                     "refId" : "unbindedGold"
                  }
               ]
            },
            "property" : {
               "bindStatus" : 1,
               "itemGroup" : 3,
               "itemId" : "item_gift_secret_4",
               "itemLimitNum" : 10
            },
            "refId" : "secretShop_item_33"
         },
         "secretShop_item_34" : {
            "priceData" : {
               "nowPriceData" : [
                  {
                     "number" : 200,
                     "refId" : "unbindedGold"
                  }
               ],
               "originalPriceData" : [
                  {
                     "number" : 750,
                     "refId" : "unbindedGold"
                  }
               ]
            },
            "property" : {
               "bindStatus" : 1,
               "itemGroup" : 3,
               "itemId" : "item_lingpai_3",
               "itemLimitNum" : 50
            },
            "refId" : "secretShop_item_34"
         },
         "secretShop_item_35" : {
            "priceData" : {
               "nowPriceData" : [
                  {
                     "number" : 4000,
                     "refId" : "unbindedGold"
                  }
               ],
               "originalPriceData" : [
                  {
                     "number" : 15000,
                     "refId" : "unbindedGold"
                  }
               ]
            },
            "property" : {
               "bindStatus" : 1,
               "itemGroup" : 3,
               "itemId" : "item_lingpai_8",
               "itemLimitNum" : 5
            },
            "refId" : "secretShop_item_35"
         },
         "secretShop_item_36" : {
            "priceData" : {
               "nowPriceData" : [
                  {
                     "number" : 150000,
                     "refId" : "unbindedGold"
                  }
               ],
               "originalPriceData" : [
                  {
                     "number" : 999999,
                     "refId" : "unbindedGold"
                  }
               ]
            },
            "property" : {
               "bindStatus" : 1,
               "itemGroup" : 3,
               "itemId" : "item_120_45100",
               "itemLimitNum" : 1
            },
            "refId" : "secretShop_item_36"
         },
         "secretShop_item_37" : {
            "priceData" : {
               "nowPriceData" : [
                  {
                     "number" : 150000,
                     "refId" : "unbindedGold"
                  }
               ],
               "originalPriceData" : [
                  {
                     "number" : 999999,
                     "refId" : "unbindedGold"
                  }
               ]
            },
            "property" : {
               "bindStatus" : 1,
               "itemGroup" : 3,
               "itemId" : "item_120_45200",
               "itemLimitNum" : 1
            },
            "refId" : "secretShop_item_37"
         },
         "secretShop_item_38" : {
            "priceData" : {
               "nowPriceData" : [
                  {
                     "number" : 150000,
                     "refId" : "unbindedGold"
                  }
               ],
               "originalPriceData" : [
                  {
                     "number" : 999999,
                     "refId" : "unbindedGold"
                  }
               ]
            },
            "property" : {
               "bindStatus" : 1,
               "itemGroup" : 3,
               "itemId" : "item_120_45300",
               "itemLimitNum" : 1
            },
            "refId" : "secretShop_item_38"
         },
         "secretShop_item_39" : {
            "priceData" : {
               "nowPriceData" : [
                  {
                     "number" : 5000,
                     "refId" : "unbindedGold"
                  }
               ],
               "originalPriceData" : [
                  {
                     "number" : 200000,
                     "refId" : "unbindedGold"
                  }
               ]
            },
            "property" : {
               "bindStatus" : 0,
               "itemGroup" : 3,
               "itemId" : "item_box_120",
               "itemLimitNum" : 0
            },
            "refId" : "secretShop_item_39"
         },
         "secretShop_item_4" : {
            "priceData" : {
               "nowPriceData" : [
                  {
                     "number" : 250000,
                     "refId" : "unbindedGold"
                  }
               ],
               "originalPriceData" : [
                  {
                     "number" : 1888888,
                     "refId" : "unbindedGold"
                  }
               ]
            },
            "property" : {
               "bindStatus" : 0,
               "itemGroup" : 1,
               "itemId" : "item_equip_90_6201",
               "itemLimitNum" : 0
            },
            "refId" : "secretShop_item_4"
         },
         "secretShop_item_5" : {
            "priceData" : {
               "nowPriceData" : [
                  {
                     "number" : 250000,
                     "refId" : "unbindedGold"
                  }
               ],
               "originalPriceData" : [
                  {
                     "number" : 1888888,
                     "refId" : "unbindedGold"
                  }
               ]
            },
            "property" : {
               "bindStatus" : 0,
               "itemGroup" : 1,
               "itemId" : "item_equip_90_6300",
               "itemLimitNum" : 0
            },
            "refId" : "secretShop_item_5"
         },
         "secretShop_item_6" : {
            "priceData" : {
               "nowPriceData" : [
                  {
                     "number" : 250000,
                     "refId" : "unbindedGold"
                  }
               ],
               "originalPriceData" : [
                  {
                     "number" : 1888888,
                     "refId" : "unbindedGold"
                  }
               ]
            },
            "property" : {
               "bindStatus" : 0,
               "itemGroup" : 1,
               "itemId" : "item_equip_90_6301",
               "itemLimitNum" : 0
            },
            "refId" : "secretShop_item_6"
         },
         "secretShop_item_7" : {
            "priceData" : {
               "nowPriceData" : [
                  {
                     "number" : 12500,
                     "refId" : "unbindedGold"
                  }
               ],
               "originalPriceData" : [
                  {
                     "number" : 37500,
                     "refId" : "unbindedGold"
                  }
               ]
            },
            "property" : {
               "bindStatus" : 1,
               "itemGroup" : 1,
               "itemId" : "item_gift_secret_1",
               "itemLimitNum" : 10
            },
            "refId" : "secretShop_item_7"
         },
         "secretShop_item_8" : {
            "priceData" : {
               "nowPriceData" : [
                  {
                     "number" : 10,
                     "refId" : "unbindedGold"
                  }
               ],
               "originalPriceData" : [
                  {
                     "number" : 50,
                     "refId" : "unbindedGold"
                  }
               ]
            },
            "property" : {
               "bindStatus" : 1,
               "itemGroup" : 1,
               "itemId" : "item_zhenmoling_1",
               "itemLimitNum" : 0
            },
            "refId" : "secretShop_item_8"
         },
         "secretShop_item_9" : {
            "priceData" : {
               "nowPriceData" : [
                  {
                     "number" : 28,
                     "refId" : "unbindedGold"
                  }
               ],
               "originalPriceData" : [
                  {
                     "number" : 100,
                     "refId" : "unbindedGold"
                  }
               ]
            },
            "property" : {
               "bindStatus" : 1,
               "itemGroup" : 1,
               "itemId" : "item_ins",
               "itemLimitNum" : 0
            },
            "refId" : "secretShop_item_9"
         }
      },
      "property" : {
         "duration" : 72,
         "openTime" : "8:00:00&14:00:00&20:00:00"
      },
      "refId" : "secretShop_2"
   },
   "secretShop_3" : {
      "configData" : {
         "secretShop_item_1" : {
            "priceData" : {
               "nowPriceData" : [
                  {
                     "number" : 250000,
                     "refId" : "unbindedGold"
                  }
               ],
               "originalPriceData" : [
                  {
                     "number" : 1888888,
                     "refId" : "unbindedGold"
                  }
               ]
            },
            "property" : {
               "bindStatus" : 0,
               "itemGroup" : 1,
               "itemId" : "item_equip_90_6100",
               "itemLimitNum" : 0
            },
            "refId" : "secretShop_item_1"
         },
         "secretShop_item_10" : {
            "priceData" : {
               "nowPriceData" : [
                  {
                     "number" : 28000,
                     "refId" : "unbindedGold"
                  }
               ],
               "originalPriceData" : [
                  {
                     "number" : 60000,
                     "refId" : "unbindedGold"
                  }
               ]
            },
            "property" : {
               "bindStatus" : 1,
               "itemGroup" : 1,
               "itemId" : "item_skill_zs_50",
               "itemLimitNum" : 5
            },
            "refId" : "secretShop_item_10"
         },
         "secretShop_item_11" : {
            "priceData" : {
               "nowPriceData" : [
                  {
                     "number" : 28000,
                     "refId" : "unbindedGold"
                  }
               ],
               "originalPriceData" : [
                  {
                     "number" : 60000,
                     "refId" : "unbindedGold"
                  }
               ]
            },
            "property" : {
               "bindStatus" : 1,
               "itemGroup" : 1,
               "itemId" : "item_skill_fs_50",
               "itemLimitNum" : 5
            },
            "refId" : "secretShop_item_11"
         },
         "secretShop_item_12" : {
            "priceData" : {
               "nowPriceData" : [
                  {
                     "number" : 28000,
                     "refId" : "unbindedGold"
                  }
               ],
               "originalPriceData" : [
                  {
                     "number" : 60000,
                     "refId" : "unbindedGold"
                  }
               ]
            },
            "property" : {
               "bindStatus" : 1,
               "itemGroup" : 1,
               "itemId" : "item_skill_ds_50",
               "itemLimitNum" : 5
            },
            "refId" : "secretShop_item_12"
         },
         "secretShop_item_13" : {
            "priceData" : {
               "nowPriceData" : [
                  {
                     "number" : 5000,
                     "refId" : "unbindedGold"
                  }
               ],
               "originalPriceData" : [
                  {
                     "number" : 200000,
                     "refId" : "unbindedGold"
                  }
               ]
            },
            "property" : {
               "bindStatus" : 0,
               "itemGroup" : 1,
               "itemId" : "item_box_120",
               "itemLimitNum" : 0
            },
            "refId" : "secretShop_item_13"
         },
         "secretShop_item_14" : {
            "priceData" : {
               "nowPriceData" : [
                  {
                     "number" : 250000,
                     "refId" : "unbindedGold"
                  }
               ],
               "originalPriceData" : [
                  {
                     "number" : 1888888,
                     "refId" : "unbindedGold"
                  }
               ]
            },
            "property" : {
               "bindStatus" : 0,
               "itemGroup" : 2,
               "itemId" : "item_equip_90_6100",
               "itemLimitNum" : 0
            },
            "refId" : "secretShop_item_14"
         },
         "secretShop_item_15" : {
            "priceData" : {
               "nowPriceData" : [
                  {
                     "number" : 250000,
                     "refId" : "unbindedGold"
                  }
               ],
               "originalPriceData" : [
                  {
                     "number" : 1888888,
                     "refId" : "unbindedGold"
                  }
               ]
            },
            "property" : {
               "bindStatus" : 0,
               "itemGroup" : 2,
               "itemId" : "item_equip_90_6101",
               "itemLimitNum" : 0
            },
            "refId" : "secretShop_item_15"
         },
         "secretShop_item_16" : {
            "priceData" : {
               "nowPriceData" : [
                  {
                     "number" : 250000,
                     "refId" : "unbindedGold"
                  }
               ],
               "originalPriceData" : [
                  {
                     "number" : 1888888,
                     "refId" : "unbindedGold"
                  }
               ]
            },
            "property" : {
               "bindStatus" : 0,
               "itemGroup" : 2,
               "itemId" : "item_equip_90_6102",
               "itemLimitNum" : 0
            },
            "refId" : "secretShop_item_16"
         },
         "secretShop_item_17" : {
            "priceData" : {
               "nowPriceData" : [
                  {
                     "number" : 250000,
                     "refId" : "unbindedGold"
                  }
               ],
               "originalPriceData" : [
                  {
                     "number" : 1888888,
                     "refId" : "unbindedGold"
                  }
               ]
            },
            "property" : {
               "bindStatus" : 0,
               "itemGroup" : 2,
               "itemId" : "item_equip_90_6200",
               "itemLimitNum" : 0
            },
            "refId" : "secretShop_item_17"
         },
         "secretShop_item_18" : {
            "priceData" : {
               "nowPriceData" : [
                  {
                     "number" : 250000,
                     "refId" : "unbindedGold"
                  }
               ],
               "originalPriceData" : [
                  {
                     "number" : 1888888,
                     "refId" : "unbindedGold"
                  }
               ]
            },
            "property" : {
               "bindStatus" : 0,
               "itemGroup" : 2,
               "itemId" : "item_equip_90_6201",
               "itemLimitNum" : 0
            },
            "refId" : "secretShop_item_18"
         },
         "secretShop_item_19" : {
            "priceData" : {
               "nowPriceData" : [
                  {
                     "number" : 250000,
                     "refId" : "unbindedGold"
                  }
               ],
               "originalPriceData" : [
                  {
                     "number" : 1888888,
                     "refId" : "unbindedGold"
                  }
               ]
            },
            "property" : {
               "bindStatus" : 0,
               "itemGroup" : 2,
               "itemId" : "item_equip_90_6300",
               "itemLimitNum" : 0
            },
            "refId" : "secretShop_item_19"
         },
         "secretShop_item_2" : {
            "priceData" : {
               "nowPriceData" : [
                  {
                     "number" : 250000,
                     "refId" : "unbindedGold"
                  }
               ],
               "originalPriceData" : [
                  {
                     "number" : 1888888,
                     "refId" : "unbindedGold"
                  }
               ]
            },
            "property" : {
               "bindStatus" : 0,
               "itemGroup" : 1,
               "itemId" : "item_equip_90_6101",
               "itemLimitNum" : 0
            },
            "refId" : "secretShop_item_2"
         },
         "secretShop_item_20" : {
            "priceData" : {
               "nowPriceData" : [
                  {
                     "number" : 250000,
                     "refId" : "unbindedGold"
                  }
               ],
               "originalPriceData" : [
                  {
                     "number" : 1888888,
                     "refId" : "unbindedGold"
                  }
               ]
            },
            "property" : {
               "bindStatus" : 0,
               "itemGroup" : 2,
               "itemId" : "item_equip_90_6301",
               "itemLimitNum" : 0
            },
            "refId" : "secretShop_item_20"
         },
         "secretShop_item_21" : {
            "priceData" : {
               "nowPriceData" : [
                  {
                     "number" : 12500,
                     "refId" : "unbindedGold"
                  }
               ],
               "originalPriceData" : [
                  {
                     "number" : 37500,
                     "refId" : "unbindedGold"
                  }
               ]
            },
            "property" : {
               "bindStatus" : 1,
               "itemGroup" : 2,
               "itemId" : "item_gift_secret_2",
               "itemLimitNum" : 10
            },
            "refId" : "secretShop_item_21"
         },
         "secretShop_item_22" : {
            "priceData" : {
               "nowPriceData" : [
                  {
                     "number" : 28,
                     "refId" : "unbindedGold"
                  }
               ],
               "originalPriceData" : [
                  {
                     "number" : 100,
                     "refId" : "unbindedGold"
                  }
               ]
            },
            "property" : {
               "bindStatus" : 1,
               "itemGroup" : 2,
               "itemId" : "item_ins",
               "itemLimitNum" : 30
            },
            "refId" : "secretShop_item_22"
         },
         "secretShop_item_23" : {
            "priceData" : {
               "nowPriceData" : [
                  {
                     "number" : 50000,
                     "refId" : "unbindedGold"
                  }
               ],
               "originalPriceData" : [
                  {
                     "number" : 120000,
                     "refId" : "unbindedGold"
                  }
               ]
            },
            "property" : {
               "bindStatus" : 1,
               "itemGroup" : 2,
               "itemId" : "item_skill_zs_51",
               "itemLimitNum" : 5
            },
            "refId" : "secretShop_item_23"
         },
         "secretShop_item_24" : {
            "priceData" : {
               "nowPriceData" : [
                  {
                     "number" : 50000,
                     "refId" : "unbindedGold"
                  }
               ],
               "originalPriceData" : [
                  {
                     "number" : 120000,
                     "refId" : "unbindedGold"
                  }
               ]
            },
            "property" : {
               "bindStatus" : 1,
               "itemGroup" : 2,
               "itemId" : "item_skill_fs_51",
               "itemLimitNum" : 5
            },
            "refId" : "secretShop_item_24"
         },
         "secretShop_item_25" : {
            "priceData" : {
               "nowPriceData" : [
                  {
                     "number" : 50000,
                     "refId" : "unbindedGold"
                  }
               ],
               "originalPriceData" : [
                  {
                     "number" : 120000,
                     "refId" : "unbindedGold"
                  }
               ]
            },
            "property" : {
               "bindStatus" : 1,
               "itemGroup" : 2,
               "itemId" : "item_skill_ds_51",
               "itemLimitNum" : 5
            },
            "refId" : "secretShop_item_25"
         },
         "secretShop_item_26" : {
            "priceData" : {
               "nowPriceData" : [
                  {
                     "number" : 150000,
                     "refId" : "unbindedGold"
                  }
               ],
               "originalPriceData" : [
                  {
                     "number" : 999999,
                     "refId" : "unbindedGold"
                  }
               ]
            },
            "property" : {
               "bindStatus" : 1,
               "itemGroup" : 2,
               "itemId" : "item_120_47100",
               "itemLimitNum" : 5
            },
            "refId" : "secretShop_item_26"
         },
         "secretShop_item_27" : {
            "priceData" : {
               "nowPriceData" : [
                  {
                     "number" : 150000,
                     "refId" : "unbindedGold"
                  }
               ],
               "originalPriceData" : [
                  {
                     "number" : 999999,
                     "refId" : "unbindedGold"
                  }
               ]
            },
            "property" : {
               "bindStatus" : 1,
               "itemGroup" : 2,
               "itemId" : "item_120_47200",
               "itemLimitNum" : 5
            },
            "refId" : "secretShop_item_27"
         },
         "secretShop_item_28" : {
            "priceData" : {
               "nowPriceData" : [
                  {
                     "number" : 150000,
                     "refId" : "unbindedGold"
                  }
               ],
               "originalPriceData" : [
                  {
                     "number" : 999999,
                     "refId" : "unbindedGold"
                  }
               ]
            },
            "property" : {
               "bindStatus" : 1,
               "itemGroup" : 2,
               "itemId" : "item_120_47300",
               "itemLimitNum" : 5
            },
            "refId" : "secretShop_item_28"
         },
         "secretShop_item_29" : {
            "priceData" : {
               "nowPriceData" : [
                  {
                     "number" : 5000,
                     "refId" : "unbindedGold"
                  }
               ],
               "originalPriceData" : [
                  {
                     "number" : 200000,
                     "refId" : "unbindedGold"
                  }
               ]
            },
            "property" : {
               "bindStatus" : 0,
               "itemGroup" : 2,
               "itemId" : "item_box_120",
               "itemLimitNum" : 0
            },
            "refId" : "secretShop_item_29"
         },
         "secretShop_item_3" : {
            "priceData" : {
               "nowPriceData" : [
                  {
                     "number" : 250000,
                     "refId" : "unbindedGold"
                  }
               ],
               "originalPriceData" : [
                  {
                     "number" : 1888888,
                     "refId" : "unbindedGold"
                  }
               ]
            },
            "property" : {
               "bindStatus" : 0,
               "itemGroup" : 1,
               "itemId" : "item_equip_90_6102",
               "itemLimitNum" : 0
            },
            "refId" : "secretShop_item_3"
         },
         "secretShop_item_30" : {
            "priceData" : {
               "nowPriceData" : [
                  {
                     "number" : 250000,
                     "refId" : "unbindedGold"
                  }
               ],
               "originalPriceData" : [
                  {
                     "number" : 1888888,
                     "refId" : "unbindedGold"
                  }
               ]
            },
            "property" : {
               "bindStatus" : 0,
               "itemGroup" : 3,
               "itemId" : "item_equip_90_6100",
               "itemLimitNum" : 0
            },
            "refId" : "secretShop_item_30"
         },
         "secretShop_item_31" : {
            "priceData" : {
               "nowPriceData" : [
                  {
                     "number" : 250000,
                     "refId" : "unbindedGold"
                  }
               ],
               "originalPriceData" : [
                  {
                     "number" : 1888888,
                     "refId" : "unbindedGold"
                  }
               ]
            },
            "property" : {
               "bindStatus" : 0,
               "itemGroup" : 3,
               "itemId" : "item_equip_90_6101",
               "itemLimitNum" : 0
            },
            "refId" : "secretShop_item_31"
         },
         "secretShop_item_32" : {
            "priceData" : {
               "nowPriceData" : [
                  {
                     "number" : 250000,
                     "refId" : "unbindedGold"
                  }
               ],
               "originalPriceData" : [
                  {
                     "number" : 1888888,
                     "refId" : "unbindedGold"
                  }
               ]
            },
            "property" : {
               "bindStatus" : 0,
               "itemGroup" : 3,
               "itemId" : "item_equip_90_6102",
               "itemLimitNum" : 0
            },
            "refId" : "secretShop_item_32"
         },
         "secretShop_item_33" : {
            "priceData" : {
               "nowPriceData" : [
                  {
                     "number" : 250000,
                     "refId" : "unbindedGold"
                  }
               ],
               "originalPriceData" : [
                  {
                     "number" : 1888888,
                     "refId" : "unbindedGold"
                  }
               ]
            },
            "property" : {
               "bindStatus" : 0,
               "itemGroup" : 3,
               "itemId" : "item_equip_90_6200",
               "itemLimitNum" : 0
            },
            "refId" : "secretShop_item_33"
         },
         "secretShop_item_34" : {
            "priceData" : {
               "nowPriceData" : [
                  {
                     "number" : 250000,
                     "refId" : "unbindedGold"
                  }
               ],
               "originalPriceData" : [
                  {
                     "number" : 1888888,
                     "refId" : "unbindedGold"
                  }
               ]
            },
            "property" : {
               "bindStatus" : 0,
               "itemGroup" : 3,
               "itemId" : "item_equip_90_6201",
               "itemLimitNum" : 0
            },
            "refId" : "secretShop_item_34"
         },
         "secretShop_item_35" : {
            "priceData" : {
               "nowPriceData" : [
                  {
                     "number" : 250000,
                     "refId" : "unbindedGold"
                  }
               ],
               "originalPriceData" : [
                  {
                     "number" : 1888888,
                     "refId" : "unbindedGold"
                  }
               ]
            },
            "property" : {
               "bindStatus" : 0,
               "itemGroup" : 3,
               "itemId" : "item_equip_90_6300",
               "itemLimitNum" : 0
            },
            "refId" : "secretShop_item_35"
         },
         "secretShop_item_36" : {
            "priceData" : {
               "nowPriceData" : [
                  {
                     "number" : 250000,
                     "refId" : "unbindedGold"
                  }
               ],
               "originalPriceData" : [
                  {
                     "number" : 1888888,
                     "refId" : "unbindedGold"
                  }
               ]
            },
            "property" : {
               "bindStatus" : 0,
               "itemGroup" : 3,
               "itemId" : "item_equip_90_6301",
               "itemLimitNum" : 0
            },
            "refId" : "secretShop_item_36"
         },
         "secretShop_item_37" : {
            "priceData" : {
               "nowPriceData" : [
                  {
                     "number" : 12500,
                     "refId" : "unbindedGold"
                  }
               ],
               "originalPriceData" : [
                  {
                     "number" : 50000,
                     "refId" : "unbindedGold"
                  }
               ]
            },
            "property" : {
               "bindStatus" : 1,
               "itemGroup" : 3,
               "itemId" : "item_gift_secret_4",
               "itemLimitNum" : 10
            },
            "refId" : "secretShop_item_37"
         },
         "secretShop_item_38" : {
            "priceData" : {
               "nowPriceData" : [
                  {
                     "number" : 200,
                     "refId" : "unbindedGold"
                  }
               ],
               "originalPriceData" : [
                  {
                     "number" : 750,
                     "refId" : "unbindedGold"
                  }
               ]
            },
            "property" : {
               "bindStatus" : 1,
               "itemGroup" : 3,
               "itemId" : "item_lingpai_3",
               "itemLimitNum" : 50
            },
            "refId" : "secretShop_item_38"
         },
         "secretShop_item_39" : {
            "priceData" : {
               "nowPriceData" : [
                  {
                     "number" : 70,
                     "refId" : "unbindedGold"
                  }
               ],
               "originalPriceData" : [
                  {
                     "number" : 250,
                     "refId" : "unbindedGold"
                  }
               ]
            },
            "property" : {
               "bindStatus" : 1,
               "itemGroup" : 3,
               "itemId" : "item_moshi",
               "itemLimitNum" : 0
            },
            "refId" : "secretShop_item_39"
         },
         "secretShop_item_4" : {
            "priceData" : {
               "nowPriceData" : [
                  {
                     "number" : 250000,
                     "refId" : "unbindedGold"
                  }
               ],
               "originalPriceData" : [
                  {
                     "number" : 1888888,
                     "refId" : "unbindedGold"
                  }
               ]
            },
            "property" : {
               "bindStatus" : 0,
               "itemGroup" : 1,
               "itemId" : "item_equip_90_6200",
               "itemLimitNum" : 0
            },
            "refId" : "secretShop_item_4"
         },
         "secretShop_item_40" : {
            "priceData" : {
               "nowPriceData" : [
                  {
                     "number" : 88888,
                     "refId" : "unbindedGold"
                  }
               ],
               "originalPriceData" : [
                  {
                     "number" : 250000,
                     "refId" : "unbindedGold"
                  }
               ]
            },
            "property" : {
               "bindStatus" : 1,
               "itemGroup" : 3,
               "itemId" : "item_skill_zs_52",
               "itemLimitNum" : 5
            },
            "refId" : "secretShop_item_40"
         },
         "secretShop_item_41" : {
            "priceData" : {
               "nowPriceData" : [
                  {
                     "number" : 88888,
                     "refId" : "unbindedGold"
                  }
               ],
               "originalPriceData" : [
                  {
                     "number" : 250000,
                     "refId" : "unbindedGold"
                  }
               ]
            },
            "property" : {
               "bindStatus" : 1,
               "itemGroup" : 3,
               "itemId" : "item_skill_fs_52",
               "itemLimitNum" : 5
            },
            "refId" : "secretShop_item_41"
         },
         "secretShop_item_42" : {
            "priceData" : {
               "nowPriceData" : [
                  {
                     "number" : 88888,
                     "refId" : "unbindedGold"
                  }
               ],
               "originalPriceData" : [
                  {
                     "number" : 250000,
                     "refId" : "unbindedGold"
                  }
               ]
            },
            "property" : {
               "bindStatus" : 1,
               "itemGroup" : 3,
               "itemId" : "item_skill_ds_52",
               "itemLimitNum" : 5
            },
            "refId" : "secretShop_item_42"
         },
         "secretShop_item_43" : {
            "priceData" : {
               "nowPriceData" : [
                  {
                     "number" : 150000,
                     "refId" : "unbindedGold"
                  }
               ],
               "originalPriceData" : [
                  {
                     "number" : 999999,
                     "refId" : "unbindedGold"
                  }
               ]
            },
            "property" : {
               "bindStatus" : 1,
               "itemGroup" : 3,
               "itemId" : "item_120_48100",
               "itemLimitNum" : 5
            },
            "refId" : "secretShop_item_43"
         },
         "secretShop_item_44" : {
            "priceData" : {
               "nowPriceData" : [
                  {
                     "number" : 150000,
                     "refId" : "unbindedGold"
                  }
               ],
               "originalPriceData" : [
                  {
                     "number" : 999999,
                     "refId" : "unbindedGold"
                  }
               ]
            },
            "property" : {
               "bindStatus" : 1,
               "itemGroup" : 3,
               "itemId" : "item_120_48200",
               "itemLimitNum" : 5
            },
            "refId" : "secretShop_item_44"
         },
         "secretShop_item_45" : {
            "priceData" : {
               "nowPriceData" : [
                  {
                     "number" : 150000,
                     "refId" : "unbindedGold"
                  }
               ],
               "originalPriceData" : [
                  {
                     "number" : 999999,
                     "refId" : "unbindedGold"
                  }
               ]
            },
            "property" : {
               "bindStatus" : 1,
               "itemGroup" : 3,
               "itemId" : "item_120_48300",
               "itemLimitNum" : 5
            },
            "refId" : "secretShop_item_45"
         },
         "secretShop_item_46" : {
            "priceData" : {
               "nowPriceData" : [
                  {
                     "number" : 5000,
                     "refId" : "unbindedGold"
                  }
               ],
               "originalPriceData" : [
                  {
                     "number" : 200000,
                     "refId" : "unbindedGold"
                  }
               ]
            },
            "property" : {
               "bindStatus" : 0,
               "itemGroup" : 3,
               "itemId" : "item_box_120",
               "itemLimitNum" : 0
            },
            "refId" : "secretShop_item_46"
         },
         "secretShop_item_5" : {
            "priceData" : {
               "nowPriceData" : [
                  {
                     "number" : 250000,
                     "refId" : "unbindedGold"
                  }
               ],
               "originalPriceData" : [
                  {
                     "number" : 1888888,
                     "refId" : "unbindedGold"
                  }
               ]
            },
            "property" : {
               "bindStatus" : 0,
               "itemGroup" : 1,
               "itemId" : "item_equip_90_6201",
               "itemLimitNum" : 0
            },
            "refId" : "secretShop_item_5"
         },
         "secretShop_item_6" : {
            "priceData" : {
               "nowPriceData" : [
                  {
                     "number" : 250000,
                     "refId" : "unbindedGold"
                  }
               ],
               "originalPriceData" : [
                  {
                     "number" : 1888888,
                     "refId" : "unbindedGold"
                  }
               ]
            },
            "property" : {
               "bindStatus" : 0,
               "itemGroup" : 1,
               "itemId" : "item_equip_90_6300",
               "itemLimitNum" : 0
            },
            "refId" : "secretShop_item_6"
         },
         "secretShop_item_7" : {
            "priceData" : {
               "nowPriceData" : [
                  {
                     "number" : 250000,
                     "refId" : "unbindedGold"
                  }
               ],
               "originalPriceData" : [
                  {
                     "number" : 1888888,
                     "refId" : "unbindedGold"
                  }
               ]
            },
            "property" : {
               "bindStatus" : 0,
               "itemGroup" : 1,
               "itemId" : "item_equip_90_6301",
               "itemLimitNum" : 0
            },
            "refId" : "secretShop_item_7"
         },
         "secretShop_item_8" : {
            "priceData" : {
               "nowPriceData" : [
                  {
                     "number" : 12500,
                     "refId" : "unbindedGold"
                  }
               ],
               "originalPriceData" : [
                  {
                     "number" : 37500,
                     "refId" : "unbindedGold"
                  }
               ]
            },
            "property" : {
               "bindStatus" : 1,
               "itemGroup" : 1,
               "itemId" : "item_gift_secret_1",
               "itemLimitNum" : 10
            },
            "refId" : "secretShop_item_8"
         },
         "secretShop_item_9" : {
            "priceData" : {
               "nowPriceData" : [
                  {
                     "number" : 10,
                     "refId" : "unbindedGold"
                  }
               ],
               "originalPriceData" : [
                  {
                     "number" : 50,
                     "refId" : "unbindedGold"
                  }
               ]
            },
            "property" : {
               "bindStatus" : 1,
               "itemGroup" : 1,
               "itemId" : "item_zhenmoling_1",
               "itemLimitNum" : 0
            },
            "refId" : "secretShop_item_9"
         }
      },
      "property" : {
         "duration" : 72,
         "openTime" : "8:00:00&14:00:00&20:00:00"
      },
      "refId" : "secretShop_3"
   }
}

