{
   "ride_1" : {
      "effectData" : {
         "MDodgePer" : 0,
         "MImmunityPer" : 0,
         "PDodgePer" : 0,
         "PImmunityPer" : 0,
         "atkSpeedPer" : 0,
         "crit" : 0,
         "critInjure" : 0,
         "dodge" : 2,
         "fortune" : 0,
         "hit" : 2,
         "ignoreMDef" : 0,
         "ignorePDef" : 0,
         "maxHP" : 0,
         "maxMAtk" : 26,
         "maxMDef" : 21,
         "maxMP" : 0,
         "maxPAtk" : 26,
         "maxPDef" : 21,
         "maxTao" : 26,
         "minMAtk" : 22,
         "minMDef" : 21,
         "minPAtk" : 22,
         "minPDef" : 21,
         "minTao" : 22,
         "perHP" : 0,
         "perMP" : 0
      },
      "property" : {
         "fightValue" : 419,
         "iconId" : "ride_1",
         "maxExp" : 10000,
         "modelId" : 5000,
         "name" : "白玉",
         "rideMedicineMaxConsume" : 3,
         "rideNextRefId" : "ride_2",
         "ridePreRefId" : "",
         "stageLevel" : 1,
         "startLevel" : 0
      },
      "refId" : "ride_1",
      "tmpEffectData" : {
         "moveSpeedPer" : 50
      }
   },
   "ride_10" : {
      "effectData" : {
         "MDodgePer" : 0,
         "MImmunityPer" : 0,
         "PDodgePer" : 0,
         "PImmunityPer" : 0,
         "atkSpeedPer" : 0,
         "crit" : 0,
         "critInjure" : 0,
         "dodge" : 4,
         "fortune" : 0,
         "hit" : 4,
         "ignoreMDef" : 0,
         "ignorePDef" : 0,
         "maxHP" : 0,
         "maxMAtk" : 222,
         "maxMDef" : 81,
         "maxMP" : 0,
         "maxPAtk" : 222,
         "maxPDef" : 81,
         "maxTao" : 222,
         "minMAtk" : 97,
         "minMDef" : 51,
         "minPAtk" : 97,
         "minPDef" : 51,
         "minTao" : 97,
         "perHP" : 0,
         "perMP" : 0
      },
      "property" : {
         "fightValue" : 1797,
         "iconId" : "ride_3",
         "maxExp" : 610000,
         "modelId" : 5002,
         "name" : "霜牙",
         "rideMedicineMaxConsume" : 9,
         "rideNextRefId" : "ride_11",
         "ridePreRefId" : "ride_9",
         "stageLevel" : 3,
         "startLevel" : 1
      },
      "refId" : "ride_10",
      "tmpEffectData" : {
         "moveSpeedPer" : 70
      }
   },
   "ride_11" : {
      "effectData" : {
         "MDodgePer" : 0,
         "MImmunityPer" : 0,
         "PDodgePer" : 0,
         "PImmunityPer" : 0,
         "atkSpeedPer" : 0,
         "crit" : 0,
         "critInjure" : 0,
         "dodge" : 4,
         "fortune" : 0,
         "hit" : 4,
         "ignoreMDef" : 0,
         "ignorePDef" : 0,
         "maxHP" : 0,
         "maxMAtk" : 258,
         "maxMDef" : 90,
         "maxMP" : 0,
         "maxPAtk" : 258,
         "maxPDef" : 90,
         "maxTao" : 258,
         "minMAtk" : 109,
         "minMDef" : 57,
         "minPAtk" : 109,
         "minPDef" : 57,
         "minTao" : 109,
         "perHP" : 0,
         "perMP" : 0
      },
      "property" : {
         "fightValue" : 2014,
         "iconId" : "ride_3",
         "maxExp" : 778000,
         "modelId" : 5002,
         "name" : "霜牙",
         "rideMedicineMaxConsume" : 9,
         "rideNextRefId" : "ride_12",
         "ridePreRefId" : "ride_10",
         "stageLevel" : 3,
         "startLevel" : 2
      },
      "refId" : "ride_11",
      "tmpEffectData" : {
         "moveSpeedPer" : 70
      }
   },
   "ride_12" : {
      "effectData" : {
         "MDodgePer" : 0,
         "MImmunityPer" : 0,
         "PDodgePer" : 0,
         "PImmunityPer" : 0,
         "atkSpeedPer" : 0,
         "crit" : 0,
         "critInjure" : 0,
         "dodge" : 4,
         "fortune" : 0,
         "hit" : 4,
         "ignoreMDef" : 0,
         "ignorePDef" : 0,
         "maxHP" : 0,
         "maxMAtk" : 299,
         "maxMDef" : 101,
         "maxMP" : 0,
         "maxPAtk" : 299,
         "maxPDef" : 101,
         "maxTao" : 299,
         "minMAtk" : 123,
         "minMDef" : 64,
         "minPAtk" : 123,
         "minPDef" : 64,
         "minTao" : 123,
         "perHP" : 0,
         "perMP" : 0
      },
      "property" : {
         "fightValue" : 2265,
         "iconId" : "ride_3",
         "maxExp" : 972000,
         "modelId" : 5002,
         "name" : "霜牙",
         "rideMedicineMaxConsume" : 9,
         "rideNextRefId" : "ride_13",
         "ridePreRefId" : "ride_11",
         "stageLevel" : 3,
         "startLevel" : 3
      },
      "refId" : "ride_12",
      "tmpEffectData" : {
         "moveSpeedPer" : 70
      }
   },
   "ride_13" : {
      "effectData" : {
         "MDodgePer" : 0,
         "MImmunityPer" : 0,
         "PDodgePer" : 0,
         "PImmunityPer" : 0,
         "atkSpeedPer" : 0,
         "crit" : 0,
         "critInjure" : 0,
         "dodge" : 5,
         "fortune" : 0,
         "hit" : 5,
         "ignoreMDef" : 0,
         "ignorePDef" : 0,
         "maxHP" : 0,
         "maxMAtk" : 349,
         "maxMDef" : 117,
         "maxMP" : 0,
         "maxPAtk" : 349,
         "maxPDef" : 117,
         "maxTao" : 349,
         "minMAtk" : 143,
         "minMDef" : 71,
         "minPAtk" : 143,
         "minPDef" : 71,
         "minTao" : 143,
         "perHP" : 0,
         "perMP" : 0
      },
      "property" : {
         "fightValue" : 2655,
         "iconId" : "ride_4",
         "maxExp" : 1194000,
         "modelId" : 5003,
         "name" : "幻影",
         "rideMedicineMaxConsume" : 16,
         "rideNextRefId" : "ride_14",
         "ridePreRefId" : "ride_12",
         "stageLevel" : 4,
         "startLevel" : 0
      },
      "refId" : "ride_13",
      "tmpEffectData" : {
         "moveSpeedPer" : 80
      }
   },
   "ride_14" : {
      "effectData" : {
         "MDodgePer" : 0,
         "MImmunityPer" : 0,
         "PDodgePer" : 0,
         "PImmunityPer" : 0,
         "atkSpeedPer" : 0,
         "crit" : 0,
         "critInjure" : 0,
         "dodge" : 5,
         "fortune" : 0,
         "hit" : 5,
         "ignoreMDef" : 0,
         "ignorePDef" : 0,
         "maxHP" : 0,
         "maxMAtk" : 397,
         "maxMDef" : 129,
         "maxMP" : 0,
         "maxPAtk" : 397,
         "maxPDef" : 129,
         "maxTao" : 397,
         "minMAtk" : 159,
         "minMDef" : 79,
         "minPAtk" : 159,
         "minPDef" : 79,
         "minTao" : 159,
         "perHP" : 0,
         "perMP" : 0
      },
      "property" : {
         "fightValue" : 2945,
         "iconId" : "ride_4",
         "maxExp" : 1444000,
         "modelId" : 5003,
         "name" : "幻影",
         "rideMedicineMaxConsume" : 16,
         "rideNextRefId" : "ride_15",
         "ridePreRefId" : "ride_13",
         "stageLevel" : 4,
         "startLevel" : 1
      },
      "refId" : "ride_14",
      "tmpEffectData" : {
         "moveSpeedPer" : 80
      }
   },
   "ride_15" : {
      "effectData" : {
         "MDodgePer" : 0,
         "MImmunityPer" : 0,
         "PDodgePer" : 0,
         "PImmunityPer" : 0,
         "atkSpeedPer" : 0,
         "crit" : 0,
         "critInjure" : 0,
         "dodge" : 5,
         "fortune" : 0,
         "hit" : 5,
         "ignoreMDef" : 0,
         "ignorePDef" : 0,
         "maxHP" : 0,
         "maxMAtk" : 450,
         "maxMDef" : 142,
         "maxMP" : 0,
         "maxPAtk" : 450,
         "maxPDef" : 142,
         "maxTao" : 450,
         "minMAtk" : 176,
         "minMDef" : 88,
         "minPAtk" : 176,
         "minPDef" : 88,
         "minTao" : 176,
         "perHP" : 0,
         "perMP" : 0
      },
      "property" : {
         "fightValue" : 3263,
         "iconId" : "ride_4",
         "maxExp" : 1726000,
         "modelId" : 5003,
         "name" : "幻影",
         "rideMedicineMaxConsume" : 16,
         "rideNextRefId" : "ride_16",
         "ridePreRefId" : "ride_14",
         "stageLevel" : 4,
         "startLevel" : 2
      },
      "refId" : "ride_15",
      "tmpEffectData" : {
         "moveSpeedPer" : 80
      }
   },
   "ride_16" : {
      "effectData" : {
         "MDodgePer" : 0,
         "MImmunityPer" : 0,
         "PDodgePer" : 0,
         "PImmunityPer" : 0,
         "atkSpeedPer" : 0,
         "crit" : 0,
         "critInjure" : 0,
         "dodge" : 5,
         "fortune" : 0,
         "hit" : 5,
         "ignoreMDef" : 0,
         "ignorePDef" : 0,
         "maxHP" : 0,
         "maxMAtk" : 506,
         "maxMDef" : 156,
         "maxMP" : 0,
         "maxPAtk" : 506,
         "maxPDef" : 156,
         "maxTao" : 506,
         "minMAtk" : 195,
         "minMDef" : 97,
         "minPAtk" : 195,
         "minPDef" : 97,
         "minTao" : 195,
         "perHP" : 0,
         "perMP" : 0
      },
      "property" : {
         "fightValue" : 3601,
         "iconId" : "ride_4",
         "maxExp" : 2040000,
         "modelId" : 5003,
         "name" : "幻影",
         "rideMedicineMaxConsume" : 16,
         "rideNextRefId" : "ride_17",
         "ridePreRefId" : "ride_15",
         "stageLevel" : 4,
         "startLevel" : 3
      },
      "refId" : "ride_16",
      "tmpEffectData" : {
         "moveSpeedPer" : 80
      }
   },
   "ride_17" : {
      "effectData" : {
         "MDodgePer" : 0,
         "MImmunityPer" : 0,
         "PDodgePer" : 0,
         "PImmunityPer" : 0,
         "atkSpeedPer" : 0,
         "crit" : 0,
         "critInjure" : 0,
         "dodge" : 6,
         "fortune" : 0,
         "hit" : 6,
         "ignoreMDef" : 0,
         "ignorePDef" : 0,
         "maxHP" : 0,
         "maxMAtk" : 572,
         "maxMDef" : 176,
         "maxMP" : 0,
         "maxPAtk" : 572,
         "maxPDef" : 176,
         "maxTao" : 572,
         "minMAtk" : 220,
         "minMDef" : 107,
         "minPAtk" : 220,
         "minPDef" : 107,
         "minTao" : 220,
         "perHP" : 0,
         "perMP" : 0
      },
      "property" : {
         "fightValue" : 4087,
         "iconId" : "ride_5",
         "maxExp" : 3180000,
         "modelId" : 5004,
         "name" : "炎虎",
         "rideMedicineMaxConsume" : 20,
         "rideNextRefId" : "ride_18",
         "ridePreRefId" : "ride_16",
         "stageLevel" : 5,
         "startLevel" : 0
      },
      "refId" : "ride_17",
      "tmpEffectData" : {
         "moveSpeedPer" : 90
      }
   },
   "ride_18" : {
      "effectData" : {
         "MDodgePer" : 0,
         "MImmunityPer" : 0,
         "PDodgePer" : 0,
         "PImmunityPer" : 0,
         "atkSpeedPer" : 0,
         "crit" : 0,
         "critInjure" : 0,
         "dodge" : 6,
         "fortune" : 0,
         "hit" : 6,
         "ignoreMDef" : 0,
         "ignorePDef" : 0,
         "maxHP" : 0,
         "maxMAtk" : 638,
         "maxMDef" : 193,
         "maxMP" : 0,
         "maxPAtk" : 638,
         "maxPDef" : 193,
         "maxTao" : 638,
         "minMAtk" : 242,
         "minMDef" : 118,
         "minPAtk" : 242,
         "minPDef" : 118,
         "minTao" : 242,
         "perHP" : 0,
         "perMP" : 0
      },
      "property" : {
         "fightValue" : 4487,
         "iconId" : "ride_5",
         "maxExp" : 3688000,
         "modelId" : 5004,
         "name" : "炎虎",
         "rideMedicineMaxConsume" : 20,
         "rideNextRefId" : "ride_19",
         "ridePreRefId" : "ride_17",
         "stageLevel" : 5,
         "startLevel" : 1
      },
      "refId" : "ride_18",
      "tmpEffectData" : {
         "moveSpeedPer" : 90
      }
   },
   "ride_19" : {
      "effectData" : {
         "MDodgePer" : 0,
         "MImmunityPer" : 0,
         "PDodgePer" : 0,
         "PImmunityPer" : 0,
         "atkSpeedPer" : 0,
         "crit" : 0,
         "critInjure" : 0,
         "dodge" : 6,
         "fortune" : 0,
         "hit" : 6,
         "ignoreMDef" : 0,
         "ignorePDef" : 0,
         "maxHP" : 0,
         "maxMAtk" : 707,
         "maxMDef" : 210,
         "maxMP" : 0,
         "maxPAtk" : 707,
         "maxPDef" : 210,
         "maxTao" : 707,
         "minMAtk" : 265,
         "minMDef" : 130,
         "minPAtk" : 265,
         "minPDef" : 130,
         "minTao" : 265,
         "perHP" : 0,
         "perMP" : 0
      },
      "property" : {
         "fightValue" : 4905,
         "iconId" : "ride_5",
         "maxExp" : 4242000,
         "modelId" : 5004,
         "name" : "炎虎",
         "rideMedicineMaxConsume" : 20,
         "rideNextRefId" : "ride_20",
         "ridePreRefId" : "ride_18",
         "stageLevel" : 5,
         "startLevel" : 2
      },
      "refId" : "ride_19",
      "tmpEffectData" : {
         "moveSpeedPer" : 90
      }
   },
   "ride_2" : {
      "effectData" : {
         "MDodgePer" : 0,
         "MImmunityPer" : 0,
         "PDodgePer" : 0,
         "PImmunityPer" : 0,
         "atkSpeedPer" : 0,
         "crit" : 0,
         "critInjure" : 0,
         "dodge" : 2,
         "fortune" : 0,
         "hit" : 2,
         "ignoreMDef" : 0,
         "ignorePDef" : 0,
         "maxHP" : 0,
         "maxMAtk" : 40,
         "maxMDef" : 28,
         "maxMP" : 0,
         "maxPAtk" : 40,
         "maxPDef" : 28,
         "maxTao" : 40,
         "minMAtk" : 30,
         "minMDef" : 22,
         "minPAtk" : 30,
         "minPDef" : 22,
         "minTao" : 30,
         "perHP" : 0,
         "perMP" : 0
      },
      "property" : {
         "fightValue" : 519,
         "iconId" : "ride_1",
         "maxExp" : 15000,
         "modelId" : 5000,
         "name" : "白玉",
         "rideMedicineMaxConsume" : 3,
         "rideNextRefId" : "ride_3",
         "ridePreRefId" : "ride_1",
         "stageLevel" : 1,
         "startLevel" : 1
      },
      "refId" : "ride_2",
      "tmpEffectData" : {
         "moveSpeedPer" : 50
      }
   },
   "ride_20" : {
      "effectData" : {
         "MDodgePer" : 0,
         "MImmunityPer" : 0,
         "PDodgePer" : 0,
         "PImmunityPer" : 0,
         "atkSpeedPer" : 0,
         "crit" : 0,
         "critInjure" : 0,
         "dodge" : 6,
         "fortune" : 0,
         "hit" : 6,
         "ignoreMDef" : 0,
         "ignorePDef" : 0,
         "maxHP" : 0,
         "maxMAtk" : 781,
         "maxMDef" : 229,
         "maxMP" : 0,
         "maxPAtk" : 781,
         "maxPDef" : 229,
         "maxTao" : 781,
         "minMAtk" : 290,
         "minMDef" : 142,
         "minPAtk" : 290,
         "minPDef" : 142,
         "minTao" : 290,
         "perHP" : 0,
         "perMP" : 0
      },
      "property" : {
         "fightValue" : 5353,
         "iconId" : "ride_5",
         "maxExp" : 4844000,
         "modelId" : 5004,
         "name" : "炎虎",
         "rideMedicineMaxConsume" : 20,
         "rideNextRefId" : "ride_21",
         "ridePreRefId" : "ride_19",
         "stageLevel" : 5,
         "startLevel" : 3
      },
      "refId" : "ride_20",
      "tmpEffectData" : {
         "moveSpeedPer" : 90
      }
   },
   "ride_21" : {
      "effectData" : {
         "MDodgePer" : 0,
         "MImmunityPer" : 0,
         "PDodgePer" : 0,
         "PImmunityPer" : 0,
         "atkSpeedPer" : 0,
         "crit" : 0,
         "critInjure" : 0,
         "dodge" : 7,
         "fortune" : 0,
         "hit" : 7,
         "ignoreMDef" : 0,
         "ignorePDef" : 0,
         "maxHP" : 0,
         "maxMAtk" : 865,
         "maxMDef" : 253,
         "maxMP" : 0,
         "maxPAtk" : 865,
         "maxPDef" : 253,
         "maxTao" : 865,
         "minMAtk" : 321,
         "minMDef" : 155,
         "minPAtk" : 321,
         "minPDef" : 155,
         "minTao" : 321,
         "perHP" : 0,
         "perMP" : 0
      },
      "property" : {
         "fightValue" : 5947,
         "iconId" : "ride_6",
         "maxExp" : 5498000,
         "modelId" : 5005,
         "name" : "狂牙",
         "rideMedicineMaxConsume" : 24,
         "rideNextRefId" : "ride_22",
         "ridePreRefId" : "ride_20",
         "stageLevel" : 6,
         "startLevel" : 0
      },
      "refId" : "ride_21",
      "tmpEffectData" : {
         "moveSpeedPer" : 100
      }
   },
   "ride_22" : {
      "effectData" : {
         "MDodgePer" : 0,
         "MImmunityPer" : 0,
         "PDodgePer" : 0,
         "PImmunityPer" : 0,
         "atkSpeedPer" : 0,
         "crit" : 0,
         "critInjure" : 0,
         "dodge" : 7,
         "fortune" : 0,
         "hit" : 7,
         "ignoreMDef" : 0,
         "ignorePDef" : 0,
         "maxHP" : 0,
         "maxMAtk" : 948,
         "maxMDef" : 274,
         "maxMP" : 0,
         "maxPAtk" : 948,
         "maxPDef" : 274,
         "maxTao" : 948,
         "minMAtk" : 349,
         "minMDef" : 169,
         "minPAtk" : 349,
         "minPDef" : 169,
         "minTao" : 349,
         "perHP" : 0,
         "perMP" : 0
      },
      "property" : {
         "fightValue" : 6450,
         "iconId" : "ride_6",
         "maxExp" : 6202000,
         "modelId" : 5005,
         "name" : "狂牙",
         "rideMedicineMaxConsume" : 24,
         "rideNextRefId" : "ride_23",
         "ridePreRefId" : "ride_21",
         "stageLevel" : 6,
         "startLevel" : 1
      },
      "refId" : "ride_22",
      "tmpEffectData" : {
         "moveSpeedPer" : 100
      }
   },
   "ride_23" : {
      "effectData" : {
         "MDodgePer" : 0,
         "MImmunityPer" : 0,
         "PDodgePer" : 0,
         "PImmunityPer" : 0,
         "atkSpeedPer" : 0,
         "crit" : 0,
         "critInjure" : 0,
         "dodge" : 7,
         "fortune" : 0,
         "hit" : 7,
         "ignoreMDef" : 0,
         "ignorePDef" : 0,
         "maxHP" : 0,
         "maxMAtk" : 1036,
         "maxMDef" : 296,
         "maxMP" : 0,
         "maxPAtk" : 1036,
         "maxPDef" : 296,
         "maxTao" : 1036,
         "minMAtk" : 378,
         "minMDef" : 184,
         "minPAtk" : 378,
         "minPDef" : 184,
         "minTao" : 378,
         "perHP" : 0,
         "perMP" : 0
      },
      "property" : {
         "fightValue" : 6982,
         "iconId" : "ride_6",
         "maxExp" : 6960000,
         "modelId" : 5005,
         "name" : "狂牙",
         "rideMedicineMaxConsume" : 24,
         "rideNextRefId" : "ride_24",
         "ridePreRefId" : "ride_22",
         "stageLevel" : 6,
         "startLevel" : 2
      },
      "refId" : "ride_23",
      "tmpEffectData" : {
         "moveSpeedPer" : 100
      }
   },
   "ride_24" : {
      "effectData" : {
         "MDodgePer" : 0,
         "MImmunityPer" : 0,
         "PDodgePer" : 0,
         "PImmunityPer" : 0,
         "atkSpeedPer" : 0,
         "crit" : 0,
         "critInjure" : 0,
         "dodge" : 7,
         "fortune" : 0,
         "hit" : 7,
         "ignoreMDef" : 0,
         "ignorePDef" : 0,
         "maxHP" : 0,
         "maxMAtk" : 1128,
         "maxMDef" : 319,
         "maxMP" : 0,
         "maxPAtk" : 1128,
         "maxPDef" : 319,
         "maxTao" : 1128,
         "minMAtk" : 409,
         "minMDef" : 199,
         "minPAtk" : 409,
         "minPDef" : 199,
         "minTao" : 409,
         "perHP" : 0,
         "perMP" : 0
      },
      "property" : {
         "fightValue" : 7538,
         "iconId" : "ride_6",
         "maxExp" : 7772000,
         "modelId" : 5005,
         "name" : "狂牙",
         "rideMedicineMaxConsume" : 24,
         "rideNextRefId" : "ride_25",
         "ridePreRefId" : "ride_23",
         "stageLevel" : 6,
         "startLevel" : 3
      },
      "refId" : "ride_24",
      "tmpEffectData" : {
         "moveSpeedPer" : 100
      }
   },
   "ride_25" : {
      "effectData" : {
         "MDodgePer" : 0,
         "MImmunityPer" : 0,
         "PDodgePer" : 0,
         "PImmunityPer" : 0,
         "atkSpeedPer" : 0,
         "crit" : 0,
         "critInjure" : 0,
         "dodge" : 8,
         "fortune" : 0,
         "hit" : 8,
         "ignoreMDef" : 0,
         "ignorePDef" : 0,
         "maxHP" : 0,
         "maxMAtk" : 1231,
         "maxMDef" : 349,
         "maxMP" : 0,
         "maxPAtk" : 1231,
         "maxPDef" : 349,
         "maxTao" : 1231,
         "minMAtk" : 447,
         "minMDef" : 216,
         "minPAtk" : 447,
         "minPDef" : 216,
         "minTao" : 447,
         "perHP" : 0,
         "perMP" : 0
      },
      "property" : {
         "fightValue" : 8253,
         "iconId" : "ride_7",
         "maxExp" : 10800000,
         "modelId" : 5006,
         "name" : "魔焰",
         "rideMedicineMaxConsume" : 35,
         "rideNextRefId" : "ride_26",
         "ridePreRefId" : "ride_24",
         "stageLevel" : 7,
         "startLevel" : 0
      },
      "refId" : "ride_25",
      "tmpEffectData" : {
         "moveSpeedPer" : 110
      }
   },
   "ride_26" : {
      "effectData" : {
         "MDodgePer" : 0,
         "MImmunityPer" : 0,
         "PDodgePer" : 0,
         "PImmunityPer" : 0,
         "atkSpeedPer" : 0,
         "crit" : 0,
         "critInjure" : 0,
         "dodge" : 8,
         "fortune" : 0,
         "hit" : 8,
         "ignoreMDef" : 0,
         "ignorePDef" : 0,
         "maxHP" : 0,
         "maxMAtk" : 1333,
         "maxMDef" : 374,
         "maxMP" : 0,
         "maxPAtk" : 1333,
         "maxPDef" : 374,
         "maxTao" : 1333,
         "minMAtk" : 481,
         "minMDef" : 233,
         "minPAtk" : 481,
         "minPDef" : 233,
         "minTao" : 481,
         "perHP" : 0,
         "perMP" : 0
      },
      "property" : {
         "fightValue" : 8868,
         "iconId" : "ride_7",
         "maxExp" : 11957000,
         "modelId" : 5006,
         "name" : "魔焰",
         "rideMedicineMaxConsume" : 35,
         "rideNextRefId" : "ride_27",
         "ridePreRefId" : "ride_25",
         "stageLevel" : 7,
         "startLevel" : 1
      },
      "refId" : "ride_26",
      "tmpEffectData" : {
         "moveSpeedPer" : 110
      }
   },
   "ride_27" : {
      "effectData" : {
         "MDodgePer" : 0,
         "MImmunityPer" : 0,
         "PDodgePer" : 0,
         "PImmunityPer" : 0,
         "atkSpeedPer" : 0,
         "crit" : 0,
         "critInjure" : 0,
         "dodge" : 8,
         "fortune" : 0,
         "hit" : 8,
         "ignoreMDef" : 0,
         "ignorePDef" : 0,
         "maxHP" : 0,
         "maxMAtk" : 1439,
         "maxMDef" : 401,
         "maxMP" : 0,
         "maxPAtk" : 1439,
         "maxPDef" : 401,
         "maxTao" : 1439,
         "minMAtk" : 516,
         "minMDef" : 250,
         "minPAtk" : 516,
         "minPDef" : 250,
         "minTao" : 516,
         "perHP" : 0,
         "perMP" : 0
      },
      "property" : {
         "fightValue" : 9507,
         "iconId" : "ride_7",
         "maxExp" : 13187000,
         "modelId" : 5006,
         "name" : "魔焰",
         "rideMedicineMaxConsume" : 35,
         "rideNextRefId" : "ride_28",
         "ridePreRefId" : "ride_26",
         "stageLevel" : 7,
         "startLevel" : 2
      },
      "refId" : "ride_27",
      "tmpEffectData" : {
         "moveSpeedPer" : 110
      }
   },
   "ride_28" : {
      "effectData" : {
         "MDodgePer" : 0,
         "MImmunityPer" : 0,
         "PDodgePer" : 0,
         "PImmunityPer" : 0,
         "atkSpeedPer" : 0,
         "crit" : 0,
         "critInjure" : 0,
         "dodge" : 8,
         "fortune" : 0,
         "hit" : 8,
         "ignoreMDef" : 0,
         "ignorePDef" : 0,
         "maxHP" : 0,
         "maxMAtk" : 1551,
         "maxMDef" : 429,
         "maxMP" : 0,
         "maxPAtk" : 1551,
         "maxPDef" : 429,
         "maxTao" : 1551,
         "minMAtk" : 553,
         "minMDef" : 269,
         "minPAtk" : 553,
         "minPDef" : 269,
         "minTao" : 553,
         "perHP" : 0,
         "perMP" : 0
      },
      "property" : {
         "fightValue" : 10184,
         "iconId" : "ride_7",
         "maxExp" : 14495000,
         "modelId" : 5006,
         "name" : "魔焰",
         "rideMedicineMaxConsume" : 35,
         "rideNextRefId" : "ride_29",
         "ridePreRefId" : "ride_27",
         "stageLevel" : 7,
         "startLevel" : 3
      },
      "refId" : "ride_28",
      "tmpEffectData" : {
         "moveSpeedPer" : 110
      }
   },
   "ride_29" : {
      "effectData" : {
         "MDodgePer" : 0,
         "MImmunityPer" : 0,
         "PDodgePer" : 0,
         "PImmunityPer" : 0,
         "atkSpeedPer" : 0,
         "crit" : 0,
         "critInjure" : 0,
         "dodge" : 9,
         "fortune" : 0,
         "hit" : 9,
         "ignoreMDef" : 0,
         "ignorePDef" : 0,
         "maxHP" : 0,
         "maxMAtk" : 1673,
         "maxMDef" : 463,
         "maxMP" : 0,
         "maxPAtk" : 1673,
         "maxPDef" : 463,
         "maxTao" : 1673,
         "minMAtk" : 597,
         "minMDef" : 288,
         "minPAtk" : 597,
         "minPDef" : 288,
         "minTao" : 597,
         "perHP" : 0,
         "perMP" : 0
      },
      "property" : {
         "fightValue" : 11008,
         "iconId" : "ride_8",
         "maxExp" : 15877000,
         "modelId" : 5007,
         "name" : "冰吼",
         "rideMedicineMaxConsume" : 40,
         "rideNextRefId" : "ride_30",
         "ridePreRefId" : "ride_28",
         "stageLevel" : 8,
         "startLevel" : 0
      },
      "refId" : "ride_29",
      "tmpEffectData" : {
         "moveSpeedPer" : 120
      }
   },
   "ride_3" : {
      "effectData" : {
         "MDodgePer" : 0,
         "MImmunityPer" : 0,
         "PDodgePer" : 0,
         "PImmunityPer" : 0,
         "atkSpeedPer" : 0,
         "crit" : 0,
         "critInjure" : 0,
         "dodge" : 2,
         "fortune" : 0,
         "hit" : 2,
         "ignoreMDef" : 0,
         "ignorePDef" : 0,
         "maxHP" : 0,
         "maxMAtk" : 51,
         "maxMDef" : 31,
         "maxMP" : 0,
         "maxPAtk" : 51,
         "maxPDef" : 31,
         "maxTao" : 51,
         "minMAtk" : 33,
         "minMDef" : 24,
         "minPAtk" : 33,
         "minPDef" : 24,
         "minTao" : 33,
         "perHP" : 0,
         "perMP" : 0
      },
      "property" : {
         "fightValue" : 584,
         "iconId" : "ride_1",
         "maxExp" : 26000,
         "modelId" : 5000,
         "name" : "白玉",
         "rideMedicineMaxConsume" : 3,
         "rideNextRefId" : "ride_4",
         "ridePreRefId" : "ride_2",
         "stageLevel" : 1,
         "startLevel" : 2
      },
      "refId" : "ride_3",
      "tmpEffectData" : {
         "moveSpeedPer" : 50
      }
   },
   "ride_30" : {
      "effectData" : {
         "MDodgePer" : 0,
         "MImmunityPer" : 0,
         "PDodgePer" : 0,
         "PImmunityPer" : 0,
         "atkSpeedPer" : 0,
         "crit" : 0,
         "critInjure" : 0,
         "dodge" : 9,
         "fortune" : 0,
         "hit" : 9,
         "ignoreMDef" : 0,
         "ignorePDef" : 0,
         "maxHP" : 0,
         "maxMAtk" : 1795,
         "maxMDef" : 493,
         "maxMP" : 0,
         "maxPAtk" : 1795,
         "maxPDef" : 493,
         "maxTao" : 1795,
         "minMAtk" : 638,
         "minMDef" : 309,
         "minPAtk" : 638,
         "minPDef" : 309,
         "minTao" : 638,
         "perHP" : 0,
         "perMP" : 0
      },
      "property" : {
         "fightValue" : 11747,
         "iconId" : "ride_8",
         "maxExp" : 17337000,
         "modelId" : 5007,
         "name" : "冰吼",
         "rideMedicineMaxConsume" : 40,
         "rideNextRefId" : "ride_31",
         "ridePreRefId" : "ride_29",
         "stageLevel" : 8,
         "startLevel" : 1
      },
      "refId" : "ride_30",
      "tmpEffectData" : {
         "moveSpeedPer" : 120
      }
   },
   "ride_31" : {
      "effectData" : {
         "MDodgePer" : 0,
         "MImmunityPer" : 0,
         "PDodgePer" : 0,
         "PImmunityPer" : 0,
         "atkSpeedPer" : 0,
         "crit" : 0,
         "critInjure" : 0,
         "dodge" : 9,
         "fortune" : 0,
         "hit" : 9,
         "ignoreMDef" : 0,
         "ignorePDef" : 0,
         "maxHP" : 0,
         "maxMAtk" : 1921,
         "maxMDef" : 525,
         "maxMP" : 0,
         "maxPAtk" : 1921,
         "maxPDef" : 525,
         "maxTao" : 1921,
         "minMAtk" : 680,
         "minMDef" : 330,
         "minPAtk" : 680,
         "minPDef" : 330,
         "minTao" : 680,
         "perHP" : 0,
         "perMP" : 0
      },
      "property" : {
         "fightValue" : 12509,
         "iconId" : "ride_8",
         "maxExp" : 18877000,
         "modelId" : 5007,
         "name" : "冰吼",
         "rideMedicineMaxConsume" : 40,
         "rideNextRefId" : "ride_32",
         "ridePreRefId" : "ride_30",
         "stageLevel" : 8,
         "startLevel" : 2
      },
      "refId" : "ride_31",
      "tmpEffectData" : {
         "moveSpeedPer" : 120
      }
   },
   "ride_32" : {
      "effectData" : {
         "MDodgePer" : 0,
         "MImmunityPer" : 0,
         "PDodgePer" : 0,
         "PImmunityPer" : 0,
         "atkSpeedPer" : 0,
         "crit" : 0,
         "critInjure" : 0,
         "dodge" : 9,
         "fortune" : 0,
         "hit" : 9,
         "ignoreMDef" : 0,
         "ignorePDef" : 0,
         "maxHP" : 0,
         "maxMAtk" : 2053,
         "maxMDef" : 558,
         "maxMP" : 0,
         "maxPAtk" : 2053,
         "maxPDef" : 558,
         "maxTao" : 2053,
         "minMAtk" : 724,
         "minMDef" : 352,
         "minPAtk" : 724,
         "minPDef" : 352,
         "minTao" : 724,
         "perHP" : 0,
         "perMP" : 0
      },
      "property" : {
         "fightValue" : 13307,
         "iconId" : "ride_8",
         "maxExp" : 20502000,
         "modelId" : 5007,
         "name" : "冰吼",
         "rideMedicineMaxConsume" : 40,
         "rideNextRefId" : "ride_33",
         "ridePreRefId" : "ride_31",
         "stageLevel" : 8,
         "startLevel" : 3
      },
      "refId" : "ride_32",
      "tmpEffectData" : {
         "moveSpeedPer" : 120
      }
   },
   "ride_33" : {
      "effectData" : {
         "MDodgePer" : 0,
         "MImmunityPer" : 0,
         "PDodgePer" : 0,
         "PImmunityPer" : 0,
         "atkSpeedPer" : 0,
         "crit" : 0,
         "critInjure" : 0,
         "dodge" : 10,
         "fortune" : 0,
         "hit" : 10,
         "ignoreMDef" : 0,
         "ignorePDef" : 0,
         "maxHP" : 0,
         "maxMAtk" : 2195,
         "maxMDef" : 597,
         "maxMP" : 0,
         "maxPAtk" : 2195,
         "maxPDef" : 597,
         "maxTao" : 2195,
         "minMAtk" : 775,
         "minMDef" : 375,
         "minPAtk" : 775,
         "minPDef" : 375,
         "minTao" : 775,
         "perHP" : 0,
         "perMP" : 0
      },
      "property" : {
         "fightValue" : 14255,
         "iconId" : "ride_9",
         "maxExp" : 26649000,
         "modelId" : 5008,
         "name" : "玉麟",
         "rideMedicineMaxConsume" : 45,
         "rideNextRefId" : "ride_34",
         "ridePreRefId" : "ride_32",
         "stageLevel" : 9,
         "startLevel" : 0
      },
      "refId" : "ride_33",
      "tmpEffectData" : {
         "moveSpeedPer" : 130
      }
   },
   "ride_34" : {
      "effectData" : {
         "MDodgePer" : 0,
         "MImmunityPer" : 0,
         "PDodgePer" : 0,
         "PImmunityPer" : 0,
         "atkSpeedPer" : 0,
         "crit" : 0,
         "critInjure" : 0,
         "dodge" : 10,
         "fortune" : 0,
         "hit" : 10,
         "ignoreMDef" : 0,
         "ignorePDef" : 0,
         "maxHP" : 0,
         "maxMAtk" : 2337,
         "maxMDef" : 633,
         "maxMP" : 0,
         "maxPAtk" : 2337,
         "maxPDef" : 633,
         "maxTao" : 2337,
         "minMAtk" : 822,
         "minMDef" : 398,
         "minPAtk" : 822,
         "minPDef" : 398,
         "minTao" : 822,
         "perHP" : 0,
         "perMP" : 0
      },
      "property" : {
         "fightValue" : 15111,
         "iconId" : "ride_9",
         "maxExp" : 28797000,
         "modelId" : 5008,
         "name" : "玉麟",
         "rideMedicineMaxConsume" : 45,
         "rideNextRefId" : "ride_35",
         "ridePreRefId" : "ride_33",
         "stageLevel" : 9,
         "startLevel" : 1
      },
      "refId" : "ride_34",
      "tmpEffectData" : {
         "moveSpeedPer" : 130
      }
   },
   "ride_35" : {
      "effectData" : {
         "MDodgePer" : 0,
         "MImmunityPer" : 0,
         "PDodgePer" : 0,
         "PImmunityPer" : 0,
         "atkSpeedPer" : 0,
         "crit" : 0,
         "critInjure" : 0,
         "dodge" : 10,
         "fortune" : 0,
         "hit" : 10,
         "ignoreMDef" : 0,
         "ignorePDef" : 0,
         "maxHP" : 0,
         "maxMAtk" : 2484,
         "maxMDef" : 669,
         "maxMP" : 0,
         "maxPAtk" : 2484,
         "maxPDef" : 669,
         "maxTao" : 2484,
         "minMAtk" : 871,
         "minMDef" : 423,
         "minPAtk" : 871,
         "minPDef" : 423,
         "minTao" : 871,
         "perHP" : 0,
         "perMP" : 0
      },
      "property" : {
         "fightValue" : 15999,
         "iconId" : "ride_9",
         "maxExp" : 31050000,
         "modelId" : 5008,
         "name" : "玉麟",
         "rideMedicineMaxConsume" : 45,
         "rideNextRefId" : "ride_36",
         "ridePreRefId" : "ride_34",
         "stageLevel" : 9,
         "startLevel" : 2
      },
      "refId" : "ride_35",
      "tmpEffectData" : {
         "moveSpeedPer" : 130
      }
   },
   "ride_36" : {
      "effectData" : {
         "MDodgePer" : 0,
         "MImmunityPer" : 0,
         "PDodgePer" : 0,
         "PImmunityPer" : 0,
         "atkSpeedPer" : 0,
         "crit" : 0,
         "critInjure" : 0,
         "dodge" : 10,
         "fortune" : 0,
         "hit" : 10,
         "ignoreMDef" : 0,
         "ignorePDef" : 0,
         "maxHP" : 0,
         "maxMAtk" : 2637,
         "maxMDef" : 708,
         "maxMP" : 0,
         "maxPAtk" : 2637,
         "maxPDef" : 708,
         "maxTao" : 2637,
         "minMAtk" : 922,
         "minMDef" : 448,
         "minPAtk" : 922,
         "minPDef" : 448,
         "minTao" : 922,
         "perHP" : 0,
         "perMP" : 0
      },
      "property" : {
         "fightValue" : 16924,
         "iconId" : "ride_9",
         "maxExp" : 66606000,
         "modelId" : 5008,
         "name" : "玉麟",
         "rideMedicineMaxConsume" : 45,
         "rideNextRefId" : "ride_37",
         "ridePreRefId" : "ride_35",
         "stageLevel" : 9,
         "startLevel" : 3
      },
      "refId" : "ride_36",
      "tmpEffectData" : {
         "moveSpeedPer" : 130
      }
   },
   "ride_37" : {
      "effectData" : {
         "MDodgePer" : 0,
         "MImmunityPer" : 0,
         "PDodgePer" : 0,
         "PImmunityPer" : 0,
         "atkSpeedPer" : 0,
         "crit" : 0,
         "critInjure" : 0,
         "dodge" : 11,
         "fortune" : 0,
         "hit" : 11,
         "ignoreMDef" : 0,
         "ignorePDef" : 0,
         "maxHP" : 0,
         "maxMAtk" : 2795,
         "maxMDef" : 752,
         "maxMP" : 0,
         "maxPAtk" : 2795,
         "maxPDef" : 752,
         "maxTao" : 2795,
         "minMAtk" : 978,
         "minMDef" : 473,
         "minPAtk" : 978,
         "minPDef" : 473,
         "minTao" : 978,
         "perHP" : 0,
         "perMP" : 0
      },
      "property" : {
         "fightValue" : 17968,
         "iconId" : "ride_10",
         "maxExp" : 109512000,
         "modelId" : 5009,
         "name" : "苍焱",
         "rideMedicineMaxConsume" : 50,
         "rideNextRefId" : "ride_38",
         "ridePreRefId" : "ride_36",
         "stageLevel" : 10,
         "startLevel" : 0
      },
      "refId" : "ride_37",
      "tmpEffectData" : {
         "moveSpeedPer" : 140
      }
   },
   "ride_38" : {
      "effectData" : {
         "MDodgePer" : 0,
         "MImmunityPer" : 0,
         "PDodgePer" : 0,
         "PImmunityPer" : 0,
         "atkSpeedPer" : 0,
         "crit" : 0,
         "critInjure" : 0,
         "dodge" : 11,
         "fortune" : 0,
         "hit" : 11,
         "ignoreMDef" : 0,
         "ignorePDef" : 0,
         "maxHP" : 0,
         "maxMAtk" : 2948,
         "maxMDef" : 791,
         "maxMP" : 0,
         "maxPAtk" : 2948,
         "maxPDef" : 791,
         "maxTao" : 2948,
         "minMAtk" : 1029,
         "minMDef" : 498,
         "minPAtk" : 1029,
         "minPDef" : 498,
         "minTao" : 1029,
         "perHP" : 0,
         "perMP" : 0
      },
      "property" : {
         "fightValue" : 18893,
         "iconId" : "ride_10",
         "maxExp" : 148211000,
         "modelId" : 5009,
         "name" : "苍焱",
         "rideMedicineMaxConsume" : 50,
         "rideNextRefId" : "ride_39",
         "ridePreRefId" : "ride_37",
         "stageLevel" : 10,
         "startLevel" : 1
      },
      "refId" : "ride_38",
      "tmpEffectData" : {
         "moveSpeedPer" : 140
      }
   },
   "ride_39" : {
      "effectData" : {
         "MDodgePer" : 0,
         "MImmunityPer" : 0,
         "PDodgePer" : 0,
         "PImmunityPer" : 0,
         "atkSpeedPer" : 0,
         "crit" : 0,
         "critInjure" : 0,
         "dodge" : 11,
         "fortune" : 0,
         "hit" : 11,
         "ignoreMDef" : 0,
         "ignorePDef" : 0,
         "maxHP" : 0,
         "maxMAtk" : 3101,
         "maxMDef" : 830,
         "maxMP" : 0,
         "maxPAtk" : 3101,
         "maxPDef" : 830,
         "maxTao" : 3101,
         "minMAtk" : 1080,
         "minMDef" : 523,
         "minPAtk" : 1080,
         "minPDef" : 523,
         "minTao" : 1080,
         "perHP" : 0,
         "perMP" : 0
      },
      "property" : {
         "fightValue" : 19818,
         "iconId" : "ride_10",
         "maxExp" : 194434000,
         "modelId" : 5009,
         "name" : "苍焱",
         "rideMedicineMaxConsume" : 50,
         "rideNextRefId" : "ride_40",
         "ridePreRefId" : "ride_38",
         "stageLevel" : 10,
         "startLevel" : 2
      },
      "refId" : "ride_39",
      "tmpEffectData" : {
         "moveSpeedPer" : 140
      }
   },
   "ride_4" : {
      "effectData" : {
         "MDodgePer" : 0,
         "MImmunityPer" : 0,
         "PDodgePer" : 0,
         "PImmunityPer" : 0,
         "atkSpeedPer" : 0,
         "crit" : 0,
         "critInjure" : 0,
         "dodge" : 2,
         "fortune" : 0,
         "hit" : 2,
         "ignoreMDef" : 0,
         "ignorePDef" : 0,
         "maxHP" : 0,
         "maxMAtk" : 64,
         "maxMDef" : 34,
         "maxMP" : 0,
         "maxPAtk" : 64,
         "maxPDef" : 34,
         "maxTao" : 64,
         "minMAtk" : 38,
         "minMDef" : 26,
         "minPAtk" : 38,
         "minPDef" : 26,
         "minTao" : 38,
         "perHP" : 0,
         "perMP" : 0
      },
      "property" : {
         "fightValue" : 664,
         "iconId" : "ride_1",
         "maxExp" : 45000,
         "modelId" : 5000,
         "name" : "白玉",
         "rideMedicineMaxConsume" : 3,
         "rideNextRefId" : "ride_5",
         "ridePreRefId" : "ride_3",
         "stageLevel" : 1,
         "startLevel" : 3
      },
      "refId" : "ride_4",
      "tmpEffectData" : {
         "moveSpeedPer" : 50
      }
   },
   "ride_40" : {
      "effectData" : {
         "MDodgePer" : 0,
         "MImmunityPer" : 0,
         "PDodgePer" : 0,
         "PImmunityPer" : 0,
         "atkSpeedPer" : 0,
         "crit" : 0,
         "critInjure" : 0,
         "dodge" : 11,
         "fortune" : 0,
         "hit" : 11,
         "ignoreMDef" : 0,
         "ignorePDef" : 0,
         "maxHP" : 0,
         "maxMAtk" : 3254,
         "maxMDef" : 869,
         "maxMP" : 0,
         "maxPAtk" : 3254,
         "maxPDef" : 869,
         "maxTao" : 3254,
         "minMAtk" : 1131,
         "minMDef" : 548,
         "minPAtk" : 1131,
         "minPDef" : 548,
         "minTao" : 1131,
         "perHP" : 0,
         "perMP" : 0
      },
      "property" : {
         "fightValue" : 20743,
         "iconId" : "ride_10",
         "maxExp" : 216175000,
         "modelId" : 5009,
         "name" : "苍焱",
         "rideMedicineMaxConsume" : 50,
         "rideNextRefId" : "ride_41",
         "ridePreRefId" : "ride_39",
         "stageLevel" : 10,
         "startLevel" : 3
      },
      "refId" : "ride_40",
      "tmpEffectData" : {
         "moveSpeedPer" : 140
      }
   },
   "ride_41" : {
      "effectData" : {
         "MDodgePer" : 0,
         "MImmunityPer" : 0,
         "PDodgePer" : 0,
         "PImmunityPer" : 0,
         "atkSpeedPer" : 0,
         "crit" : 0,
         "critInjure" : 0,
         "dodge" : 12,
         "fortune" : 0,
         "hit" : 12,
         "ignoreMDef" : 0,
         "ignorePDef" : 0,
         "maxHP" : 0,
         "maxMAtk" : 3409,
         "maxMDef" : 910,
         "maxMP" : 0,
         "maxPAtk" : 3409,
         "maxPDef" : 910,
         "maxTao" : 3409,
         "minMAtk" : 1186,
         "minMDef" : 575,
         "minPAtk" : 1186,
         "minPDef" : 575,
         "minTao" : 1186,
         "perHP" : 0,
         "perMP" : 0
      },
      "property" : {
         "fightValue" : 21770,
         "iconId" : "ride_11",
         "maxExp" : 235130000,
         "modelId" : 5012,
         "name" : "魇龙",
         "rideMedicineMaxConsume" : 55,
         "rideNextRefId" : "ride_42",
         "ridePreRefId" : "ride_40",
         "stageLevel" : 11,
         "startLevel" : 0
      },
      "refId" : "ride_41",
      "tmpEffectData" : {
         "moveSpeedPer" : 150
      }
   },
   "ride_42" : {
      "effectData" : {
         "MDodgePer" : 0,
         "MImmunityPer" : 0,
         "PDodgePer" : 0,
         "PImmunityPer" : 0,
         "atkSpeedPer" : 0,
         "crit" : 0,
         "critInjure" : 0,
         "dodge" : 12,
         "fortune" : 0,
         "hit" : 12,
         "ignoreMDef" : 0,
         "ignorePDef" : 0,
         "maxHP" : 0,
         "maxMAtk" : 3566,
         "maxMDef" : 953,
         "maxMP" : 0,
         "maxPAtk" : 3566,
         "maxPDef" : 953,
         "maxTao" : 3566,
         "minMAtk" : 1243,
         "minMDef" : 604,
         "minPAtk" : 1243,
         "minPDef" : 604,
         "minTao" : 1243,
         "perHP" : 0,
         "perMP" : 0
      },
      "property" : {
         "fightValue" : 22749,
         "iconId" : "ride_11",
         "maxExp" : 255165000,
         "modelId" : 5012,
         "name" : "魇龙",
         "rideMedicineMaxConsume" : 55,
         "rideNextRefId" : "ride_43",
         "ridePreRefId" : "ride_41",
         "stageLevel" : 11,
         "startLevel" : 1
      },
      "refId" : "ride_42",
      "tmpEffectData" : {
         "moveSpeedPer" : 150
      }
   },
   "ride_43" : {
      "effectData" : {
         "MDodgePer" : 0,
         "MImmunityPer" : 0,
         "PDodgePer" : 0,
         "PImmunityPer" : 0,
         "atkSpeedPer" : 0,
         "crit" : 0,
         "critInjure" : 0,
         "dodge" : 12,
         "fortune" : 0,
         "hit" : 12,
         "ignoreMDef" : 0,
         "ignorePDef" : 0,
         "maxHP" : 0,
         "maxMAtk" : 3725,
         "maxMDef" : 998,
         "maxMP" : 0,
         "maxPAtk" : 3725,
         "maxPDef" : 998,
         "maxTao" : 3725,
         "minMAtk" : 1302,
         "minMDef" : 635,
         "minPAtk" : 1302,
         "minPDef" : 635,
         "minTao" : 1302,
         "perHP" : 0,
         "perMP" : 0
      },
      "property" : {
         "fightValue" : 23752,
         "iconId" : "ride_11",
         "maxExp" : 276310000,
         "modelId" : 5012,
         "name" : "魇龙",
         "rideMedicineMaxConsume" : 55,
         "rideNextRefId" : "ride_44",
         "ridePreRefId" : "ride_42",
         "stageLevel" : 11,
         "startLevel" : 2
      },
      "refId" : "ride_43",
      "tmpEffectData" : {
         "moveSpeedPer" : 150
      }
   },
   "ride_44" : {
      "effectData" : {
         "MDodgePer" : 0,
         "MImmunityPer" : 0,
         "PDodgePer" : 0,
         "PImmunityPer" : 0,
         "atkSpeedPer" : 0,
         "crit" : 0,
         "critInjure" : 0,
         "dodge" : 12,
         "fortune" : 0,
         "hit" : 12,
         "ignoreMDef" : 0,
         "ignorePDef" : 0,
         "maxHP" : 0,
         "maxMAtk" : 3886,
         "maxMDef" : 1045,
         "maxMP" : 0,
         "maxPAtk" : 3886,
         "maxPDef" : 1045,
         "maxTao" : 3886,
         "minMAtk" : 1363,
         "minMDef" : 668,
         "minPAtk" : 1363,
         "minPDef" : 668,
         "minTao" : 1363,
         "perHP" : 0,
         "perMP" : 0
      },
      "property" : {
         "fightValue" : 24779,
         "iconId" : "ride_11",
         "maxExp" : 0,
         "modelId" : 5012,
         "name" : "魇龙",
         "rideMedicineMaxConsume" : 0,
         "rideNextRefId" : "",
         "ridePreRefId" : "ride_43",
         "stageLevel" : 11,
         "startLevel" : 3
      },
      "refId" : "ride_44",
      "tmpEffectData" : {
         "moveSpeedPer" : 150
      }
   },
   "ride_5" : {
      "effectData" : {
         "MDodgePer" : 0,
         "MImmunityPer" : 0,
         "PDodgePer" : 0,
         "PImmunityPer" : 0,
         "atkSpeedPer" : 0,
         "crit" : 0,
         "critInjure" : 0,
         "dodge" : 3,
         "fortune" : 0,
         "hit" : 3,
         "ignoreMDef" : 0,
         "ignorePDef" : 0,
         "maxHP" : 0,
         "maxMAtk" : 86,
         "maxMDef" : 44,
         "maxMP" : 0,
         "maxPAtk" : 86,
         "maxPDef" : 44,
         "maxTao" : 86,
         "minMAtk" : 48,
         "minMDef" : 29,
         "minPAtk" : 48,
         "minPDef" : 29,
         "minTao" : 48,
         "perHP" : 0,
         "perMP" : 0
      },
      "property" : {
         "fightValue" : 886,
         "iconId" : "ride_2",
         "maxExp" : 74000,
         "modelId" : 5001,
         "name" : "黑风",
         "rideMedicineMaxConsume" : 6,
         "rideNextRefId" : "ride_6",
         "ridePreRefId" : "ride_4",
         "stageLevel" : 2,
         "startLevel" : 0
      },
      "refId" : "ride_5",
      "tmpEffectData" : {
         "moveSpeedPer" : 60
      }
   },
   "ride_6" : {
      "effectData" : {
         "MDodgePer" : 0,
         "MImmunityPer" : 0,
         "PDodgePer" : 0,
         "PImmunityPer" : 0,
         "atkSpeedPer" : 0,
         "crit" : 0,
         "critInjure" : 0,
         "dodge" : 3,
         "fortune" : 0,
         "hit" : 3,
         "ignoreMDef" : 0,
         "ignorePDef" : 0,
         "maxHP" : 0,
         "maxMAtk" : 105,
         "maxMDef" : 48,
         "maxMP" : 0,
         "maxPAtk" : 105,
         "maxPDef" : 48,
         "maxTao" : 105,
         "minMAtk" : 55,
         "minMDef" : 32,
         "minPAtk" : 55,
         "minPDef" : 32,
         "minTao" : 55,
         "perHP" : 0,
         "perMP" : 0
      },
      "property" : {
         "fightValue" : 1001,
         "iconId" : "ride_2",
         "maxExp" : 114000,
         "modelId" : 5001,
         "name" : "黑风",
         "rideMedicineMaxConsume" : 6,
         "rideNextRefId" : "ride_7",
         "ridePreRefId" : "ride_5",
         "stageLevel" : 2,
         "startLevel" : 1
      },
      "refId" : "ride_6",
      "tmpEffectData" : {
         "moveSpeedPer" : 60
      }
   },
   "ride_7" : {
      "effectData" : {
         "MDodgePer" : 0,
         "MImmunityPer" : 0,
         "PDodgePer" : 0,
         "PImmunityPer" : 0,
         "atkSpeedPer" : 0,
         "crit" : 0,
         "critInjure" : 0,
         "dodge" : 3,
         "fortune" : 0,
         "hit" : 3,
         "ignoreMDef" : 0,
         "ignorePDef" : 0,
         "maxHP" : 0,
         "maxMAtk" : 128,
         "maxMDef" : 54,
         "maxMP" : 0,
         "maxPAtk" : 128,
         "maxPDef" : 54,
         "maxTao" : 128,
         "minMAtk" : 62,
         "minMDef" : 36,
         "minPAtk" : 62,
         "minPDef" : 36,
         "minTao" : 62,
         "perHP" : 0,
         "perMP" : 0
      },
      "property" : {
         "fightValue" : 1139,
         "iconId" : "ride_2",
         "maxExp" : 166000,
         "modelId" : 5001,
         "name" : "黑风",
         "rideMedicineMaxConsume" : 6,
         "rideNextRefId" : "ride_8",
         "ridePreRefId" : "ride_6",
         "stageLevel" : 2,
         "startLevel" : 2
      },
      "refId" : "ride_7",
      "tmpEffectData" : {
         "moveSpeedPer" : 60
      }
   },
   "ride_8" : {
      "effectData" : {
         "MDodgePer" : 0,
         "MImmunityPer" : 0,
         "PDodgePer" : 0,
         "PImmunityPer" : 0,
         "atkSpeedPer" : 0,
         "crit" : 0,
         "critInjure" : 0,
         "dodge" : 3,
         "fortune" : 0,
         "hit" : 3,
         "ignoreMDef" : 0,
         "ignorePDef" : 0,
         "maxHP" : 0,
         "maxMAtk" : 154,
         "maxMDef" : 61,
         "maxMP" : 0,
         "maxPAtk" : 154,
         "maxPDef" : 61,
         "maxTao" : 154,
         "minMAtk" : 71,
         "minMDef" : 40,
         "minPAtk" : 71,
         "minPDef" : 40,
         "minTao" : 71,
         "perHP" : 0,
         "perMP" : 0
      },
      "property" : {
         "fightValue" : 1297,
         "iconId" : "ride_2",
         "maxExp" : 231000,
         "modelId" : 5001,
         "name" : "黑风",
         "rideMedicineMaxConsume" : 6,
         "rideNextRefId" : "ride_9",
         "ridePreRefId" : "ride_7",
         "stageLevel" : 2,
         "startLevel" : 3
      },
      "refId" : "ride_8",
      "tmpEffectData" : {
         "moveSpeedPer" : 60
      }
   },
   "ride_9" : {
      "effectData" : {
         "MDodgePer" : 0,
         "MImmunityPer" : 0,
         "PDodgePer" : 0,
         "PImmunityPer" : 0,
         "atkSpeedPer" : 0,
         "crit" : 0,
         "critInjure" : 0,
         "dodge" : 4,
         "fortune" : 0,
         "hit" : 4,
         "ignoreMDef" : 0,
         "ignorePDef" : 0,
         "maxHP" : 0,
         "maxMAtk" : 188,
         "maxMDef" : 73,
         "maxMP" : 0,
         "maxPAtk" : 188,
         "maxPDef" : 73,
         "maxTao" : 188,
         "minMAtk" : 86,
         "minMDef" : 45,
         "minPAtk" : 86,
         "minPDef" : 45,
         "minTao" : 86,
         "perHP" : 0,
         "perMP" : 0
      },
      "property" : {
         "fightValue" : 1593,
         "iconId" : "ride_3",
         "maxExp" : 466000,
         "modelId" : 5002,
         "name" : "霜牙",
         "rideMedicineMaxConsume" : 9,
         "rideNextRefId" : "ride_10",
         "ridePreRefId" : "ride_8",
         "stageLevel" : 3,
         "startLevel" : 0
      },
      "refId" : "ride_9",
      "tmpEffectData" : {
         "moveSpeedPer" : 70
      }
   }
}

